DivClass,ButtonId,ButtonLabel,URL,URLThumbnailPicture,OnClickFunction,OnClickFunctionPlayListVideoListButtonId,OnClickFunctionVideoListFolderName,OnClickFunctionVideoListFileName,OnClickFunctionVideoListMusicVideoLinerNotesButtonE1a3b,OnClickFunctionVideoListMusicVideoLinerNotesButtonE1a3c,OnClickFunctionVideoListMusicVideoLinerNotesButtonE1a3d,OnClickFunctionVideoListMusicVideoLinerNotesButtonE1a3e,OnClickFunctionVideoListMusicVideoLinerNotesButtonE1a3f,OnClickFunctionVideoListMusicVideoLinerNotesButtonE1a3g,OnClickFunctionVideoListMusicVideoLinerNotesButtonE1a3h,OnClickFunctionVideoListMusicVideoLinerNotesButtonE1a3i,OnClickFunctionVideoListMusicVideoLinerNotesButtonE1a3j,OnClickFunctionVideoListMusicVideoLinerNotesButtonE1a3k
Section-D1a2-PlayList,PlayListButton-AA,"AA. Nu-World, eclectic elation",,,ClickedPlayListButton,PlayListButton-AA,Section-D1a5-VideoList-AA,,,,,,,,,,,
Section-D1a2-PlayList,PlayListButton-AB,"AB. Nu-R&BSoul, funky floatation",,,ClickedPlayListButton,PlayListButton-AB,Section-D1a5-VideoList-AB,,,,,,,,,,,
Section-D1a2-PlayList,PlayListButton-AC,"AC. Nu-R&BSoul, funky floatation",,,ClickedPlayListButton,PlayListButton-AC,Section-D1a5-VideoList-AC,,,,,,,,,,,
Section-D1a2-PlayList,PlayListButton-AD,"AD. Nu-R&BSoul, funky floatation",,,ClickedPlayListButton,PlayListButton-AD,Section-D1a5-VideoList-AD,,,,,,,,,,,
Section-D1a2-PlayList,PlayListButton-AE,"AE. Nu-R&BSoul, funky floatation",,,ClickedPlayListButton,PlayListButton-AE,Section-D1a5-VideoList-AE,,,,,,,,,,,
Section-D1a2-PlayList,PlayListButton-AF,"AF. ??????, ?????? ??????",,,ClickedPlayListButton,PlayListButton-AF,Section-D1a5-VideoList-AF,,,,,,,,,,,
Section-D1a2-PlayList,PlayListButton-AG,"AG. Nu-R&BSoul, soulful relaxation",,,ClickedPlayListButton,PlayListButton-AG,Section-D1a5-VideoList-AG,,,,,,,,,,,
Section-D1a2-PlayList,PlayListButton-AH,"AH. Nu-Disco, dancing exhilaration",,,ClickedPlayListButton,PlayListButton-AH,Section-D1a5-VideoList-AH,,,,,,,,,,,
Section-D1a2-PlayList,PlayListButton-AI,"AI. Nu-Disco, dancing exhilaration",,,ClickedPlayListButton,PlayListButton-AI,Section-D1a5-VideoList-AI,,,,,,,,,,,
Section-D1a2-PlayList,PlayListButton-AJ,"AJ. Nu-Lounge, chilling meditation",,,ClickedPlayListButton,PlayListButton-AJ,Section-D1a5-VideoList-AJ,,,,,,,,,,,
Section-D1a2-PlayList,PlayListButton-AK,"AK. R&BSoul, divine harmonization",,,ClickedPlayListButton,PlayListButton-AK,Section-D1a5-VideoList-AK,,,,,,,,,,,
Section-D1a2-PlayList,PlayListButton-AL,"AL. R&BSoul, rhytmic inspiration",,,ClickedPlayListButton,PlayListButton-AL,Section-D1a5-VideoList-AL,,,,,,,,,,,
Section-D1a2-PlayList,PlayListButton-AM,"AM. Pop, melodic exaltation",,,ClickedPlayListButton,PlayListButton-AM,Section-D1a5-VideoList-AM,,,,,,,,,,,
Section-D1a2-PlayList,PlayListButton-AN,"AN. Rock, superb orchestration",,,ClickedPlayListButton,PlayListButton-AN,Section-D1a5-VideoList-AN,,,,,,,,,,,
Section-D1a2-PlayList,PlayListButton-AO,"AO. Rock, classic eternization",,,ClickedPlayListButton,PlayListButton-AO,Section-D1a5-VideoList-AO,,,,,,,,,,,
Section-D1a2-PlayList,PlayListButton-AP,"AP. Rock, classic eternization",,,ClickedPlayListButton,PlayListButton-AP,Section-D1a5-VideoList-AP,,,,,,,,,,,
Section-D1a2-PlayList,PlayListButton-AQ,"AQ. Rock, vocal captivation",,,ClickedPlayListButton,PlayListButton-AQ,Section-D1a5-VideoList-AQ,,,,,,,,,,,
Section-D1a2-PlayList,PlayListButton-AR,"AR. SmoothJazz, spiritful elevation",,,ClickedPlayListButton,PlayListButton-AR,Section-D1a5-VideoList-AR,,,,,,,,,,,
Section-D1a2-PlayList,PlayListButton-AS,"AS. SmoothJazz, spiritful elevation",,,ClickedPlayListButton,PlayListButton-AS,Section-D1a5-VideoList-AS,,,,,,,,,,,
Section-D1a2-PlayList,PlayListButton-AT,"AT. ClassicJazz, ultimate gratification",,,ClickedPlayListButton,PlayListButton-AT,Section-D1a5-VideoList-AT,,,,,,,,,,,
Section-D1a2-PlayList,PlayListButton-AU,"AU. Soundtrack, moodful perfection",,,ClickedPlayListButton,PlayListButton-AU,Section-D1a5-VideoList-AU,,,,,,,,,,,
Section-D1a2-PlayList,PlayListButton-AV,"AV. Soundtrack, moodful perfection",,,ClickedPlayListButton,PlayListButton-AV,Section-D1a5-VideoList-AV,,,,,,,,,,,
Section-D1a2-PlayList,PlayListButton-AW,"AW. Soundtrack, hypnotic visualization",,,ClickedPlayListButton,PlayListButton-AW,Section-D1a5-VideoList-AW,,,,,,,,,,,
Section-D1a2-PlayList,PlayListButton-AX,"AX. Soundtrack, mindful revolution",,,ClickedPlayListButton,PlayListButton-AX,Section-D1a5-VideoList-AX,,,,,,,,,,,
Section-D1a2-PlayList,PlayListButton-AY,"AY. Dance, disco inferno 70",,,ClickedPlayListButton,PlayListButton-AY,Section-D1a5-VideoList-AY,,,,,,,,,,,
Section-D1a2-PlayList,PlayListButton-AZ,"AZ. Dance, new wave 80",,,ClickedPlayListButton,PlayListButton-AZ,Section-D1a5-VideoList-AZ,,,,,,,,,,,
Section-D1a2-PlayList,PlayListButton-BA,"BA. Nu-Persi, timely modernization",,,ClickedPlayListButton,PlayListButton-BA,Section-D1a5-VideoList-BA,,,,,,,,,,,
Section-D1a2-PlayList,PlayListButton-BB,"BB. Armo, soulful enduration",,,ClickedPlayListButton,PlayListButton-BB,Section-D1a5-VideoList-BB,,,,,,,,,,,
Section-D1a2-PlayList,PlayListButton-BC,"BC. Armo, soulful enduration",,,ClickedPlayListButton,PlayListButton-BC,Section-D1a5-VideoList-BC,,,,,,,,,,,
Section-D1a2-PlayList,PlayListButton-BD,"BD. Armo, transitional evolution",,,ClickedPlayListButton,PlayListButton-BD,Section-D1a5-VideoList-BD,,,,,,,,,,,
Section-D1a2-PlayList,PlayListButton-BE,"BE. Armo, timely transformation",,,ClickedPlayListButton,PlayListButton-BE,Section-D1a5-VideoList-BE,,,,,,,,,,,
Section-D1a2-PlayList,PlayListButton-BF,"BF. Nu-Armo, essential rejuvenation",,,ClickedPlayListButton,PlayListButton-BF,Section-D1a5-VideoList-BF,,,,,,,,,,,
Section-D1a2-PlayList,PlayListButton-BG,"BG. Nu-Armo, essential rejuvenation",,,ClickedPlayListButton,PlayListButton-BG,Section-D1a5-VideoList-BG,,,,,,,,,,,
Section-D1a2-PlayList,PlayListButton-BH,"BH. Nu-Armo, essential rejuvenation",,,ClickedPlayListButton,PlayListButton-BH,Section-D1a5-VideoList-BH,,,,,,,,,,,
Section-D1a2-PlayList,PlayListButton-BI,"BI. Nu-Armo, essential rejuvenation",,,ClickedPlayListButton,PlayListButton-BI,Section-D1a5-VideoList-BI,,,,,,,,,,,
Section-D1a2-PlayList,PlayListButton-BJ,"BJ. Nu-Armo, essential rejuvenation",,,ClickedPlayListButton,PlayListButton-BJ,Section-D1a5-VideoList-BJ,,,,,,,,,,,
Section-D1a2-PlayList,PlayListButton-BK,"BK. Nu-Armo, essential rejuvenation",,,ClickedPlayListButton,PlayListButton-BK,Section-D1a5-VideoList-BK,,,,,,,,,,,
Section-D1a2-PlayList,PlayListButton-BL,"BL. Nu-Armo, essential rejuvenation",,,ClickedPlayListButton,PlayListButton-BL,Section-D1a5-VideoList-BL,,,,,,,,,,,
Section-D1a2-PlayList,PlayListButton-BM,"BM. Nu-Armo, essential rejuvenation",,,ClickedPlayListButton,PlayListButton-BM,Section-D1a5-VideoList-BM,,,,,,,,,,,
Section-D1a2-PlayList,PlayListButton-BN,"BN. Nu-Armo, essential rejuvenation",,,ClickedPlayListButton,PlayListButton-BN,Section-D1a5-VideoList-BN,,,,,,,,,,,
Section-D1a2-PlayList,PlayListButton-BO,"BO. ??????, ?????? ??????",,,ClickedPlayListButton,PlayListButton-BO,Section-D1a5-VideoList-BO,,,,,,,,,,,
Section-D1a2-PlayList,PlayListButton-BP,"BP. ??????, ?????? ??????",,,ClickedPlayListButton,PlayListButton-BP,Section-D1a5-VideoList-BP,,,,,,,,,,,
Section-D1a2-PlayList,PlayListButton-BQ,"BQ. ??????, ?????? ??????",,,ClickedPlayListButton,PlayListButton-BQ,Section-D1a5-VideoList-BQ,,,,,,,,,,,
Section-D1a2-PlayList,PlayListButton-BR,"BR. ??????, ?????? ??????",,,ClickedPlayListButton,PlayListButton-BR,Section-D1a5-VideoList-BR,,,,,,,,,,,
Section-D1a2-PlayList,PlayListButton-BS,"BS. ??????, ?????? ??????",,,ClickedPlayListButton,PlayListButton-BS,Section-D1a5-VideoList-BS,,,,,,,,,,,
Section-D1a2-PlayList,PlayListButton-BT,"BT. ??????, ?????? ??????",,,ClickedPlayListButton,PlayListButton-BT,Section-D1a5-VideoList-BT,,,,,,,,,,,
Section-D1a2-PlayList,PlayListButton-BU,"BU. ??????, ?????? ??????",,,ClickedPlayListButton,PlayListButton-BU,Section-D1a5-VideoList-BU,,,,,,,,,,,
Section-D1a2-PlayList,PlayListButton-BV,"BV. ??????, ?????? ??????",,,ClickedPlayListButton,PlayListButton-BV,Section-D1a5-VideoList-BV,,,,,,,,,,,
Section-D1a2-PlayList,PlayListButton-BW,"BW. ??????, ?????? ??????",,,ClickedPlayListButton,PlayListButton-BW,Section-D1a5-VideoList-BW,,,,,,,,,,,
Section-D1a2-PlayList,PlayListButton-BX,"BX. ??????, ?????? ??????",,,ClickedPlayListButton,PlayListButton-BX,Section-D1a5-VideoList-BX,,,,,,,,,,,
Section-D1a2-PlayList,PlayListButton-BY,"BY. ??????, ?????? ??????",,,ClickedPlayListButton,PlayListButton-BY,Section-D1a5-VideoList-BY,,,,,,,,,,,
Section-D1a2-PlayList,PlayListButton-BZ,"BZ. Various, fun-full fun-ation",,,ClickedPlayListButton,PlayListButton-BZ,Section-D1a5-VideoList-BZ,,,,,,,,,,,
Section-D1a2-PlayList,PlayListButton-ZZ,"ZZ. ??????, ?????? ??????",,,ClickedPlayListButton,PlayListButton-ZZ,Section-D1a5-VideoList-ZZ,,,,,,,,,,,
Section-D1a5-VideoList-AA,PlayListButton-AA-VideoListButton-01,01. Marie Flore - Mal Barré,https://www.youtube.com/watch?v=oLGxDDk-Mks,https://img.youtube.com/vi/oLGxDDk-Mks/maxresdefault.jpg,ClickedVideoListButton,PlayListButton-AA-VideoListButton-01,Section-D1a5-VideoList-AA,01. ??????,AA.01.,AA.01.,AA.01.,AA.01.,AA.01.,AA.01.,AA.01.,AA.01.,AA.01.,AA.01.
Section-D1a5-VideoList-AA,PlayListButton-AA-VideoListButton-02,02. Marie Flore - Mieux en Mieux,https://www.youtube.com/watch?v=jIKQFvCxIUQ,https://img.youtube.com/vi/jIKQFvCxIUQ/maxresdefault.jpg,ClickedVideoListButton,PlayListButton-AA-VideoListButton-02,Section-D1a5-VideoList-AA,02. ??????,AA.02.,AA.02.,AA.02.,AA.02.,AA.02.,AA.02.,AA.02.,AA.02.,AA.02.,AA.02.
Section-D1a5-VideoList-AA,PlayListButton-AA-VideoListButton-03,03. Marie Flore - Tout fait pour,https://www.youtube.com/watch?v=w2nf5v8e30M,https://img.youtube.com/vi/w2nf5v8e30M/maxresdefault.jpg,ClickedVideoListButton,PlayListButton-AA-VideoListButton-03,Section-D1a5-VideoList-AA,03. ??????,AA.03.,AA.03.,AA.03.,AA.03.,AA.03.,AA.03.,AA.03.,AA.03.,AA.03.,AA.03.
Section-D1a5-VideoList-AA,PlayListButton-AA-VideoListButton-04,04. Kraak & Smaak - Don't Want This To Be Over (feat. Satchmode),https://www.youtube.com/watch?v=1epBj6dQFA0,https://img.youtube.com/vi/1epBj6dQFA0/maxresdefault.jpg,ClickedVideoListButton,PlayListButton-AA-VideoListButton-04,Section-D1a5-VideoList-AA,04. ??????,AA.04.,AA.04.,AA.04.,AA.04.,AA.04.,AA.04.,AA.04.,AA.04.,AA.04.,AA.04.
Section-D1a5-VideoList-AA,PlayListButton-AA-VideoListButton-05,05. Emilíana Torrini - Let's Keep Dancing,https://www.youtube.com/watch?v=D5J3GtLUSA8,https://img.youtube.com/vi/D5J3GtLUSA8/maxresdefault.jpg,ClickedVideoListButton,PlayListButton-AA-VideoListButton-05,Section-D1a5-VideoList-AA,05. ??????,AA.05.,AA.05.,AA.05.,AA.05.,AA.05.,AA.05.,AA.05.,AA.05.,AA.05.,AA.05.
Section-D1a5-VideoList-AA,PlayListButton-AA-VideoListButton-06,06. Claire Laffut - Nudes (feat. Yseult),https://www.youtube.com/watch?v=5ePpP5SJnGk,https://img.youtube.com/vi/5ePpP5SJnGk/maxresdefault.jpg,ClickedVideoListButton,PlayListButton-AA-VideoListButton-06,Section-D1a5-VideoList-AA,06. ??????,AA.06.,AA.06.,AA.06.,AA.06.,AA.06.,AA.06.,AA.06.,AA.06.,AA.06.,AA.06.
Section-D1a5-VideoList-AA,PlayListButton-AA-VideoListButton-07,07. Claire Laffut - Vérité,https://www.youtube.com/watch?v=tQ3HWIsZXPM,https://img.youtube.com/vi/tQ3HWIsZXPM/maxresdefault.jpg,ClickedVideoListButton,PlayListButton-AA-VideoListButton-07,Section-D1a5-VideoList-AA,07. ??????,AA.07.,AA.07.,AA.07.,AA.07.,AA.07.,AA.07.,AA.07.,AA.07.,AA.07.,AA.07.
Section-D1a5-VideoList-AA,PlayListButton-AA-VideoListButton-08,08. Lewis OfMan - Siesta Freestyle (feat. Alicia Te Quiero),https://www.youtube.com/watch?v=MLZj56EZzBc,https://img.youtube.com/vi/MLZj56EZzBc/maxresdefault.jpg,ClickedVideoListButton,PlayListButton-AA-VideoListButton-08,Section-D1a5-VideoList-AA,08. ??????,AA.08.,AA.08.,AA.08.,AA.08.,AA.08.,AA.08.,AA.08.,AA.08.,AA.08.,AA.08.
Section-D1a5-VideoList-AA,PlayListButton-AA-VideoListButton-09,09. Lewis OfMan - Plein De Bisous (feat. Milena Leblanc),https://www.youtube.com/watch?v=xGCJViX_tKc,https://img.youtube.com/vi/xGCJViX_tKc/maxresdefault.jpg,ClickedVideoListButton,PlayListButton-AA-VideoListButton-09,Section-D1a5-VideoList-AA,09. ??????,AA.09.,AA.09.,AA.09.,AA.09.,AA.09.,AA.09.,AA.09.,AA.09.,AA.09.,AA.09.
Section-D1a5-VideoList-AA,PlayListButton-AA-VideoListButton-10,10. Lewis OfMan - Las Bañistas,https://www.youtube.com/watch?v=wsl0_hN_twE,https://img.youtube.com/vi/wsl0_hN_twE/maxresdefault.jpg,ClickedVideoListButton,PlayListButton-AA-VideoListButton-10,Section-D1a5-VideoList-AA,10. ??????,AA.10.,AA.10.,AA.10.,AA.10.,AA.10.,AA.10.,AA.10.,AA.10.,AA.10.,AA.10.
Section-D1a5-VideoList-AA,PlayListButton-AA-VideoListButton-11,11. POLO & PAN - Canopée,https://www.youtube.com/watch?v=_om0W6xzQd8,https://img.youtube.com/vi/_om0W6xzQd8/maxresdefault.jpg,ClickedVideoListButton,PlayListButton-AA-VideoListButton-11,Section-D1a5-VideoList-AA,11. ??????,AA.11.,AA.11.,AA.11.,AA.11.,AA.11.,AA.11.,AA.11.,AA.11.,AA.11.,AA.11.
Section-D1a5-VideoList-AA,PlayListButton-AA-VideoListButton-12,12. Polo & Pan - Petite Etoile (feat. Beth Ditto),https://www.youtube.com/watch?v=6ACTrTqnSHU,https://img.youtube.com/vi/6ACTrTqnSHU/maxresdefault.jpg,ClickedVideoListButton,PlayListButton-AA-VideoListButton-12,Section-D1a5-VideoList-AA,12. ??????,AA.12.,AA.12.,AA.12.,AA.12.,AA.12.,AA.12.,AA.12.,AA.12.,AA.12.,AA.12.
Section-D1a5-VideoList-AA,PlayListButton-AA-VideoListButton-13,13. Oracle Sisters - Marseille,https://www.youtube.com/watch?v=zhfdat1BBF0,https://img.youtube.com/vi/zhfdat1BBF0/maxresdefault.jpg,ClickedVideoListButton,PlayListButton-AA-VideoListButton-13,Section-D1a5-VideoList-AA,13. ??????,AA.13.,AA.13.,AA.13.,AA.13.,AA.13.,AA.13.,AA.13.,AA.13.,AA.13.,AA.13.
Section-D1a5-VideoList-AA,PlayListButton-AA-VideoListButton-14,14. Laurie Darmon - Laisse-moi t'aimer,https://www.youtube.com/watch?v=GKTV6-9ONzE,https://img.youtube.com/vi/GKTV6-9ONzE/maxresdefault.jpg,ClickedVideoListButton,PlayListButton-AA-VideoListButton-14,Section-D1a5-VideoList-AA,14. ??????,AA.14.,AA.14.,AA.14.,AA.14.,AA.14.,AA.14.,AA.14.,AA.14.,AA.14.,AA.14.
Section-D1a5-VideoList-AA,PlayListButton-AA-VideoListButton-15,15. Bon Entendeur - Basta Cazzate,https://www.youtube.com/watch?v=6vQR0zPCSDY,https://img.youtube.com/vi/6vQR0zPCSDY/maxresdefault.jpg,ClickedVideoListButton,PlayListButton-AA-VideoListButton-15,Section-D1a5-VideoList-AA,15. ??????,AA.15.,AA.15.,AA.15.,AA.15.,AA.15.,AA.15.,AA.15.,AA.15.,AA.15.,AA.15.
Section-D1a5-VideoList-AA,PlayListButton-AA-VideoListButton-16,16. L'Impératrice - Voodoo?,https://www.youtube.com/watch?v=R7-v1slmarM,https://img.youtube.com/vi/R7-v1slmarM/maxresdefault.jpg,ClickedVideoListButton,PlayListButton-AA-VideoListButton-16,Section-D1a5-VideoList-AA,16. ??????,AA.16.,AA.16.,AA.16.,AA.16.,AA.16.,AA.16.,AA.16.,AA.16.,AA.16.,AA.16.
Section-D1a5-VideoList-AA,PlayListButton-AA-VideoListButton-17,17. Zaz - Qué Vendrá,https://www.youtube.com/watch?v=6THHrPyZQuQ,https://img.youtube.com/vi/6THHrPyZQuQ/maxresdefault.jpg,ClickedVideoListButton,PlayListButton-AA-VideoListButton-17,Section-D1a5-VideoList-AA,17. ??????,AA.17.,AA.17.,AA.17.,AA.17.,AA.17.,AA.17.,AA.17.,AA.17.,AA.17.,AA.17.
Section-D1a5-VideoList-AA,PlayListButton-AA-VideoListButton-18,18. Paradis - Toi Et Moi,https://www.youtube.com/watch?v=5H4ekRWiW6U,https://img.youtube.com/vi/5H4ekRWiW6U/maxresdefault.jpg,ClickedVideoListButton,PlayListButton-AA-VideoListButton-18,Section-D1a5-VideoList-AA,18. ??????,AA.18.,AA.18.,AA.18.,AA.18.,AA.18.,AA.18.,AA.18.,AA.18.,AA.18.,AA.18.
Section-D1a5-VideoList-AA,PlayListButton-AA-VideoListButton-19,19. YEÐ˜DRY - Mascarade (Feat. Lous and The Yakuza),https://www.youtube.com/watch?v=GXcO8U_uYmU,https://img.youtube.com/vi/GXcO8U_uYmU/maxresdefault.jpg,ClickedVideoListButton,PlayListButton-AA-VideoListButton-19,Section-D1a5-VideoList-AA,19. ??????,AA.19.,AA.19.,AA.19.,AA.19.,AA.19.,AA.19.,AA.19.,AA.19.,AA.19.,AA.19.
Section-D1a5-VideoList-AA,PlayListButton-AA-VideoListButton-20,20. Oscar Anton - ophelie,https://www.youtube.com/watch?v=A7gJiNFfdn4,https://img.youtube.com/vi/A7gJiNFfdn4/maxresdefault.jpg,ClickedVideoListButton,PlayListButton-AA-VideoListButton-20,Section-D1a5-VideoList-AA,20. ??????,AA.20.,AA.20.,AA.20.,AA.20.,AA.20.,AA.20.,AA.20.,AA.20.,AA.20.,AA.20.
Section-D1a5-VideoList-AA,PlayListButton-AA-VideoListButton-21,21. Oscar Anton - homesick (feat. Dani Di Costas),https://www.youtube.com/watch?v=3ctT-oklEas,https://img.youtube.com/vi/3ctT-oklEas/maxresdefault.jpg,ClickedVideoListButton,PlayListButton-AA-VideoListButton-21,Section-D1a5-VideoList-AA,21. ??????,AA.21.,AA.21.,AA.21.,AA.21.,AA.21.,AA.21.,AA.21.,AA.21.,AA.21.,AA.21.
Section-D1a5-VideoList-AA,PlayListButton-AA-VideoListButton-22,22. Oscar Anton & Garrett Nash - blueberry stains,https://www.youtube.com/watch?v=XJr_a2S-IFg,https://img.youtube.com/vi/XJr_a2S-IFg/maxresdefault.jpg,ClickedVideoListButton,PlayListButton-AA-VideoListButton-22,Section-D1a5-VideoList-AA,22. ??????,AA.22.,AA.22.,AA.22.,AA.22.,AA.22.,AA.22.,AA.22.,AA.22.,AA.22.,AA.22.
Section-D1a5-VideoList-AA,PlayListButton-AA-VideoListButton-23,23. Oscar Anton - cheerios (feat. V V),https://www.youtube.com/watch?v=-vOAb2ipD3g,https://img.youtube.com/vi/-vOAb2ipD3g/maxresdefault.jpg,ClickedVideoListButton,PlayListButton-AA-VideoListButton-23,Section-D1a5-VideoList-AA,23. ??????,AA.23.,AA.23.,AA.23.,AA.23.,AA.23.,AA.23.,AA.23.,AA.23.,AA.23.,AA.23.
Section-D1a5-VideoList-AA,PlayListButton-AA-VideoListButton-24,24. Oscar Anton - halfpastnine,https://www.youtube.com/watch?v=OzeWW7dSiFY,https://img.youtube.com/vi/OzeWW7dSiFY/maxresdefault.jpg,ClickedVideoListButton,PlayListButton-AA-VideoListButton-24,Section-D1a5-VideoList-AA,24. ??????,AA.24.,AA.24.,AA.24.,AA.24.,AA.24.,AA.24.,AA.24.,AA.24.,AA.24.,AA.24.
Section-D1a5-VideoList-AA,PlayListButton-AA-VideoListButton-25,25. Oscar Anton - Monde Nouveau,https://www.youtube.com/watch?v=GM3A-qt17uM,https://img.youtube.com/vi/GM3A-qt17uM/maxresdefault.jpg,ClickedVideoListButton,PlayListButton-AA-VideoListButton-25,Section-D1a5-VideoList-AA,25. ??????,AA.25.,AA.25.,AA.25.,AA.25.,AA.25.,AA.25.,AA.25.,AA.25.,AA.25.,AA.25.
Section-D1a5-VideoList-AA,PlayListButton-AA-VideoListButton-26,26. Oscar Anton & Clementine - minuit,https://www.youtube.com/watch?v=6DWqUDkeLE8,https://img.youtube.com/vi/6DWqUDkeLE8/maxresdefault.jpg,ClickedVideoListButton,PlayListButton-AA-VideoListButton-26,Section-D1a5-VideoList-AA,26. ??????,AA.26.,AA.26.,AA.26.,AA.26.,AA.26.,AA.26.,AA.26.,AA.26.,AA.26.,AA.26.
Section-D1a5-VideoList-AA,PlayListButton-AA-VideoListButton-27,27. Oscar Anton - play and rewind,https://www.youtube.com/watch?v=W3Raef9CcNg,https://img.youtube.com/vi/W3Raef9CcNg/maxresdefault.jpg,ClickedVideoListButton,PlayListButton-AA-VideoListButton-27,Section-D1a5-VideoList-AA,27. ??????,AA.27.,AA.27.,AA.27.,AA.27.,AA.27.,AA.27.,AA.27.,AA.27.,AA.27.,AA.27.
Section-D1a5-VideoList-AA,PlayListButton-AA-VideoListButton-28,28. Oscar Anton - bye bye,https://www.youtube.com/watch?v=xILHlYadgoY,https://img.youtube.com/vi/xILHlYadgoY/maxresdefault.jpg,ClickedVideoListButton,PlayListButton-AA-VideoListButton-28,Section-D1a5-VideoList-AA,28. ??????,AA.28.,AA.28.,AA.28.,AA.28.,AA.28.,AA.28.,AA.28.,AA.28.,AA.28.,AA.28.
Section-D1a5-VideoList-AA,PlayListButton-AA-VideoListButton-29,29. Oscar Anton - si rose (feat. Voyou‬),https://www.youtube.com/watch?v=otQxcGdxWkU,https://img.youtube.com/vi/otQxcGdxWkU/maxresdefault.jpg,ClickedVideoListButton,PlayListButton-AA-VideoListButton-29,Section-D1a5-VideoList-AA,29. ??????,AA.29.,AA.29.,AA.29.,AA.29.,AA.29.,AA.29.,AA.29.,AA.29.,AA.29.,AA.29.
Section-D1a5-VideoList-AA,PlayListButton-AA-VideoListButton-30,30. Oscar Anton - nuits d'été (feat. Clementine),https://www.youtube.com/watch?v=B3JcHWCA-VA,https://img.youtube.com/vi/B3JcHWCA-VA/maxresdefault.jpg,ClickedVideoListButton,PlayListButton-AA-VideoListButton-30,Section-D1a5-VideoList-AA,30. ??????,AA.30.,AA.30.,AA.30.,AA.30.,AA.30.,AA.30.,AA.30.,AA.30.,AA.30.,AA.30.
Section-D1a5-VideoList-AA,PlayListButton-AA-VideoListButton-31,31. The South Hill Experiment - Gabo's Last Resort,https://www.youtube.com/watch?v=K90EJBU3kwc,https://img.youtube.com/vi/K90EJBU3kwc/maxresdefault.jpg,ClickedVideoListButton,PlayListButton-AA-VideoListButton-31,Section-D1a5-VideoList-AA,31. ??????,AA.31.,AA.31.,AA.31.,AA.31.,AA.31.,AA.31.,AA.31.,AA.31.,AA.31.,AA.31.
Section-D1a5-VideoList-AA,PlayListButton-AA-VideoListButton-32,32. Kraak & Smaak - Naked (feat. Ivar & Berenice van Leer),https://www.youtube.com/watch?v=7DSSjnL1Xi8,https://img.youtube.com/vi/7DSSjnL1Xi8/maxresdefault.jpg,ClickedVideoListButton,PlayListButton-AA-VideoListButton-32,Section-D1a5-VideoList-AA,32. ??????,AA.32.,AA.32.,AA.32.,AA.32.,AA.32.,AA.32.,AA.32.,AA.32.,AA.32.,AA.32.
Section-D1a5-VideoList-AA,PlayListButton-AA-VideoListButton-33,33. Sienna Spiro - Material Lover,https://www.youtube.com/watch?v=EZOiy1-cnxM,https://img.youtube.com/vi/EZOiy1-cnxM/maxresdefault.jpg,ClickedVideoListButton,PlayListButton-AA-VideoListButton-33,Section-D1a5-VideoList-AA,33. ??????,AA.33.,AA.33.,AA.33.,AA.33.,AA.33.,AA.33.,AA.33.,AA.33.,AA.33.,AA.33.
Section-D1a5-VideoList-AA,PlayListButton-AA-VideoListButton-34,34. VANOTEK - Back to Me (feat. ENELI),https://www.youtube.com/watch?v=8jLdLJQ-UmQ,https://img.youtube.com/vi/8jLdLJQ-UmQ/maxresdefault.jpg,ClickedVideoListButton,PlayListButton-AA-VideoListButton-34,Section-D1a5-VideoList-AA,34. ??????,AA.34.,AA.34.,AA.34.,AA.34.,AA.34.,AA.34.,AA.34.,AA.34.,AA.34.,AA.34.
Section-D1a5-VideoList-AA,PlayListButton-AA-VideoListButton-35,"35. Holy Brune - Joyride, Off the Ground, Comme Avant, Catching Feelings, Fair..",https://www.youtube.com/watch?v=f_Xj_ulw9LI,https://img.youtube.com/vi/f_Xj_ulw9LI/maxresdefault.jpg,ClickedVideoListButton,PlayListButton-AA-VideoListButton-35,Section-D1a5-VideoList-AA,35. ??????,AA.35.,AA.35.,AA.35.,AA.35.,AA.35.,AA.35.,AA.35.,AA.35.,AA.35.,AA.35.
Section-D1a5-VideoList-AB,PlayListButton-AB-VideoListButton-01,01. Steven Morningstar - Sommer Cooling,https://www.youtube.com/watch?v=zL_Mp973bTA,https://img.youtube.com/vi/zL_Mp973bTA/maxresdefault.jpg,ClickedVideoListButton,PlayListButton-AB-VideoListButton-01,Section-D1a5-VideoList-AB,01. ??????,AB.01.,AB.01.,AB.01.,AB.01.,AB.01.,AB.01.,AB.01.,AB.01.,AB.01.,AB.01.
Section-D1a5-VideoList-AB,PlayListButton-AB-VideoListButton-02,02. Steven Morningstar - Still at Home,https://www.youtube.com/watch?v=KwZTIYpuQWc,https://img.youtube.com/vi/KwZTIYpuQWc/maxresdefault.jpg,ClickedVideoListButton,PlayListButton-AB-VideoListButton-02,Section-D1a5-VideoList-AB,02. ??????,AB.02.,AB.02.,AB.02.,AB.02.,AB.02.,AB.02.,AB.02.,AB.02.,AB.02.,AB.02.
Section-D1a5-VideoList-AB,PlayListButton-AB-VideoListButton-03,03. Steven Morningstar - The Key Is Back,https://www.youtube.com/watch?v=2YvvyxXxNUo,https://img.youtube.com/vi/2YvvyxXxNUo/maxresdefault.jpg,ClickedVideoListButton,PlayListButton-AB-VideoListButton-03,Section-D1a5-VideoList-AB,03. ??????,AB.03.,AB.03.,AB.03.,AB.03.,AB.03.,AB.03.,AB.03.,AB.03.,AB.03.,AB.03.
Section-D1a5-VideoList-AB,PlayListButton-AB-VideoListButton-04,04. Steven Morningstar - Sunny day,https://www.youtube.com/watch?v=BWH6C7o9ARw,https://img.youtube.com/vi/BWH6C7o9ARw/maxresdefault.jpg,ClickedVideoListButton,PlayListButton-AB-VideoListButton-04,Section-D1a5-VideoList-AB,04. ??????,AB.04.,AB.04.,AB.04.,AB.04.,AB.04.,AB.04.,AB.04.,AB.04.,AB.04.,AB.04.
Section-D1a5-VideoList-AB,PlayListButton-AB-VideoListButton-05,05. Steven Morningstar - Move Slow Tonight,https://www.youtube.com/watch?v=pFcL4_scvJc,https://img.youtube.com/vi/pFcL4_scvJc/maxresdefault.jpg,ClickedVideoListButton,PlayListButton-AB-VideoListButton-05,Section-D1a5-VideoList-AB,05. ??????,AB.05.,AB.05.,AB.05.,AB.05.,AB.05.,AB.05.,AB.05.,AB.05.,AB.05.,AB.05.
Section-D1a5-VideoList-AB,PlayListButton-AB-VideoListButton-06,06. Steven Morningstar - Stay Tonight,https://www.youtube.com/watch?v=LI5d1K2Ar5M,https://img.youtube.com/vi/LI5d1K2Ar5M/maxresdefault.jpg,ClickedVideoListButton,PlayListButton-AB-VideoListButton-06,Section-D1a5-VideoList-AB,06. ??????,AB.06.,AB.06.,AB.06.,AB.06.,AB.06.,AB.06.,AB.06.,AB.06.,AB.06.,AB.06.
Section-D1a5-VideoList-AB,PlayListButton-AB-VideoListButton-07,07. Steven Morningstar - I Don’t Know Where You Are,https://www.youtube.com/watch?v=5_0iM6bR1Zg,https://img.youtube.com/vi/5_0iM6bR1Zg/maxresdefault.jpg,ClickedVideoListButton,PlayListButton-AB-VideoListButton-07,Section-D1a5-VideoList-AB,07. ??????,AB.07.,AB.07.,AB.07.,AB.07.,AB.07.,AB.07.,AB.07.,AB.07.,AB.07.,AB.07.
Section-D1a5-VideoList-AB,PlayListButton-AB-VideoListButton-08,08. Steven Morningstar - Tonight The World Is Ours,https://www.youtube.com/watch?v=p39KrZAJHsA,https://img.youtube.com/vi/p39KrZAJHsA/maxresdefault.jpg,ClickedVideoListButton,PlayListButton-AB-VideoListButton-08,Section-D1a5-VideoList-AB,08. ??????,AB.08.,AB.08.,AB.08.,AB.08.,AB.08.,AB.08.,AB.08.,AB.08.,AB.08.,AB.08.
Section-D1a5-VideoList-AB,PlayListButton-AB-VideoListButton-09,09. Steven Morningstar - Midnight Conversations,https://www.youtube.com/watch?v=7XSPZEwcydk,https://img.youtube.com/vi/7XSPZEwcydk/maxresdefault.jpg,ClickedVideoListButton,PlayListButton-AB-VideoListButton-09,Section-D1a5-VideoList-AB,09. ??????,AB.09.,AB.09.,AB.09.,AB.09.,AB.09.,AB.09.,AB.09.,AB.09.,AB.09.,AB.09.
Section-D1a5-VideoList-AB,PlayListButton-AB-VideoListButton-10,10. Steven Morningstar - Life Felt Honest,https://www.youtube.com/watch?v=jVB8YftE41E,https://img.youtube.com/vi/jVB8YftE41E/maxresdefault.jpg,ClickedVideoListButton,PlayListButton-AB-VideoListButton-10,Section-D1a5-VideoList-AB,10. ??????,AB.10.,AB.10.,AB.10.,AB.10.,AB.10.,AB.10.,AB.10.,AB.10.,AB.10.,AB.10.
Section-D1a5-VideoList-AB,PlayListButton-AB-VideoListButton-11,11. Steven Morningstar - Sweet Silence,https://www.youtube.com/watch?v=9qeCj2yXm3M,https://img.youtube.com/vi/9qeCj2yXm3M/maxresdefault.jpg,ClickedVideoListButton,PlayListButton-AB-VideoListButton-11,Section-D1a5-VideoList-AB,11. ??????,AB.11.,AB.11.,AB.11.,AB.11.,AB.11.,AB.11.,AB.11.,AB.11.,AB.11.,AB.11.
Section-D1a5-VideoList-AB,PlayListButton-AB-VideoListButton-12,12. Steven Morningstar - Lounge Story,https://www.youtube.com/watch?v=Pr9GAb3u-tE,https://img.youtube.com/vi/Pr9GAb3u-tE/maxresdefault.jpg,ClickedVideoListButton,PlayListButton-AB-VideoListButton-12,Section-D1a5-VideoList-AB,12. ??????,AB.12.,AB.12.,AB.12.,AB.12.,AB.12.,AB.12.,AB.12.,AB.12.,AB.12.,AB.12.
Section-D1a5-VideoList-AC,PlayListButton-AC-VideoListButton-01,01. Winta - First Move,https://www.youtube.com/watch?v=lZOlwm4xmJg,https://img.youtube.com/vi/lZOlwm4xmJg/maxresdefault.jpg,ClickedVideoListButton,PlayListButton-AC-VideoListButton-01,Section-D1a5-VideoList-AC,01. ??????,AC.01.,AC.01.,AC.01.,AC.01.,AC.01.,AC.01.,AC.01.,AC.01.,AC.01.,AC.01.
Section-D1a5-VideoList-AC,PlayListButton-AC-VideoListButton-02,02. Winta - Say You Love Me,https://www.youtube.com/watch?v=2ja1bFlqF8U,https://img.youtube.com/vi/2ja1bFlqF8U/maxresdefault.jpg,ClickedVideoListButton,PlayListButton-AC-VideoListButton-02,Section-D1a5-VideoList-AC,02. ??????,AC.02.,AC.02.,AC.02.,AC.02.,AC.02.,AC.02.,AC.02.,AC.02.,AC.02.,AC.02.
Section-D1a5-VideoList-AC,PlayListButton-AC-VideoListButton-03,03. Winta - I Know A Place,https://www.youtube.com/watch?v=u9b3ug_OF_8,https://img.youtube.com/vi/u9b3ug_OF_8/maxresdefault.jpg,ClickedVideoListButton,PlayListButton-AC-VideoListButton-03,Section-D1a5-VideoList-AC,03. ??????,AC.03.,AC.03.,AC.03.,AC.03.,AC.03.,AC.03.,AC.03.,AC.03.,AC.03.,AC.03.
Section-D1a5-VideoList-AC,PlayListButton-AC-VideoListButton-04,04. Winta - Side By Side,https://www.youtube.com/watch?v=2UbCkLGZKHE,https://img.youtube.com/vi/2UbCkLGZKHE/maxresdefault.jpg,ClickedVideoListButton,PlayListButton-AC-VideoListButton-04,Section-D1a5-VideoList-AC,04. ??????,AC.04.,AC.04.,AC.04.,AC.04.,AC.04.,AC.04.,AC.04.,AC.04.,AC.04.,AC.04.
Section-D1a5-VideoList-AC,PlayListButton-AC-VideoListButton-05,05. Winta - I Still Believe In Love,https://www.youtube.com/watch?v=IWdJXqaxBXE,https://img.youtube.com/vi/IWdJXqaxBXE/maxresdefault.jpg,ClickedVideoListButton,PlayListButton-AC-VideoListButton-05,Section-D1a5-VideoList-AC,05. ??????,AC.05.,AC.05.,AC.05.,AC.05.,AC.05.,AC.05.,AC.05.,AC.05.,AC.05.,AC.05.
Section-D1a5-VideoList-AC,PlayListButton-AC-VideoListButton-06,06. Liora Twani - True Love Is Enough,https://www.youtube.com/watch?v=Q9QKK6aXobE,https://img.youtube.com/vi/Q9QKK6aXobE/maxresdefault.jpg,ClickedVideoListButton,PlayListButton-AC-VideoListButton-06,Section-D1a5-VideoList-AC,06. ??????,AC.06.,AC.06.,AC.06.,AC.06.,AC.06.,AC.06.,AC.06.,AC.06.,AC.06.,AC.06.
Section-D1a5-VideoList-AC,PlayListButton-AC-VideoListButton-07,07. Liora Twani - Between The Lines,https://www.youtube.com/watch?v=RdYAb53A5Nw,https://img.youtube.com/vi/RdYAb53A5Nw/maxresdefault.jpg,ClickedVideoListButton,PlayListButton-AC-VideoListButton-07,Section-D1a5-VideoList-AC,07. ??????,AC.07.,AC.07.,AC.07.,AC.07.,AC.07.,AC.07.,AC.07.,AC.07.,AC.07.,AC.07.
Section-D1a5-VideoList-AC,PlayListButton-AC-VideoListButton-08,08. Liora Twani - Steps Of Love,https://www.youtube.com/watch?v=VdaU-uXT-Fk,https://img.youtube.com/vi/VdaU-uXT-Fk/maxresdefault.jpg,ClickedVideoListButton,PlayListButton-AC-VideoListButton-08,Section-D1a5-VideoList-AC,08. ??????,AC.08.,AC.08.,AC.08.,AC.08.,AC.08.,AC.08.,AC.08.,AC.08.,AC.08.,AC.08.
Section-D1a5-VideoList-AC,PlayListButton-AC-VideoListButton-09,09. Liora Twani - Sweet Surrender,https://www.youtube.com/watch?v=BoPSN1y1s0s,https://img.youtube.com/vi/BoPSN1y1s0s/maxresdefault.jpg,ClickedVideoListButton,PlayListButton-AC-VideoListButton-09,Section-D1a5-VideoList-AC,09. ??????,AC.09.,AC.09.,AC.09.,AC.09.,AC.09.,AC.09.,AC.09.,AC.09.,AC.09.,AC.09.
Section-D1a5-VideoList-AC,PlayListButton-AC-VideoListButton-10,10. Liora Twani - City Light,https://www.youtube.com/watch?v=RPL2CoRpRyc,https://img.youtube.com/vi/RPL2CoRpRyc/maxresdefault.jpg,ClickedVideoListButton,PlayListButton-AC-VideoListButton-10,Section-D1a5-VideoList-AC,10. ??????,AC.10.,AC.10.,AC.10.,AC.10.,AC.10.,AC.10.,AC.10.,AC.10.,AC.10.,AC.10.
Section-D1a5-VideoList-AC,PlayListButton-AC-VideoListButton-11,11. Liora Twani - Silent Distance,https://www.youtube.com/watch?v=zWUmDA1XiCg,https://img.youtube.com/vi/zWUmDA1XiCg/maxresdefault.jpg,ClickedVideoListButton,PlayListButton-AC-VideoListButton-11,Section-D1a5-VideoList-AC,11. ??????,AC.11.,AC.11.,AC.11.,AC.11.,AC.11.,AC.11.,AC.11.,AC.11.,AC.11.,AC.11.
Section-D1a5-VideoList-AC,PlayListButton-AC-VideoListButton-12,12. Liora Twani - I'll Find My Way,https://www.youtube.com/watch?v=I4BpVvg6iig,https://img.youtube.com/vi/I4BpVvg6iig/maxresdefault.jpg,ClickedVideoListButton,PlayListButton-AC-VideoListButton-12,Section-D1a5-VideoList-AC,12. ??????,AC.12.,AC.12.,AC.12.,AC.12.,AC.12.,AC.12.,AC.12.,AC.12.,AC.12.,AC.12.
Section-D1a5-VideoList-AC,PlayListButton-AC-VideoListButton-13,13. Liora Twani - Your Words,https://www.youtube.com/watch?v=CKTyidGzTtY,https://img.youtube.com/vi/CKTyidGzTtY/maxresdefault.jpg,ClickedVideoListButton,PlayListButton-AC-VideoListButton-13,Section-D1a5-VideoList-AC,13. ??????,AC.13.,AC.13.,AC.13.,AC.13.,AC.13.,AC.13.,AC.13.,AC.13.,AC.13.,AC.13.
Section-D1a5-VideoList-AC,PlayListButton-AC-VideoListButton-14,14. Liora Twani - Give In To Your Sorrow,https://www.youtube.com/watch?v=_HuuIzhjpCk,https://img.youtube.com/vi/_HuuIzhjpCk/maxresdefault.jpg,ClickedVideoListButton,PlayListButton-AC-VideoListButton-14,Section-D1a5-VideoList-AC,14. ??????,AC.14.,AC.14.,AC.14.,AC.14.,AC.14.,AC.14.,AC.14.,AC.14.,AC.14.,AC.14.
Section-D1a5-VideoList-AC,PlayListButton-AC-VideoListButton-15,15. Liora Twani - After The Dance,https://www.youtube.com/watch?v=yg6DCgXee9M,https://img.youtube.com/vi/yg6DCgXee9M/maxresdefault.jpg,ClickedVideoListButton,PlayListButton-AC-VideoListButton-15,Section-D1a5-VideoList-AC,15. ??????,AC.15.,AC.15.,AC.15.,AC.15.,AC.15.,AC.15.,AC.15.,AC.15.,AC.15.,AC.15.
Section-D1a5-VideoList-AC,PlayListButton-AC-VideoListButton-16,16. Liora Twani - I'm In Love Again,https://www.youtube.com/watch?v=cxlELrPgEs4,https://img.youtube.com/vi/cxlELrPgEs4/maxresdefault.jpg,ClickedVideoListButton,PlayListButton-AC-VideoListButton-16,Section-D1a5-VideoList-AC,16. ??????,AC.16.,AC.16.,AC.16.,AC.16.,AC.16.,AC.16.,AC.16.,AC.16.,AC.16.,AC.16.
Section-D1a5-VideoList-AC,PlayListButton-AC-VideoListButton-17,17. Liora Twani - Tell Me Why,https://www.youtube.com/watch?v=TDbih8b7bcI,https://img.youtube.com/vi/TDbih8b7bcI/maxresdefault.jpg,ClickedVideoListButton,PlayListButton-AC-VideoListButton-17,Section-D1a5-VideoList-AC,17. ??????,AC.17.,AC.17.,AC.17.,AC.17.,AC.17.,AC.17.,AC.17.,AC.17.,AC.17.,AC.17.
Section-D1a5-VideoList-AC,PlayListButton-AC-VideoListButton-18,18. Liora Twani - Don't Make Me Wait,https://www.youtube.com/watch?v=yUWgfZAD6zA,https://img.youtube.com/vi/yUWgfZAD6zA/maxresdefault.jpg,ClickedVideoListButton,PlayListButton-AC-VideoListButton-18,Section-D1a5-VideoList-AC,18. ??????,AC.18.,AC.18.,AC.18.,AC.18.,AC.18.,AC.18.,AC.18.,AC.18.,AC.18.,AC.18.
Section-D1a5-VideoList-AC,PlayListButton-AC-VideoListButton-19,19. Liora Twani - Love's Serenade,https://www.youtube.com/watch?v=7rdJKVgrQx8,https://img.youtube.com/vi/7rdJKVgrQx8/maxresdefault.jpg,ClickedVideoListButton,PlayListButton-AC-VideoListButton-19,Section-D1a5-VideoList-AC,19. ??????,AC.19.,AC.19.,AC.19.,AC.19.,AC.19.,AC.19.,AC.19.,AC.19.,AC.19.,AC.19.
Section-D1a5-VideoList-AC,PlayListButton-AC-VideoListButton-20,20. Winta & Liora Twani - Give Love One More Chance,https://www.youtube.com/watch?v=DnHtsjTfiP8,https://img.youtube.com/vi/DnHtsjTfiP8/maxresdefault.jpg,ClickedVideoListButton,PlayListButton-AC-VideoListButton-20,Section-D1a5-VideoList-AC,20. ??????,AC.20.,AC.20.,AC.20.,AC.20.,AC.20.,AC.20.,AC.20.,AC.20.,AC.20.,AC.20.
Section-D1a5-VideoList-AC,PlayListButton-AC-VideoListButton-21,21. Winta & Liora Twani - Groovin',https://www.youtube.com/watch?v=BORGwSr-YPk,https://img.youtube.com/vi/BORGwSr-YPk/maxresdefault.jpg,ClickedVideoListButton,PlayListButton-AC-VideoListButton-21,Section-D1a5-VideoList-AC,21. ??????,AC.21.,AC.21.,AC.21.,AC.21.,AC.21.,AC.21.,AC.21.,AC.21.,AC.21.,AC.21.
Section-D1a5-VideoList-AC,PlayListButton-AC-VideoListButton-22,22. Winta & Liora Twani - Time Slips Away,https://www.youtube.com/watch?v=y9uqaxg64J4,https://img.youtube.com/vi/y9uqaxg64J4/maxresdefault.jpg,ClickedVideoListButton,PlayListButton-AC-VideoListButton-22,Section-D1a5-VideoList-AC,22. ??????,AC.22.,AC.22.,AC.22.,AC.22.,AC.22.,AC.22.,AC.22.,AC.22.,AC.22.,AC.22.
Section-D1a5-VideoList-AC,PlayListButton-AC-VideoListButton-23,23. Winta & Liora Twani - I Can't Control It,https://www.youtube.com/watch?v=YhhsrDvW1xk,https://img.youtube.com/vi/YhhsrDvW1xk/maxresdefault.jpg,ClickedVideoListButton,PlayListButton-AC-VideoListButton-23,Section-D1a5-VideoList-AC,23. ??????,AC.23.,AC.23.,AC.23.,AC.23.,AC.23.,AC.23.,AC.23.,AC.23.,AC.23.,AC.23.
Section-D1a5-VideoList-AC,PlayListButton-AC-VideoListButton-24,24. Winta & Liora Twani - Believe In Love,https://www.youtube.com/watch?v=eCIlS6tdIrU,https://img.youtube.com/vi/eCIlS6tdIrU/maxresdefault.jpg,ClickedVideoListButton,PlayListButton-AC-VideoListButton-24,Section-D1a5-VideoList-AC,24. ??????,AC.24.,AC.24.,AC.24.,AC.24.,AC.24.,AC.24.,AC.24.,AC.24.,AC.24.,AC.24.
Section-D1a5-VideoList-AC,PlayListButton-AC-VideoListButton-25,25. Winta & Liora Twani - Far From Here,https://www.youtube.com/watch?v=eBIZKJKeBZk,https://img.youtube.com/vi/eBIZKJKeBZk/maxresdefault.jpg,ClickedVideoListButton,PlayListButton-AC-VideoListButton-25,Section-D1a5-VideoList-AC,25. ??????,AC.25.,AC.25.,AC.25.,AC.25.,AC.25.,AC.25.,AC.25.,AC.25.,AC.25.,AC.25.
Section-D1a5-VideoList-AC,PlayListButton-AC-VideoListButton-26,26. Winta & Liora Twani - Good Lovin' Ain't Easy,https://www.youtube.com/watch?v=qc2y-QrRvxg,https://img.youtube.com/vi/qc2y-QrRvxg/maxresdefault.jpg,ClickedVideoListButton,PlayListButton-AC-VideoListButton-26,Section-D1a5-VideoList-AC,26. ??????,AC.26.,AC.26.,AC.26.,AC.26.,AC.26.,AC.26.,AC.26.,AC.26.,AC.26.,AC.26.
Section-D1a5-VideoList-AC,PlayListButton-AC-VideoListButton-27,27. Winta & Liora Twani - Please Don't Go Away,https://www.youtube.com/watch?v=NOGC29XjDqs,https://img.youtube.com/vi/NOGC29XjDqs/maxresdefault.jpg,ClickedVideoListButton,PlayListButton-AC-VideoListButton-27,Section-D1a5-VideoList-AC,27. ??????,AC.27.,AC.27.,AC.27.,AC.27.,AC.27.,AC.27.,AC.27.,AC.27.,AC.27.,AC.27.
Section-D1a5-VideoList-AC,PlayListButton-AC-VideoListButton-28,28. Winta & Liora Twani - I'm A Winner,https://www.youtube.com/watch?v=HIREh8yK8qM,https://img.youtube.com/vi/HIREh8yK8qM/maxresdefault.jpg,ClickedVideoListButton,PlayListButton-AC-VideoListButton-28,Section-D1a5-VideoList-AC,28. ??????,AC.28.,AC.28.,AC.28.,AC.28.,AC.28.,AC.28.,AC.28.,AC.28.,AC.28.,AC.28.
Section-D1a5-VideoList-AC,PlayListButton-AC-VideoListButton-29,29. Winta & Liora Twani - I'm Born Again,https://www.youtube.com/watch?v=ic_6Cj2wowU,https://img.youtube.com/vi/ic_6Cj2wowU/maxresdefault.jpg,ClickedVideoListButton,PlayListButton-AC-VideoListButton-29,Section-D1a5-VideoList-AC,29. ??????,AC.29.,AC.29.,AC.29.,AC.29.,AC.29.,AC.29.,AC.29.,AC.29.,AC.29.,AC.29.
Section-D1a5-VideoList-AC,PlayListButton-AC-VideoListButton-30,30. Winta & Liora Twani - Unspoken Heat,https://www.youtube.com/watch?v=QFyTeOfjyjg,https://img.youtube.com/vi/QFyTeOfjyjg/maxresdefault.jpg,ClickedVideoListButton,PlayListButton-AC-VideoListButton-30,Section-D1a5-VideoList-AC,30. ??????,AC.30.,AC.30.,AC.30.,AC.30.,AC.30.,AC.30.,AC.30.,AC.30.,AC.30.,AC.30.
Section-D1a5-VideoList-AC,PlayListButton-AC-VideoListButton-31,31. Winta & Liora Twani - Backup Plan,https://www.youtube.com/watch?v=95TcqN43E7U,https://img.youtube.com/vi/95TcqN43E7U/maxresdefault.jpg,ClickedVideoListButton,PlayListButton-AC-VideoListButton-31,Section-D1a5-VideoList-AC,31. ??????,AC.31.,AC.31.,AC.31.,AC.31.,AC.31.,AC.31.,AC.31.,AC.31.,AC.31.,AC.31.
Section-D1a5-VideoList-AC,PlayListButton-AC-VideoListButton-32,32. Winta & Liora Twani - Let's Work It Out,https://www.youtube.com/watch?v=ZQgYaiKO1RI,https://img.youtube.com/vi/ZQgYaiKO1RI/maxresdefault.jpg,ClickedVideoListButton,PlayListButton-AC-VideoListButton-32,Section-D1a5-VideoList-AC,32. ??????,AC.32.,AC.32.,AC.32.,AC.32.,AC.32.,AC.32.,AC.32.,AC.32.,AC.32.,AC.32.
Section-D1a5-VideoList-AC,PlayListButton-AC-VideoListButton-33,33. Winta & Liora Twani - Let it Happen,https://www.youtube.com/watch?v=sMkz8ozv8zI,https://img.youtube.com/vi/sMkz8ozv8zI/maxresdefault.jpg,ClickedVideoListButton,PlayListButton-AC-VideoListButton-33,Section-D1a5-VideoList-AC,33. ??????,AC.33.,AC.33.,AC.33.,AC.33.,AC.33.,AC.33.,AC.33.,AC.33.,AC.33.,AC.33.
Section-D1a5-VideoList-AC,PlayListButton-AC-VideoListButton-34,34. Winta & Liora Twani - Listen To Love,https://www.youtube.com/watch?v=HUwMXe9qORs,https://img.youtube.com/vi/HUwMXe9qORs/maxresdefault.jpg,ClickedVideoListButton,PlayListButton-AC-VideoListButton-34,Section-D1a5-VideoList-AC,34. ??????,AC.34.,AC.34.,AC.34.,AC.34.,AC.34.,AC.34.,AC.34.,AC.34.,AC.34.,AC.34.
Section-D1a5-VideoList-AC,PlayListButton-AC-VideoListButton-35,35. Winta & Liora Twani - Timeless In Your Arms,https://www.youtube.com/watch?v=VWa1qtpMhlU,https://img.youtube.com/vi/VWa1qtpMhlU/maxresdefault.jpg,ClickedVideoListButton,PlayListButton-AC-VideoListButton-35,Section-D1a5-VideoList-AC,35. ??????,AC.35.,AC.35.,AC.35.,AC.35.,AC.35.,AC.35.,AC.35.,AC.35.,AC.35.,AC.35.
Section-D1a5-VideoList-AD,PlayListButton-AD-VideoListButton-01,01. Ralph Duvall - Wintertime Baby,https://www.youtube.com/watch?v=5WW2OKxn1A0,https://img.youtube.com/vi/5WW2OKxn1A0/maxresdefault.jpg,ClickedVideoListButton,PlayListButton-AD-VideoListButton-01,Section-D1a5-VideoList-AD,01. ??????,AD.01.,AD.01.,AD.01.,AD.01.,AD.01.,AD.01.,AD.01.,AD.01.,AD.01.,AD.01.
Section-D1a5-VideoList-AD,PlayListButton-AD-VideoListButton-02,02. Ralph Duvall - Stay in the Groove,https://www.youtube.com/watch?v=ImAId4EPf5g,https://img.youtube.com/vi/ImAId4EPf5g/maxresdefault.jpg,ClickedVideoListButton,PlayListButton-AD-VideoListButton-02,Section-D1a5-VideoList-AD,02. ??????,AD.02.,AD.02.,AD.02.,AD.02.,AD.02.,AD.02.,AD.02.,AD.02.,AD.02.,AD.02.
Section-D1a5-VideoList-AD,PlayListButton-AD-VideoListButton-03,03. Ralph Duvall - With You,https://www.youtube.com/watch?v=aLD42yYqy7U,https://img.youtube.com/vi/aLD42yYqy7U/maxresdefault.jpg,ClickedVideoListButton,PlayListButton-AD-VideoListButton-03,Section-D1a5-VideoList-AD,03. ??????,AD.03.,AD.03.,AD.03.,AD.03.,AD.03.,AD.03.,AD.03.,AD.03.,AD.03.,AD.03.
Section-D1a5-VideoList-AD,PlayListButton-AD-VideoListButton-04,04. Ralph Duvall - All Night Love,https://www.youtube.com/watch?v=h-rf7CAAtdE,https://img.youtube.com/vi/h-rf7CAAtdE/maxresdefault.jpg,ClickedVideoListButton,PlayListButton-AD-VideoListButton-04,Section-D1a5-VideoList-AD,04. ??????,AD.04.,AD.04.,AD.04.,AD.04.,AD.04.,AD.04.,AD.04.,AD.04.,AD.04.,AD.04.
Section-D1a5-VideoList-AD,PlayListButton-AD-VideoListButton-05,05. Ralph Duvall - Midnight Feelings,https://www.youtube.com/watch?v=ZleMoGPYu4M,https://img.youtube.com/vi/ZleMoGPYu4M/maxresdefault.jpg,ClickedVideoListButton,PlayListButton-AD-VideoListButton-05,Section-D1a5-VideoList-AD,05. ??????,AD.05.,AD.05.,AD.05.,AD.05.,AD.05.,AD.05.,AD.05.,AD.05.,AD.05.,AD.05.
Section-D1a5-VideoList-AD,PlayListButton-AD-VideoListButton-06,06. Ralph Duvall - Your Touch,https://www.youtube.com/watch?v=gmRjS0vsZ5E,https://img.youtube.com/vi/gmRjS0vsZ5E/maxresdefault.jpg,ClickedVideoListButton,PlayListButton-AD-VideoListButton-06,Section-D1a5-VideoList-AD,06. ??????,AD.06.,AD.06.,AD.06.,AD.06.,AD.06.,AD.06.,AD.06.,AD.06.,AD.06.,AD.06.
Section-D1a5-VideoList-AD,PlayListButton-AD-VideoListButton-07,07. Ralph Duvall - In Your Eyes,https://www.youtube.com/watch?v=aDoq8juioJc,https://img.youtube.com/vi/aDoq8juioJc/maxresdefault.jpg,ClickedVideoListButton,PlayListButton-AD-VideoListButton-07,Section-D1a5-VideoList-AD,07. ??????,AD.07.,AD.07.,AD.07.,AD.07.,AD.07.,AD.07.,AD.07.,AD.07.,AD.07.,AD.07.
Section-D1a5-VideoList-AD,PlayListButton-AD-VideoListButton-08,08. Ralph Duvall - Midnight Vibes,https://www.youtube.com/watch?v=5zhQZHnL_8g,https://img.youtube.com/vi/5zhQZHnL_8g/maxresdefault.jpg,ClickedVideoListButton,PlayListButton-AD-VideoListButton-08,Section-D1a5-VideoList-AD,08. ??????,AD.08.,AD.08.,AD.08.,AD.08.,AD.08.,AD.08.,AD.08.,AD.08.,AD.08.,AD.08.
Section-D1a5-VideoList-AD,PlayListButton-AD-VideoListButton-09,09. Justefunk Funk - Whisper My Name,https://www.youtube.com/watch?v=5XfymWu6lw0,https://img.youtube.com/vi/5XfymWu6lw0/maxresdefault.jpg,ClickedVideoListButton,PlayListButton-AD-VideoListButton-09,Section-D1a5-VideoList-AD,09. ??????,AD.09.,AD.09.,AD.09.,AD.09.,AD.09.,AD.09.,AD.09.,AD.09.,AD.09.,AD.09.
Section-D1a5-VideoList-AD,PlayListButton-AD-VideoListButton-10,10. Justefunk Funk - Il Sentimento è Cambiato,https://www.youtube.com/watch?v=rPA7N6Bg56c,https://img.youtube.com/vi/rPA7N6Bg56c/maxresdefault.jpg,ClickedVideoListButton,PlayListButton-AD-VideoListButton-10,Section-D1a5-VideoList-AD,10. ??????,AD.10.,AD.10.,AD.10.,AD.10.,AD.10.,AD.10.,AD.10.,AD.10.,AD.10.,AD.10.
Section-D1a5-VideoList-AD,PlayListButton-AD-VideoListButton-11,11. Justefunk Funk - Hard Road to Your Heart,https://www.youtube.com/watch?v=oWVUeSAu3uA,https://img.youtube.com/vi/oWVUeSAu3uA/maxresdefault.jpg,ClickedVideoListButton,PlayListButton-AD-VideoListButton-11,Section-D1a5-VideoList-AD,11. ??????,AD.11.,AD.11.,AD.11.,AD.11.,AD.11.,AD.11.,AD.11.,AD.11.,AD.11.,AD.11.
Section-D1a5-VideoList-AD,PlayListButton-AD-VideoListButton-12,12. Justefunk Funk - Sweet Girl,https://www.youtube.com/watch?v=ifnHAanGnVo,https://img.youtube.com/vi/ifnHAanGnVo/maxresdefault.jpg,ClickedVideoListButton,PlayListButton-AD-VideoListButton-12,Section-D1a5-VideoList-AD,12. ??????,AD.12.,AD.12.,AD.12.,AD.12.,AD.12.,AD.12.,AD.12.,AD.12.,AD.12.,AD.12.
Section-D1a5-VideoList-AD,PlayListButton-AD-VideoListButton-13,13. Justefunk Funk - Sing Your Name,https://www.youtube.com/watch?v=i3gLKPyA324,https://img.youtube.com/vi/i3gLKPyA324/maxresdefault.jpg,ClickedVideoListButton,PlayListButton-AD-VideoListButton-13,Section-D1a5-VideoList-AD,13. ??????,AD.13.,AD.13.,AD.13.,AD.13.,AD.13.,AD.13.,AD.13.,AD.13.,AD.13.,AD.13.
Section-D1a5-VideoList-AD,PlayListButton-AD-VideoListButton-14,14. Justefunk Funk - Shadows That Won't Fade,https://www.youtube.com/watch?v=pQI0nMaoZYM,https://img.youtube.com/vi/pQI0nMaoZYM/maxresdefault.jpg,ClickedVideoListButton,PlayListButton-AD-VideoListButton-14,Section-D1a5-VideoList-AD,14. ??????,AD.14.,AD.14.,AD.14.,AD.14.,AD.14.,AD.14.,AD.14.,AD.14.,AD.14.,AD.14.
Section-D1a5-VideoList-AD,PlayListButton-AD-VideoListButton-15,15. Justefunk Funk - Morning When I Rise,https://www.youtube.com/watch?v=CwWWfTz4__M,https://img.youtube.com/vi/CwWWfTz4__M/maxresdefault.jpg,ClickedVideoListButton,PlayListButton-AD-VideoListButton-15,Section-D1a5-VideoList-AD,15. ??????,AD.15.,AD.15.,AD.15.,AD.15.,AD.15.,AD.15.,AD.15.,AD.15.,AD.15.,AD.15.
Section-D1a5-VideoList-AD,PlayListButton-AD-VideoListButton-16,16. Justefunk Funk - I'll Be Your Groove,https://www.youtube.com/watch?v=mlGwqD6-Le0,https://img.youtube.com/vi/mlGwqD6-Le0/maxresdefault.jpg,ClickedVideoListButton,PlayListButton-AD-VideoListButton-16,Section-D1a5-VideoList-AD,16. ??????,AD.16.,AD.16.,AD.16.,AD.16.,AD.16.,AD.16.,AD.16.,AD.16.,AD.16.,AD.16.
Section-D1a5-VideoList-AD,PlayListButton-AD-VideoListButton-17,17. Justefunk Funk - My Pure Love,https://www.youtube.com/watch?v=hRa--UncqVY,https://img.youtube.com/vi/hRa--UncqVY/maxresdefault.jpg,ClickedVideoListButton,PlayListButton-AD-VideoListButton-17,Section-D1a5-VideoList-AD,17. ??????,AD.17.,AD.17.,AD.17.,AD.17.,AD.17.,AD.17.,AD.17.,AD.17.,AD.17.,AD.17.
Section-D1a5-VideoList-AD,PlayListButton-AD-VideoListButton-18,18. Justefunk Funk - Baby Tell Me,https://www.youtube.com/watch?v=ZrUsCeOyMHk,https://img.youtube.com/vi/ZrUsCeOyMHk/maxresdefault.jpg,ClickedVideoListButton,PlayListButton-AD-VideoListButton-18,Section-D1a5-VideoList-AD,18. ??????,AD.18.,AD.18.,AD.18.,AD.18.,AD.18.,AD.18.,AD.18.,AD.18.,AD.18.,AD.18.
Section-D1a5-VideoList-AD,PlayListButton-AD-VideoListButton-19,19. Justefunk Funk - Hold Me While I Break,https://www.youtube.com/watch?v=4hU27OyVgW0,https://img.youtube.com/vi/4hU27OyVgW0/maxresdefault.jpg,ClickedVideoListButton,PlayListButton-AD-VideoListButton-19,Section-D1a5-VideoList-AD,19. ??????,AD.19.,AD.19.,AD.19.,AD.19.,AD.19.,AD.19.,AD.19.,AD.19.,AD.19.,AD.19.
Section-D1a5-VideoList-AD,PlayListButton-AD-VideoListButton-20,20. Justefunk Funk - Keep Gettin On,https://www.youtube.com/watch?v=hJap9fwJmP8,https://img.youtube.com/vi/hJap9fwJmP8/maxresdefault.jpg,ClickedVideoListButton,PlayListButton-AD-VideoListButton-20,Section-D1a5-VideoList-AD,20. ??????,AD.20.,AD.20.,AD.20.,AD.20.,AD.20.,AD.20.,AD.20.,AD.20.,AD.20.,AD.20.
Section-D1a5-VideoList-AD,PlayListButton-AD-VideoListButton-21,21. Justefunk Funk - Where It Begins,https://www.youtube.com/watch?v=O25twcifZTM,https://img.youtube.com/vi/O25twcifZTM/maxresdefault.jpg,ClickedVideoListButton,PlayListButton-AD-VideoListButton-21,Section-D1a5-VideoList-AD,21. ??????,AD.21.,AD.21.,AD.21.,AD.21.,AD.21.,AD.21.,AD.21.,AD.21.,AD.21.,AD.21.
Section-D1a5-VideoList-AD,PlayListButton-AD-VideoListButton-22,22. Justefunk Funk - So Many Sides Of You,https://www.youtube.com/watch?v=uww3d5Kw8kI,https://img.youtube.com/vi/uww3d5Kw8kI/maxresdefault.jpg,ClickedVideoListButton,PlayListButton-AD-VideoListButton-22,Section-D1a5-VideoList-AD,22. ??????,AD.22.,AD.22.,AD.22.,AD.22.,AD.22.,AD.22.,AD.22.,AD.22.,AD.22.,AD.22.
Section-D1a5-VideoList-AD,PlayListButton-AD-VideoListButton-23,23. Justefunk Funk - I Kissed a Feeling,https://www.youtube.com/watch?v=6uRshD76OjU,https://img.youtube.com/vi/6uRshD76OjU/maxresdefault.jpg,ClickedVideoListButton,PlayListButton-AD-VideoListButton-23,Section-D1a5-VideoList-AD,23. ??????,AD.23.,AD.23.,AD.23.,AD.23.,AD.23.,AD.23.,AD.23.,AD.23.,AD.23.,AD.23.
Section-D1a5-VideoList-AD,PlayListButton-AD-VideoListButton-24,24. Justefunk Funk - When You’re Gone,https://www.youtube.com/watch?v=6UYaPe_P0nU,https://img.youtube.com/vi/6UYaPe_P0nU/maxresdefault.jpg,ClickedVideoListButton,PlayListButton-AD-VideoListButton-24,Section-D1a5-VideoList-AD,24. ??????,AD.24.,AD.24.,AD.24.,AD.24.,AD.24.,AD.24.,AD.24.,AD.24.,AD.24.,AD.24.
Section-D1a5-VideoList-AD,PlayListButton-AD-VideoListButton-25,25. Justefunk Funk - Home Is Where the Heart Is,https://www.youtube.com/watch?v=PA4OqMgcnWI,https://img.youtube.com/vi/PA4OqMgcnWI/maxresdefault.jpg,ClickedVideoListButton,PlayListButton-AD-VideoListButton-25,Section-D1a5-VideoList-AD,25. ??????,AD.25.,AD.25.,AD.25.,AD.25.,AD.25.,AD.25.,AD.25.,AD.25.,AD.25.,AD.25.
Section-D1a5-VideoList-AD,PlayListButton-AD-VideoListButton-26,26. Justefunk Funk - Can't Let You Sleep Away,https://www.youtube.com/watch?v=vTMR2wJ-fjk,https://img.youtube.com/vi/vTMR2wJ-fjk/maxresdefault.jpg,ClickedVideoListButton,PlayListButton-AD-VideoListButton-26,Section-D1a5-VideoList-AD,26. ??????,AD.26.,AD.26.,AD.26.,AD.26.,AD.26.,AD.26.,AD.26.,AD.26.,AD.26.,AD.26.
Section-D1a5-VideoList-AD,PlayListButton-AD-VideoListButton-27,27. Justefunk Funk - Don’t Stop the Funk,https://www.youtube.com/watch?v=sqv0jrnNnYE,https://img.youtube.com/vi/sqv0jrnNnYE/maxresdefault.jpg,ClickedVideoListButton,PlayListButton-AD-VideoListButton-27,Section-D1a5-VideoList-AD,27. ??????,AD.27.,AD.27.,AD.27.,AD.27.,AD.27.,AD.27.,AD.27.,AD.27.,AD.27.,AD.27.
Section-D1a5-VideoList-AD,PlayListButton-AD-VideoListButton-28,28. Justefunk Funk - All My Love Belong To You,https://www.youtube.com/watch?v=U61nFs5yxjU,https://img.youtube.com/vi/U61nFs5yxjU/maxresdefault.jpg,ClickedVideoListButton,PlayListButton-AD-VideoListButton-28,Section-D1a5-VideoList-AD,28. ??????,AD.28.,AD.28.,AD.28.,AD.28.,AD.28.,AD.28.,AD.28.,AD.28.,AD.28.,AD.28.
Section-D1a5-VideoList-AD,PlayListButton-AD-VideoListButton-29,29. Justefunk Funk - Here is Where My Heart Still Lives,https://www.youtube.com/watch?v=pE-P-I4Htck,https://img.youtube.com/vi/pE-P-I4Htck/maxresdefault.jpg,ClickedVideoListButton,PlayListButton-AD-VideoListButton-29,Section-D1a5-VideoList-AD,29. ??????,AD.29.,AD.29.,AD.29.,AD.29.,AD.29.,AD.29.,AD.29.,AD.29.,AD.29.,AD.29.
Section-D1a5-VideoList-AE,PlayListButton-AE-VideoListButton-01,01. DJ Amor - Don’t Stop ’til You Get Enough (Michael Jackson remix cover),https://www.youtube.com/watch?v=b2n3hyeWPmo,https://img.youtube.com/vi/b2n3hyeWPmo/maxresdefault.jpg,ClickedVideoListButton,PlayListButton-AE-VideoListButton-01,Section-D1a5-VideoList-AE,01. ??????,AE.01.,AE.01.,AE.01.,AE.01.,AE.01.,AE.01.,AE.01.,AE.01.,AE.01.,AE.01.
Section-D1a5-VideoList-AE,PlayListButton-AE-VideoListButton-02,02. DJ Amor - One Night Stepping Mix,https://www.youtube.com/watch?v=N_8UR_ydytA,https://img.youtube.com/vi/N_8UR_ydytA/maxresdefault.jpg,ClickedVideoListButton,PlayListButton-AE-VideoListButton-02,Section-D1a5-VideoList-AE,02. ??????,AE.02.,AE.02.,AE.02.,AE.02.,AE.02.,AE.02.,AE.02.,AE.02.,AE.02.,AE.02.
Section-D1a5-VideoList-AE,PlayListButton-AE-VideoListButton-03,03. DJ Amor - Feelings,https://www.youtube.com/watch?v=YrunMSQiafg,https://img.youtube.com/vi/YrunMSQiafg/maxresdefault.jpg,ClickedVideoListButton,PlayListButton-AE-VideoListButton-03,Section-D1a5-VideoList-AE,03. ??????,AE.03.,AE.03.,AE.03.,AE.03.,AE.03.,AE.03.,AE.03.,AE.03.,AE.03.,AE.03.
Section-D1a5-VideoList-AE,PlayListButton-AE-VideoListButton-04,04. DJ Amor - Does She Have A Friend,https://www.youtube.com/watch?v=M9fCFPB_Qio,https://img.youtube.com/vi/M9fCFPB_Qio/maxresdefault.jpg,ClickedVideoListButton,PlayListButton-AE-VideoListButton-04,Section-D1a5-VideoList-AE,04. ??????,AE.04.,AE.04.,AE.04.,AE.04.,AE.04.,AE.04.,AE.04.,AE.04.,AE.04.,AE.04.
Section-D1a5-VideoList-AE,PlayListButton-AE-VideoListButton-05,05. DJ Amor - Japan Funk,https://www.youtube.com/watch?v=V1_B4Jr6ai8,https://img.youtube.com/vi/V1_B4Jr6ai8/maxresdefault.jpg,ClickedVideoListButton,PlayListButton-AE-VideoListButton-05,Section-D1a5-VideoList-AE,05. ??????,AE.05.,AE.05.,AE.05.,AE.05.,AE.05.,AE.05.,AE.05.,AE.05.,AE.05.,AE.05.
Section-D1a5-VideoList-AE,PlayListButton-AE-VideoListButton-06,06. Andro Lectric - Wicki Wacky (Barry White & The Brothers Johnson remix),https://www.youtube.com/watch?v=P_bQJUQfBhk,https://img.youtube.com/vi/P_bQJUQfBhk/maxresdefault.jpg,ClickedVideoListButton,PlayListButton-AE-VideoListButton-06,Section-D1a5-VideoList-AE,06. ??????,AE.06.,AE.06.,AE.06.,AE.06.,AE.06.,AE.06.,AE.06.,AE.06.,AE.06.,AE.06.
Section-D1a5-VideoList-AE,PlayListButton-AE-VideoListButton-07,07. Andro Lectric - Midnight Moves EP (Barry White & The Brothers Johnson remix),https://www.youtube.com/watch?v=Dxiyf9WGnv0,https://img.youtube.com/vi/Dxiyf9WGnv0/maxresdefault.jpg,ClickedVideoListButton,PlayListButton-AE-VideoListButton-07,Section-D1a5-VideoList-AE,07. ??????,AE.07.,AE.07.,AE.07.,AE.07.,AE.07.,AE.07.,AE.07.,AE.07.,AE.07.,AE.07.
Section-D1a5-VideoList-AE,PlayListButton-AE-VideoListButton-08,08. Cool Bubbles - I Feel You Close,https://www.youtube.com/watch?v=OzSnhJ14FO8,https://img.youtube.com/vi/OzSnhJ14FO8/maxresdefault.jpg,ClickedVideoListButton,PlayListButton-AE-VideoListButton-08,Section-D1a5-VideoList-AE,08. ??????,AE.08.,AE.08.,AE.08.,AE.08.,AE.08.,AE.08.,AE.08.,AE.08.,AE.08.,AE.08.
Section-D1a5-VideoList-AE,PlayListButton-AE-VideoListButton-09,09. Cool Bubbles - Burning Love,https://www.youtube.com/watch?v=gBuRVb_KcWU,https://img.youtube.com/vi/gBuRVb_KcWU/maxresdefault.jpg,ClickedVideoListButton,PlayListButton-AE-VideoListButton-09,Section-D1a5-VideoList-AE,09. ??????,AE.09.,AE.09.,AE.09.,AE.09.,AE.09.,AE.09.,AE.09.,AE.09.,AE.09.,AE.09.
Section-D1a5-VideoList-AE,PlayListButton-AE-VideoListButton-10,10. Janet & Kenny - This Time Feels Right (Music Vision almost real remix)),https://www.youtube.com/watch?v=5meNju7QsTk,https://img.youtube.com/vi/5meNju7QsTk/maxresdefault.jpg,ClickedVideoListButton,PlayListButton-AE-VideoListButton-10,Section-D1a5-VideoList-AE,10. ??????,AE.10.,AE.10.,AE.10.,AE.10.,AE.10.,AE.10.,AE.10.,AE.10.,AE.10.,AE.10.
Section-D1a5-VideoList-AE,PlayListButton-AE-VideoListButton-11,11. Tina Collins & Leroy Carter - Stay Here (Golden Vinyl remix),https://www.youtube.com/watch?v=0d8NOzxYXrc,https://img.youtube.com/vi/0d8NOzxYXrc/maxresdefault.jpg,ClickedVideoListButton,PlayListButton-AE-VideoListButton-11,Section-D1a5-VideoList-AE,11. ??????,AE.11.,AE.11.,AE.11.,AE.11.,AE.11.,AE.11.,AE.11.,AE.11.,AE.11.,AE.11.
Section-D1a5-VideoList-AE,PlayListButton-AE-VideoListButton-12,12. Velvet Funk - Sweet Escape,https://www.youtube.com/watch?v=q6RZvFy3DD4,https://img.youtube.com/vi/q6RZvFy3DD4/maxresdefault.jpg,ClickedVideoListButton,PlayListButton-AE-VideoListButton-12,Section-D1a5-VideoList-AE,12. ??????,AE.12.,AE.12.,AE.12.,AE.12.,AE.12.,AE.12.,AE.12.,AE.12.,AE.12.,AE.12.
Section-D1a5-VideoList-AE,PlayListButton-AE-VideoListButton-13,13. GoldenGrooveClub - Back to That Summer Groove,https://www.youtube.com/watch?v=QDB33GdmMT8,https://img.youtube.com/vi/QDB33GdmMT8/maxresdefault.jpg,ClickedVideoListButton,PlayListButton-AE-VideoListButton-13,Section-D1a5-VideoList-AE,13. ??????,AE.13.,AE.13.,AE.13.,AE.13.,AE.13.,AE.13.,AE.13.,AE.13.,AE.13.,AE.13.
Section-D1a5-VideoList-AE,PlayListButton-AE-VideoListButton-14,14. Leon Rivers - All Night in Your Love,https://www.youtube.com/watch?v=RAokjvMfqDI,https://img.youtube.com/vi/RAokjvMfqDI/maxresdefault.jpg,ClickedVideoListButton,PlayListButton-AE-VideoListButton-14,Section-D1a5-VideoList-AE,14. ??????,AE.14.,AE.14.,AE.14.,AE.14.,AE.14.,AE.14.,AE.14.,AE.14.,AE.14.,AE.14.
Section-D1a5-VideoList-AE,PlayListButton-AE-VideoListButton-15,15. Jay Zine - Streetlight Funk,https://www.youtube.com/watch?v=cZ8dz18rDMQ,https://img.youtube.com/vi/cZ8dz18rDMQ/maxresdefault.jpg,ClickedVideoListButton,PlayListButton-AE-VideoListButton-15,Section-D1a5-VideoList-AE,15. ??????,AE.15.,AE.15.,AE.15.,AE.15.,AE.15.,AE.15.,AE.15.,AE.15.,AE.15.,AE.15.
Section-D1a5-VideoList-AE,PlayListButton-AE-VideoListButton-16,16. Darrell Adams - All Night Long,https://www.youtube.com/watch?v=UQeXgcMGQT8,https://img.youtube.com/vi/UQeXgcMGQT8/maxresdefault.jpg,ClickedVideoListButton,PlayListButton-AE-VideoListButton-16,Section-D1a5-VideoList-AE,16. ??????,AE.16.,AE.16.,AE.16.,AE.16.,AE.16.,AE.16.,AE.16.,AE.16.,AE.16.,AE.16.
Section-D1a5-VideoList-AE,PlayListButton-AE-VideoListButton-17,17. Joseph Wang 1230 - Close to You,https://www.youtube.com/watch?v=ZzEDC4IZkfQ,https://img.youtube.com/vi/ZzEDC4IZkfQ/maxresdefault.jpg,ClickedVideoListButton,PlayListButton-AE-VideoListButton-17,Section-D1a5-VideoList-AE,17. ??????,AE.17.,AE.17.,AE.17.,AE.17.,AE.17.,AE.17.,AE.17.,AE.17.,AE.17.,AE.17.
Section-D1a5-VideoList-AF,PlayListButton-AF-VideoListButton-01,01. ??????,https://www.youtube.com/watch?v=AAAAAAAAAAA,https://img.youtube.com/vi/AAAAAAAAAAA/maxresdefault.jpg,ClickedVideoListButton,PlayListButton-AF-VideoListButton-01,Section-D1a5-VideoList-AF,01. ??????,AF.01.,AF.01.,AF.01.,AF.01.,AF.01.,AF.01.,AF.01.,AF.01.,AF.01.,AF.01.
Section-D1a5-VideoList-AF,PlayListButton-AF-VideoListButton-02,02. ??????,https://www.youtube.com/watch?v=AAAAAAAAAAA,https://img.youtube.com/vi/AAAAAAAAAAA/maxresdefault.jpg,ClickedVideoListButton,PlayListButton-AF-VideoListButton-02,Section-D1a5-VideoList-AF,02. ??????,AF.02.,AF.02.,AF.02.,AF.02.,AF.02.,AF.02.,AF.02.,AF.02.,AF.02.,AF.02.
Section-D1a5-VideoList-AF,PlayListButton-AF-VideoListButton-03,03. ??????,https://www.youtube.com/watch?v=AAAAAAAAAAA,https://img.youtube.com/vi/AAAAAAAAAAA/maxresdefault.jpg,ClickedVideoListButton,PlayListButton-AF-VideoListButton-03,Section-D1a5-VideoList-AF,03. ??????,AF.03.,AF.03.,AF.03.,AF.03.,AF.03.,AF.03.,AF.03.,AF.03.,AF.03.,AF.03.
Section-D1a5-VideoList-AF,PlayListButton-AF-VideoListButton-04,04. ??????,https://www.youtube.com/watch?v=AAAAAAAAAAA,https://img.youtube.com/vi/AAAAAAAAAAA/maxresdefault.jpg,ClickedVideoListButton,PlayListButton-AF-VideoListButton-04,Section-D1a5-VideoList-AF,04. ??????,AF.04.,AF.04.,AF.04.,AF.04.,AF.04.,AF.04.,AF.04.,AF.04.,AF.04.,AF.04.
Section-D1a5-VideoList-AF,PlayListButton-AF-VideoListButton-05,05. ??????,https://www.youtube.com/watch?v=AAAAAAAAAAA,https://img.youtube.com/vi/AAAAAAAAAAA/maxresdefault.jpg,ClickedVideoListButton,PlayListButton-AF-VideoListButton-05,Section-D1a5-VideoList-AF,05. ??????,AF.05.,AF.05.,AF.05.,AF.05.,AF.05.,AF.05.,AF.05.,AF.05.,AF.05.,AF.05.
Section-D1a5-VideoList-AF,PlayListButton-AF-VideoListButton-06,06. ??????,https://www.youtube.com/watch?v=AAAAAAAAAAA,https://img.youtube.com/vi/AAAAAAAAAAA/maxresdefault.jpg,ClickedVideoListButton,PlayListButton-AF-VideoListButton-06,Section-D1a5-VideoList-AF,06. ??????,AF.06.,AF.06.,AF.06.,AF.06.,AF.06.,AF.06.,AF.06.,AF.06.,AF.06.,AF.06.
Section-D1a5-VideoList-AF,PlayListButton-AF-VideoListButton-07,07. ??????,https://www.youtube.com/watch?v=AAAAAAAAAAA,https://img.youtube.com/vi/AAAAAAAAAAA/maxresdefault.jpg,ClickedVideoListButton,PlayListButton-AF-VideoListButton-07,Section-D1a5-VideoList-AF,07. ??????,AF.07.,AF.07.,AF.07.,AF.07.,AF.07.,AF.07.,AF.07.,AF.07.,AF.07.,AF.07.
Section-D1a5-VideoList-AF,PlayListButton-AF-VideoListButton-08,08. ??????,https://www.youtube.com/watch?v=AAAAAAAAAAA,https://img.youtube.com/vi/AAAAAAAAAAA/maxresdefault.jpg,ClickedVideoListButton,PlayListButton-AF-VideoListButton-08,Section-D1a5-VideoList-AF,08. ??????,AF.08.,AF.08.,AF.08.,AF.08.,AF.08.,AF.08.,AF.08.,AF.08.,AF.08.,AF.08.
Section-D1a5-VideoList-AF,PlayListButton-AF-VideoListButton-09,09. ??????,https://www.youtube.com/watch?v=AAAAAAAAAAA,https://img.youtube.com/vi/AAAAAAAAAAA/maxresdefault.jpg,ClickedVideoListButton,PlayListButton-AF-VideoListButton-09,Section-D1a5-VideoList-AF,09. ??????,AF.09.,AF.09.,AF.09.,AF.09.,AF.09.,AF.09.,AF.09.,AF.09.,AF.09.,AF.09.
Section-D1a5-VideoList-AF,PlayListButton-AF-VideoListButton-10,10. ??????,https://www.youtube.com/watch?v=AAAAAAAAAAA,https://img.youtube.com/vi/AAAAAAAAAAA/maxresdefault.jpg,ClickedVideoListButton,PlayListButton-AF-VideoListButton-10,Section-D1a5-VideoList-AF,10. ??????,AF.10.,AF.10.,AF.10.,AF.10.,AF.10.,AF.10.,AF.10.,AF.10.,AF.10.,AF.10.
Section-D1a5-VideoList-AF,PlayListButton-AF-VideoListButton-11,11. ??????,https://www.youtube.com/watch?v=AAAAAAAAAAA,https://img.youtube.com/vi/AAAAAAAAAAA/maxresdefault.jpg,ClickedVideoListButton,PlayListButton-AF-VideoListButton-11,Section-D1a5-VideoList-AF,11. ??????,AF.11.,AF.11.,AF.11.,AF.11.,AF.11.,AF.11.,AF.11.,AF.11.,AF.11.,AF.11.
Section-D1a5-VideoList-AF,PlayListButton-AF-VideoListButton-12,12. ??????,https://www.youtube.com/watch?v=AAAAAAAAAAA,https://img.youtube.com/vi/AAAAAAAAAAA/maxresdefault.jpg,ClickedVideoListButton,PlayListButton-AF-VideoListButton-12,Section-D1a5-VideoList-AF,12. ??????,AF.12.,AF.12.,AF.12.,AF.12.,AF.12.,AF.12.,AF.12.,AF.12.,AF.12.,AF.12.
Section-D1a5-VideoList-AF,PlayListButton-AF-VideoListButton-13,13. ??????,https://www.youtube.com/watch?v=AAAAAAAAAAA,https://img.youtube.com/vi/AAAAAAAAAAA/maxresdefault.jpg,ClickedVideoListButton,PlayListButton-AF-VideoListButton-13,Section-D1a5-VideoList-AF,13. ??????,AF.13.,AF.13.,AF.13.,AF.13.,AF.13.,AF.13.,AF.13.,AF.13.,AF.13.,AF.13.
Section-D1a5-VideoList-AF,PlayListButton-AF-VideoListButton-14,14. ??????,https://www.youtube.com/watch?v=AAAAAAAAAAA,https://img.youtube.com/vi/AAAAAAAAAAA/maxresdefault.jpg,ClickedVideoListButton,PlayListButton-AF-VideoListButton-14,Section-D1a5-VideoList-AF,14. ??????,AF.14.,AF.14.,AF.14.,AF.14.,AF.14.,AF.14.,AF.14.,AF.14.,AF.14.,AF.14.
Section-D1a5-VideoList-AF,PlayListButton-AF-VideoListButton-15,15. ??????,https://www.youtube.com/watch?v=AAAAAAAAAAA,https://img.youtube.com/vi/AAAAAAAAAAA/maxresdefault.jpg,ClickedVideoListButton,PlayListButton-AF-VideoListButton-15,Section-D1a5-VideoList-AF,15. ??????,AF.15.,AF.15.,AF.15.,AF.15.,AF.15.,AF.15.,AF.15.,AF.15.,AF.15.,AF.15.
Section-D1a5-VideoList-AF,PlayListButton-AF-VideoListButton-16,16. ??????,https://www.youtube.com/watch?v=AAAAAAAAAAA,https://img.youtube.com/vi/AAAAAAAAAAA/maxresdefault.jpg,ClickedVideoListButton,PlayListButton-AF-VideoListButton-16,Section-D1a5-VideoList-AF,16. ??????,AF.16.,AF.16.,AF.16.,AF.16.,AF.16.,AF.16.,AF.16.,AF.16.,AF.16.,AF.16.
Section-D1a5-VideoList-AF,PlayListButton-AF-VideoListButton-17,17. ??????,https://www.youtube.com/watch?v=AAAAAAAAAAA,https://img.youtube.com/vi/AAAAAAAAAAA/maxresdefault.jpg,ClickedVideoListButton,PlayListButton-AF-VideoListButton-17,Section-D1a5-VideoList-AF,17. ??????,AF.17.,AF.17.,AF.17.,AF.17.,AF.17.,AF.17.,AF.17.,AF.17.,AF.17.,AF.17.
Section-D1a5-VideoList-AF,PlayListButton-AF-VideoListButton-18,18. ??????,https://www.youtube.com/watch?v=AAAAAAAAAAA,https://img.youtube.com/vi/AAAAAAAAAAA/maxresdefault.jpg,ClickedVideoListButton,PlayListButton-AF-VideoListButton-18,Section-D1a5-VideoList-AF,18. ??????,AF.18.,AF.18.,AF.18.,AF.18.,AF.18.,AF.18.,AF.18.,AF.18.,AF.18.,AF.18.
Section-D1a5-VideoList-AF,PlayListButton-AF-VideoListButton-19,19. ??????,https://www.youtube.com/watch?v=AAAAAAAAAAA,https://img.youtube.com/vi/AAAAAAAAAAA/maxresdefault.jpg,ClickedVideoListButton,PlayListButton-AF-VideoListButton-19,Section-D1a5-VideoList-AF,19. ??????,AF.19.,AF.19.,AF.19.,AF.19.,AF.19.,AF.19.,AF.19.,AF.19.,AF.19.,AF.19.
Section-D1a5-VideoList-AF,PlayListButton-AF-VideoListButton-20,20. ??????,https://www.youtube.com/watch?v=AAAAAAAAAAA,https://img.youtube.com/vi/AAAAAAAAAAA/maxresdefault.jpg,ClickedVideoListButton,PlayListButton-AF-VideoListButton-20,Section-D1a5-VideoList-AF,20. ??????,AF.20.,AF.20.,AF.20.,AF.20.,AF.20.,AF.20.,AF.20.,AF.20.,AF.20.,AF.20.
Section-D1a5-VideoList-AG,PlayListButton-AG-VideoListButton-01,01. A-Sirr - Summer Madness,https://www.youtube.com/watch?v=yGE1Gkjy8iI,https://img.youtube.com/vi/yGE1Gkjy8iI/maxresdefault.jpg,ClickedVideoListButton,PlayListButton-AG-VideoListButton-01,Section-D1a5-VideoList-AG,01. ??????,AG.01.,AG.01.,AG.01.,AG.01.,AG.01.,AG.01.,AG.01.,AG.01.,AG.01.,AG.01.
Section-D1a5-VideoList-AG,PlayListButton-AG-VideoListButton-02,02. A-Sirr - Elli's Theme,https://www.youtube.com/watch?v=WYMs-Ypy3mI,https://img.youtube.com/vi/WYMs-Ypy3mI/maxresdefault.jpg,ClickedVideoListButton,PlayListButton-AG-VideoListButton-02,Section-D1a5-VideoList-AG,02. ??????,AG.02.,AG.02.,AG.02.,AG.02.,AG.02.,AG.02.,AG.02.,AG.02.,AG.02.,AG.02.
Section-D1a5-VideoList-AG,PlayListButton-AG-VideoListButton-03,03. Alex Stalart - We Are Not Perfect,https://www.youtube.com/watch?v=YSHgCRFAIEU,https://img.youtube.com/vi/YSHgCRFAIEU/maxresdefault.jpg,ClickedVideoListButton,PlayListButton-AG-VideoListButton-03,Section-D1a5-VideoList-AG,03. ??????,AG.03.,AG.03.,AG.03.,AG.03.,AG.03.,AG.03.,AG.03.,AG.03.,AG.03.,AG.03.
Section-D1a5-VideoList-AG,PlayListButton-AG-VideoListButton-04,04. Alex Stalart - We Are Flying,https://www.youtube.com/watch?v=ddFPlx3vsKY,https://img.youtube.com/vi/ddFPlx3vsKY/maxresdefault.jpg,ClickedVideoListButton,PlayListButton-AG-VideoListButton-04,Section-D1a5-VideoList-AG,04. ??????,AG.04.,AG.04.,AG.04.,AG.04.,AG.04.,AG.04.,AG.04.,AG.04.,AG.04.,AG.04.
Section-D1a5-VideoList-AG,PlayListButton-AG-VideoListButton-05,05. Alex Stalart - Melody Of The Soul,https://www.youtube.com/watch?v=KyY3vyxN1d8,https://img.youtube.com/vi/KyY3vyxN1d8/maxresdefault.jpg,ClickedVideoListButton,PlayListButton-AG-VideoListButton-05,Section-D1a5-VideoList-AG,05. ??????,AG.05.,AG.05.,AG.05.,AG.05.,AG.05.,AG.05.,AG.05.,AG.05.,AG.05.,AG.05.
Section-D1a5-VideoList-AG,PlayListButton-AG-VideoListButton-06,06. Alex Stalart - You are Beautiful,https://www.youtube.com/watch?v=iVPk8G9-TB0,https://img.youtube.com/vi/iVPk8G9-TB0/maxresdefault.jpg,ClickedVideoListButton,PlayListButton-AG-VideoListButton-06,Section-D1a5-VideoList-AG,06. ??????,AG.06.,AG.06.,AG.06.,AG.06.,AG.06.,AG.06.,AG.06.,AG.06.,AG.06.,AG.06.
Section-D1a5-VideoList-AG,PlayListButton-AG-VideoListButton-07,07. Alex Stalart - Piovere,https://www.youtube.com/watch?v=P4QbBcd7wq0,https://img.youtube.com/vi/P4QbBcd7wq0/maxresdefault.jpg,ClickedVideoListButton,PlayListButton-AG-VideoListButton-07,Section-D1a5-VideoList-AG,07. ??????,AG.07.,AG.07.,AG.07.,AG.07.,AG.07.,AG.07.,AG.07.,AG.07.,AG.07.,AG.07.
Section-D1a5-VideoList-AG,PlayListButton-AG-VideoListButton-08,08. Alex Stalart - Secret,https://www.youtube.com/watch?v=gCJaKpVsXzA,https://img.youtube.com/vi/gCJaKpVsXzA/maxresdefault.jpg,ClickedVideoListButton,PlayListButton-AG-VideoListButton-08,Section-D1a5-VideoList-AG,08. ??????,AG.08.,AG.08.,AG.08.,AG.08.,AG.08.,AG.08.,AG.08.,AG.08.,AG.08.,AG.08.
Section-D1a5-VideoList-AG,PlayListButton-AG-VideoListButton-09,09. Alex Stalart - Sommer,https://www.youtube.com/watch?v=x5oAA2H_khE,https://img.youtube.com/vi/x5oAA2H_khE/maxresdefault.jpg,ClickedVideoListButton,PlayListButton-AG-VideoListButton-09,Section-D1a5-VideoList-AG,09. ??????,AG.09.,AG.09.,AG.09.,AG.09.,AG.09.,AG.09.,AG.09.,AG.09.,AG.09.,AG.09.
Section-D1a5-VideoList-AG,PlayListButton-AG-VideoListButton-10,10. Alex Stalart - Not Easy,https://www.youtube.com/watch?v=dD7RuqKC8sU,https://img.youtube.com/vi/dD7RuqKC8sU/maxresdefault.jpg,ClickedVideoListButton,PlayListButton-AG-VideoListButton-10,Section-D1a5-VideoList-AG,10. ??????,AG.10.,AG.10.,AG.10.,AG.10.,AG.10.,AG.10.,AG.10.,AG.10.,AG.10.,AG.10.
Section-D1a5-VideoList-AH,PlayListButton-AH-VideoListButton-01,01. Hi-Gloss - You'll Never Know (Dim Zach remix),https://www.youtube.com/watch?v=Hb-Kn1PW_4s,https://img.youtube.com/vi/Hb-Kn1PW_4s/maxresdefault.jpg,ClickedVideoListButton,PlayListButton-AH-VideoListButton-01,Section-D1a5-VideoList-AH,01. ??????,AH.01.,AH.01.,AH.01.,AH.01.,AH.01.,AH.01.,AH.01.,AH.01.,AH.01.,AH.01.
Section-D1a5-VideoList-AH,PlayListButton-AH-VideoListButton-02,02. Gwen McCrae - Let's Straighten It Out (Dim Zach remix),https://www.youtube.com/watch?v=Dcr9J3GByCQ,https://img.youtube.com/vi/Dcr9J3GByCQ/maxresdefault.jpg,ClickedVideoListButton,PlayListButton-AH-VideoListButton-02,Section-D1a5-VideoList-AH,02. ??????,AH.02.,AH.02.,AH.02.,AH.02.,AH.02.,AH.02.,AH.02.,AH.02.,AH.02.,AH.02.
Section-D1a5-VideoList-AH,PlayListButton-AH-VideoListButton-03,03. Sade - Nothing Can Come Between Us (Master Chic Mix),https://www.youtube.com/watch?v=PQhevLH8gSQ,https://img.youtube.com/vi/PQhevLH8gSQ/maxresdefault.jpg,ClickedVideoListButton,PlayListButton-AH-VideoListButton-03,Section-D1a5-VideoList-AH,03. ??????,AH.03.,AH.03.,AH.03.,AH.03.,AH.03.,AH.03.,AH.03.,AH.03.,AH.03.,AH.03.
Section-D1a5-VideoList-AH,PlayListButton-AH-VideoListButton-04,04. Midnight Soul Session - Write it down,https://www.youtube.com/watch?v=DUNS6JeZhtM,https://img.youtube.com/vi/DUNS6JeZhtM/maxresdefault.jpg,ClickedVideoListButton,PlayListButton-AH-VideoListButton-04,Section-D1a5-VideoList-AH,04. ??????,AH.04.,AH.04.,AH.04.,AH.04.,AH.04.,AH.04.,AH.04.,AH.04.,AH.04.,AH.04.
Section-D1a5-VideoList-AH,PlayListButton-AH-VideoListButton-05,05. Eternal - Don't You Love Me (Nezhdan remix),https://www.youtube.com/watch?v=T11Rwx4phhw,https://img.youtube.com/vi/T11Rwx4phhw/maxresdefault.jpg,ClickedVideoListButton,PlayListButton-AH-VideoListButton-05,Section-D1a5-VideoList-AH,05. ??????,AH.05.,AH.05.,AH.05.,AH.05.,AH.05.,AH.05.,AH.05.,AH.05.,AH.05.,AH.05.
Section-D1a5-VideoList-AH,PlayListButton-AH-VideoListButton-06,06. The RAH Band - Messages From The Stars,https://www.youtube.com/watch?v=jk6qK1wyJwI,https://img.youtube.com/vi/jk6qK1wyJwI/maxresdefault.jpg,ClickedVideoListButton,PlayListButton-AH-VideoListButton-06,Section-D1a5-VideoList-AH,06. ??????,AH.06.,AH.06.,AH.06.,AH.06.,AH.06.,AH.06.,AH.06.,AH.06.,AH.06.,AH.06.
Section-D1a5-VideoList-AH,PlayListButton-AH-VideoListButton-07,07. The Dabeull Band & Jordan Lee - Don’t Forget it,https://www.youtube.com/watch?v=YLXc-YJW9Zg,https://img.youtube.com/vi/YLXc-YJW9Zg/maxresdefault.jpg,ClickedVideoListButton,PlayListButton-AH-VideoListButton-07,Section-D1a5-VideoList-AH,07. ??????,AH.07.,AH.07.,AH.07.,AH.07.,AH.07.,AH.07.,AH.07.,AH.07.,AH.07.,AH.07.
Section-D1a5-VideoList-AH,PlayListButton-AH-VideoListButton-08,08. The Soul Kitchen - You To Me Are Everything,https://www.youtube.com/watch?v=U7rfBYXdjlQ,https://img.youtube.com/vi/U7rfBYXdjlQ/maxresdefault.jpg,ClickedVideoListButton,PlayListButton-AH-VideoListButton-08,Section-D1a5-VideoList-AH,08. ??????,AH.08.,AH.08.,AH.08.,AH.08.,AH.08.,AH.08.,AH.08.,AH.08.,AH.08.,AH.08.
Section-D1a5-VideoList-AH,PlayListButton-AH-VideoListButton-09,09. Marie Flore - Mal Barré,https://www.youtube.com/watch?v=Zx_pqHVOmiA,https://img.youtube.com/vi/Zx_pqHVOmiA/maxresdefault.jpg,ClickedVideoListButton,PlayListButton-AH-VideoListButton-09,Section-D1a5-VideoList-AH,09. ??????,AH.09.,AH.09.,AH.09.,AH.09.,AH.09.,AH.09.,AH.09.,AH.09.,AH.09.,AH.09.
Section-D1a5-VideoList-AH,PlayListButton-AH-VideoListButton-10,10. Le Flex - Sundown,https://www.youtube.com/watch?v=8X7YVs7sofU,https://img.youtube.com/vi/8X7YVs7sofU/maxresdefault.jpg,ClickedVideoListButton,PlayListButton-AH-VideoListButton-10,Section-D1a5-VideoList-AH,10. ??????,AH.10.,AH.10.,AH.10.,AH.10.,AH.10.,AH.10.,AH.10.,AH.10.,AH.10.,AH.10.
Section-D1a5-VideoList-AH,PlayListButton-AH-VideoListButton-11,11. Le Flex - Don't Look Any Further (feat. Jaki Graham) (Dennis Edwards cover),https://www.youtube.com/watch?v=tludght7aQM,https://img.youtube.com/vi/tludght7aQM/maxresdefault.jpg,ClickedVideoListButton,PlayListButton-AH-VideoListButton-11,Section-D1a5-VideoList-AH,11. ??????,AH.11.,AH.11.,AH.11.,AH.11.,AH.11.,AH.11.,AH.11.,AH.11.,AH.11.,AH.11.
Section-D1a5-VideoList-AH,PlayListButton-AH-VideoListButton-12,12. Le Flex - Lovers' Paradise,https://www.youtube.com/watch?v=6TNEO9V8yig,https://img.youtube.com/vi/6TNEO9V8yig/maxresdefault.jpg,ClickedVideoListButton,PlayListButton-AH-VideoListButton-12,Section-D1a5-VideoList-AH,12. ??????,AH.12.,AH.12.,AH.12.,AH.12.,AH.12.,AH.12.,AH.12.,AH.12.,AH.12.,AH.12.
Section-D1a5-VideoList-AH,PlayListButton-AH-VideoListButton-13,13. Le Flex - Prendila Cosi (Take It As It Comes),https://www.youtube.com/watch?v=rmwNaijtNSg,https://img.youtube.com/vi/rmwNaijtNSg/maxresdefault.jpg,ClickedVideoListButton,PlayListButton-AH-VideoListButton-13,Section-D1a5-VideoList-AH,13. ??????,AH.13.,AH.13.,AH.13.,AH.13.,AH.13.,AH.13.,AH.13.,AH.13.,AH.13.,AH.13.
Section-D1a5-VideoList-AH,PlayListButton-AH-VideoListButton-14,14. Le Flex - I'll Be Good To You,https://www.youtube.com/watch?v=l2FfCN31tbw,https://img.youtube.com/vi/l2FfCN31tbw/maxresdefault.jpg,ClickedVideoListButton,PlayListButton-AH-VideoListButton-14,Section-D1a5-VideoList-AH,14. ??????,AH.14.,AH.14.,AH.14.,AH.14.,AH.14.,AH.14.,AH.14.,AH.14.,AH.14.,AH.14.
Section-D1a5-VideoList-AH,PlayListButton-AH-VideoListButton-15,15. Le Flex - Take Good Care Of My Heart (feat. Ali Rose),https://www.youtube.com/watch?v=wQEgWXksDVI,https://img.youtube.com/vi/wQEgWXksDVI/maxresdefault.jpg,ClickedVideoListButton,PlayListButton-AH-VideoListButton-15,Section-D1a5-VideoList-AH,15. ??????,AH.15.,AH.15.,AH.15.,AH.15.,AH.15.,AH.15.,AH.15.,AH.15.,AH.15.,AH.15.
Section-D1a5-VideoList-AH,PlayListButton-AH-VideoListButton-16,16. Le Flex - Falling,https://www.youtube.com/watch?v=l9oUABc2Z1Y,https://img.youtube.com/vi/l9oUABc2Z1Y/maxresdefault.jpg,ClickedVideoListButton,PlayListButton-AH-VideoListButton-16,Section-D1a5-VideoList-AH,16. ??????,AH.16.,AH.16.,AH.16.,AH.16.,AH.16.,AH.16.,AH.16.,AH.16.,AH.16.,AH.16.
Section-D1a5-VideoList-AH,PlayListButton-AH-VideoListButton-17,17. Le Flex - For the Love Of You (Isley Brothers & Whitney Houston cover),https://www.youtube.com/watch?v=8Vn1hU2AQYE,https://img.youtube.com/vi/8Vn1hU2AQYE/maxresdefault.jpg,ClickedVideoListButton,PlayListButton-AH-VideoListButton-17,Section-D1a5-VideoList-AH,17. ??????,AH.17.,AH.17.,AH.17.,AH.17.,AH.17.,AH.17.,AH.17.,AH.17.,AH.17.,AH.17.
Section-D1a5-VideoList-AH,PlayListButton-AH-VideoListButton-18,18. Le Flex - Baby Come to Me (Patti Austin & James Ingram cover),https://www.youtube.com/watch?v=p4k8P9aWicA,https://img.youtube.com/vi/p4k8P9aWicA/maxresdefault.jpg,ClickedVideoListButton,PlayListButton-AH-VideoListButton-18,Section-D1a5-VideoList-AH,18. ??????,AH.18.,AH.18.,AH.18.,AH.18.,AH.18.,AH.18.,AH.18.,AH.18.,AH.18.,AH.18.
Section-D1a5-VideoList-AH,PlayListButton-AH-VideoListButton-19,19. Satin Jackets - Shadow Of You (feat. David Harks),https://www.youtube.com/watch?v=KRA-fFC_DYM,https://img.youtube.com/vi/KRA-fFC_DYM/maxresdefault.jpg,ClickedVideoListButton,PlayListButton-AH-VideoListButton-19,Section-D1a5-VideoList-AH,19. ??????,AH.19.,AH.19.,AH.19.,AH.19.,AH.19.,AH.19.,AH.19.,AH.19.,AH.19.,AH.19.
Section-D1a5-VideoList-AH,PlayListButton-AH-VideoListButton-20,20. Satin Jackets - Somewhere In Paradise (feat. Tailor),https://www.youtube.com/watch?v=Gn1gIZXDCvI,https://img.youtube.com/vi/Gn1gIZXDCvI/maxresdefault.jpg,ClickedVideoListButton,PlayListButton-AH-VideoListButton-20,Section-D1a5-VideoList-AH,20. ??????,AH.20.,AH.20.,AH.20.,AH.20.,AH.20.,AH.20.,AH.20.,AH.20.,AH.20.,AH.20.
Section-D1a5-VideoList-AH,PlayListButton-AH-VideoListButton-21,21. Satin Jackets - Mirage,https://www.youtube.com/watch?v=gimbl_kp6F0,https://img.youtube.com/vi/gimbl_kp6F0/maxresdefault.jpg,ClickedVideoListButton,PlayListButton-AH-VideoListButton-21,Section-D1a5-VideoList-AH,21. ??????,AH.21.,AH.21.,AH.21.,AH.21.,AH.21.,AH.21.,AH.21.,AH.21.,AH.21.,AH.21.
Section-D1a5-VideoList-AH,PlayListButton-AH-VideoListButton-22,22. Brothers Nalbandyan - On The Dancefloor,https://www.youtube.com/watch?v=tZwU0NuQNLY,https://img.youtube.com/vi/tZwU0NuQNLY/maxresdefault.jpg,ClickedVideoListButton,PlayListButton-AH-VideoListButton-22,Section-D1a5-VideoList-AH,22. ??????,AH.22.,AH.22.,AH.22.,AH.22.,AH.22.,AH.22.,AH.22.,AH.22.,AH.22.,AH.22.
Section-D1a5-VideoList-AH,PlayListButton-AH-VideoListButton-23,23. Brothers Nalbandyan - If It's Over (feat. Julaiah),https://www.youtube.com/watch?v=BZUNgVYHv4I,https://img.youtube.com/vi/BZUNgVYHv4I/maxresdefault.jpg,ClickedVideoListButton,PlayListButton-AH-VideoListButton-23,Section-D1a5-VideoList-AH,23. ??????,AH.23.,AH.23.,AH.23.,AH.23.,AH.23.,AH.23.,AH.23.,AH.23.,AH.23.,AH.23.
Section-D1a5-VideoList-AH,PlayListButton-AH-VideoListButton-24,24. Holy Brune - Catching feelings,https://www.youtube.com/watch?v=PyTi1KWSnGc,https://img.youtube.com/vi/PyTi1KWSnGc/maxresdefault.jpg,ClickedVideoListButton,PlayListButton-AH-VideoListButton-24,Section-D1a5-VideoList-AH,24. ??????,AH.24.,AH.24.,AH.24.,AH.24.,AH.24.,AH.24.,AH.24.,AH.24.,AH.24.,AH.24.
Section-D1a5-VideoList-AH,PlayListButton-AH-VideoListButton-25,25. Holy Brune - Fair Game,https://www.youtube.com/watch?v=HieImHsiqps,https://img.youtube.com/vi/HieImHsiqps/maxresdefault.jpg,ClickedVideoListButton,PlayListButton-AH-VideoListButton-25,Section-D1a5-VideoList-AH,25. ??????,AH.25.,AH.25.,AH.25.,AH.25.,AH.25.,AH.25.,AH.25.,AH.25.,AH.25.,AH.25.
Section-D1a5-VideoList-AH,PlayListButton-AH-VideoListButton-26,26. Holy Brune - Off The Ground,https://www.youtube.com/watch?v=pGgJlKle5GI,https://img.youtube.com/vi/pGgJlKle5GI/maxresdefault.jpg,ClickedVideoListButton,PlayListButton-AH-VideoListButton-26,Section-D1a5-VideoList-AH,26. ??????,AH.26.,AH.26.,AH.26.,AH.26.,AH.26.,AH.26.,AH.26.,AH.26.,AH.26.,AH.26.
Section-D1a5-VideoList-AI,PlayListButton-AI-VideoListButton-01,01. Monika XYZ - Love,https://www.youtube.com/watch?v=cAwkkB2iDu4,https://img.youtube.com/vi/cAwkkB2iDu4/maxresdefault.jpg,ClickedVideoListButton,PlayListButton-AI-VideoListButton-01,Section-D1a5-VideoList-AI,01. ??????,AI.01.,AI.01.,AI.01.,AI.01.,AI.01.,AI.01.,AI.01.,AI.01.,AI.01.,AI.01.
Section-D1a5-VideoList-AI,PlayListButton-AI-VideoListButton-02,02. Monika XYZ - Locked-Up Rooms in My Mind,https://www.youtube.com/watch?v=fZoUYEHSYMk,https://img.youtube.com/vi/fZoUYEHSYMk/maxresdefault.jpg,ClickedVideoListButton,PlayListButton-AI-VideoListButton-02,Section-D1a5-VideoList-AI,02. ??????,AI.02.,AI.02.,AI.02.,AI.02.,AI.02.,AI.02.,AI.02.,AI.02.,AI.02.,AI.02.
Section-D1a5-VideoList-AI,PlayListButton-AI-VideoListButton-03,03. Monika XYZ - Fire,https://www.youtube.com/watch?v=OIc8XiRoy9U,https://img.youtube.com/vi/OIc8XiRoy9U/maxresdefault.jpg,ClickedVideoListButton,PlayListButton-AI-VideoListButton-03,Section-D1a5-VideoList-AI,03. ??????,AI.03.,AI.03.,AI.03.,AI.03.,AI.03.,AI.03.,AI.03.,AI.03.,AI.03.,AI.03.
Section-D1a5-VideoList-AI,PlayListButton-AI-VideoListButton-04,04. Monika XYZ - Keep Moving,https://www.youtube.com/watch?v=WAsTBSjD_KA,https://img.youtube.com/vi/WAsTBSjD_KA/maxresdefault.jpg,ClickedVideoListButton,PlayListButton-AI-VideoListButton-04,Section-D1a5-VideoList-AI,04. ??????,AI.04.,AI.04.,AI.04.,AI.04.,AI.04.,AI.04.,AI.04.,AI.04.,AI.04.,AI.04.
Section-D1a5-VideoList-AI,PlayListButton-AI-VideoListButton-05,05. Monika XYZ - Silver Mist,https://www.youtube.com/watch?v=ZfSfp9HN8SI,https://img.youtube.com/vi/ZfSfp9HN8SI/maxresdefault.jpg,ClickedVideoListButton,PlayListButton-AI-VideoListButton-05,Section-D1a5-VideoList-AI,05. ??????,AI.05.,AI.05.,AI.05.,AI.05.,AI.05.,AI.05.,AI.05.,AI.05.,AI.05.,AI.05.
Section-D1a5-VideoList-AI,PlayListButton-AI-VideoListButton-06,06. Monika XYZ - We Can Be Together,https://www.youtube.com/watch?v=7hvb_CIZO4o,https://img.youtube.com/vi/7hvb_CIZO4o/maxresdefault.jpg,ClickedVideoListButton,PlayListButton-AI-VideoListButton-06,Section-D1a5-VideoList-AI,06. ??????,AI.06.,AI.06.,AI.06.,AI.06.,AI.06.,AI.06.,AI.06.,AI.06.,AI.06.,AI.06.
Section-D1a5-VideoList-AI,PlayListButton-AI-VideoListButton-07,07. Monika XYZ - Same Flame,https://www.youtube.com/watch?v=KakagFN9CT0,https://img.youtube.com/vi/KakagFN9CT0/maxresdefault.jpg,ClickedVideoListButton,PlayListButton-AI-VideoListButton-07,Section-D1a5-VideoList-AI,07. ??????,AI.07.,AI.07.,AI.07.,AI.07.,AI.07.,AI.07.,AI.07.,AI.07.,AI.07.,AI.07.
Section-D1a5-VideoList-AI,PlayListButton-AI-VideoListButton-08,08. Monika XYZ - Some of Them Are True,https://www.youtube.com/watch?v=ph8e7p_LvVk,https://img.youtube.com/vi/ph8e7p_LvVk/maxresdefault.jpg,ClickedVideoListButton,PlayListButton-AI-VideoListButton-08,Section-D1a5-VideoList-AI,08. ??????,AI.08.,AI.08.,AI.08.,AI.08.,AI.08.,AI.08.,AI.08.,AI.08.,AI.08.,AI.08.
Section-D1a5-VideoList-AI,PlayListButton-AI-VideoListButton-09,09. Monika XYZ - Is This Love,https://www.youtube.com/watch?v=LnKR2jwtzd0,https://img.youtube.com/vi/LnKR2jwtzd0/maxresdefault.jpg,ClickedVideoListButton,PlayListButton-AI-VideoListButton-09,Section-D1a5-VideoList-AI,09. ??????,AI.09.,AI.09.,AI.09.,AI.09.,AI.09.,AI.09.,AI.09.,AI.09.,AI.09.,AI.09.
Section-D1a5-VideoList-AI,PlayListButton-AI-VideoListButton-10,10. Monika XYZ - You Fallin’,https://www.youtube.com/watch?v=B18pxMt8HIk,https://img.youtube.com/vi/B18pxMt8HIk/maxresdefault.jpg,ClickedVideoListButton,PlayListButton-AI-VideoListButton-10,Section-D1a5-VideoList-AI,10. ??????,AI.10.,AI.10.,AI.10.,AI.10.,AI.10.,AI.10.,AI.10.,AI.10.,AI.10.,AI.10.
Section-D1a5-VideoList-AI,PlayListButton-AI-VideoListButton-11,11. Monika XYZ - Quiet Winter Morning,https://www.youtube.com/watch?v=679KFV5Lr3Y,https://img.youtube.com/vi/679KFV5Lr3Y/maxresdefault.jpg,ClickedVideoListButton,PlayListButton-AI-VideoListButton-11,Section-D1a5-VideoList-AI,11. ??????,AI.11.,AI.11.,AI.11.,AI.11.,AI.11.,AI.11.,AI.11.,AI.11.,AI.11.,AI.11.
Section-D1a5-VideoList-AI,PlayListButton-AI-VideoListButton-12,12. Monika XYZ - Stupid Jokes,https://www.youtube.com/watch?v=0JbeUXUSZZg,https://img.youtube.com/vi/0JbeUXUSZZg/maxresdefault.jpg,ClickedVideoListButton,PlayListButton-AI-VideoListButton-12,Section-D1a5-VideoList-AI,12. ??????,AI.12.,AI.12.,AI.12.,AI.12.,AI.12.,AI.12.,AI.12.,AI.12.,AI.12.,AI.12.
Section-D1a5-VideoList-AI,PlayListButton-AI-VideoListButton-13,13. Monika XYZ - If I Can’t Love You,https://www.youtube.com/watch?v=SVYiiHfB45M,https://img.youtube.com/vi/SVYiiHfB45M/maxresdefault.jpg,ClickedVideoListButton,PlayListButton-AI-VideoListButton-13,Section-D1a5-VideoList-AI,13. ??????,AI.13.,AI.13.,AI.13.,AI.13.,AI.13.,AI.13.,AI.13.,AI.13.,AI.13.,AI.13.
Section-D1a5-VideoList-AI,PlayListButton-AI-VideoListButton-14,14. Monika XYZ - Save It Like It’s the First Time,https://www.youtube.com/watch?v=S6N9T5mNZI8,https://img.youtube.com/vi/S6N9T5mNZI8/maxresdefault.jpg,ClickedVideoListButton,PlayListButton-AI-VideoListButton-14,Section-D1a5-VideoList-AI,14. ??????,AI.14.,AI.14.,AI.14.,AI.14.,AI.14.,AI.14.,AI.14.,AI.14.,AI.14.,AI.14.
Section-D1a5-VideoList-AI,PlayListButton-AI-VideoListButton-15,15. Monika XYZ - We Were in Love,https://www.youtube.com/watch?v=KT7boJ_M1AA,https://img.youtube.com/vi/KT7boJ_M1AA/maxresdefault.jpg,ClickedVideoListButton,PlayListButton-AI-VideoListButton-15,Section-D1a5-VideoList-AI,15. ??????,AI.15.,AI.15.,AI.15.,AI.15.,AI.15.,AI.15.,AI.15.,AI.15.,AI.15.,AI.15.
Section-D1a5-VideoList-AI,PlayListButton-AI-VideoListButton-16,16. Monika XYZ - Something Beautiful,https://www.youtube.com/watch?v=92-pt5XCAMo,https://img.youtube.com/vi/92-pt5XCAMo/maxresdefault.jpg,ClickedVideoListButton,PlayListButton-AI-VideoListButton-16,Section-D1a5-VideoList-AI,16. ??????,AI.16.,AI.16.,AI.16.,AI.16.,AI.16.,AI.16.,AI.16.,AI.16.,AI.16.,AI.16.
Section-D1a5-VideoList-AI,PlayListButton-AI-VideoListButton-17,17. Monika XYZ - The Ocean,https://www.youtube.com/watch?v=HTCApsZUT5Y,https://img.youtube.com/vi/HTCApsZUT5Y/maxresdefault.jpg,ClickedVideoListButton,PlayListButton-AI-VideoListButton-17,Section-D1a5-VideoList-AI,17. ??????,AI.17.,AI.17.,AI.17.,AI.17.,AI.17.,AI.17.,AI.17.,AI.17.,AI.17.,AI.17.
Section-D1a5-VideoList-AI,PlayListButton-AI-VideoListButton-18,18. Monika XYZ - Luxury Summer,https://www.youtube.com/watch?v=k5YQsyxIF6s,https://img.youtube.com/vi/k5YQsyxIF6s/maxresdefault.jpg,ClickedVideoListButton,PlayListButton-AI-VideoListButton-18,Section-D1a5-VideoList-AI,18. ??????,AI.18.,AI.18.,AI.18.,AI.18.,AI.18.,AI.18.,AI.18.,AI.18.,AI.18.,AI.18.
Section-D1a5-VideoList-AI,PlayListButton-AI-VideoListButton-19,19. Monika XYZ - I Can,https://www.youtube.com/watch?v=A6LiOLnRA4o,https://img.youtube.com/vi/A6LiOLnRA4o/maxresdefault.jpg,ClickedVideoListButton,PlayListButton-AI-VideoListButton-19,Section-D1a5-VideoList-AI,19. ??????,AI.19.,AI.19.,AI.19.,AI.19.,AI.19.,AI.19.,AI.19.,AI.19.,AI.19.,AI.19.
Section-D1a5-VideoList-AI,PlayListButton-AI-VideoListButton-20,20. Monika XYZ - Mit Dir,https://www.youtube.com/watch?v=ijEg-kZKXRE,https://img.youtube.com/vi/ijEg-kZKXRE/maxresdefault.jpg,ClickedVideoListButton,PlayListButton-AI-VideoListButton-20,Section-D1a5-VideoList-AI,20. ??????,AI.20.,AI.20.,AI.20.,AI.20.,AI.20.,AI.20.,AI.20.,AI.20.,AI.20.,AI.20.
Section-D1a5-VideoList-AI,PlayListButton-AI-VideoListButton-21,21. Monika XYZ - Heart Like a Feather,https://www.youtube.com/watch?v=Q0X7-O1Prpw,https://img.youtube.com/vi/Q0X7-O1Prpw/maxresdefault.jpg,ClickedVideoListButton,PlayListButton-AI-VideoListButton-21,Section-D1a5-VideoList-AI,21. ??????,AI.21.,AI.21.,AI.21.,AI.21.,AI.21.,AI.21.,AI.21.,AI.21.,AI.21.,AI.21.
Section-D1a5-VideoList-AI,PlayListButton-AI-VideoListButton-22,22. Monika XYZ - With You (She),https://www.youtube.com/watch?v=ZSgZo5abhCI,https://img.youtube.com/vi/ZSgZo5abhCI/maxresdefault.jpg,ClickedVideoListButton,PlayListButton-AI-VideoListButton-22,Section-D1a5-VideoList-AI,22. ??????,AI.22.,AI.22.,AI.22.,AI.22.,AI.22.,AI.22.,AI.22.,AI.22.,AI.22.,AI.22.
Section-D1a5-VideoList-AI,PlayListButton-AI-VideoListButton-23,23. Monika XYZ - Like Flame,https://www.youtube.com/watch?v=VzDX98WklaA,https://img.youtube.com/vi/VzDX98WklaA/maxresdefault.jpg,ClickedVideoListButton,PlayListButton-AI-VideoListButton-23,Section-D1a5-VideoList-AI,23. ??????,AI.23.,AI.23.,AI.23.,AI.23.,AI.23.,AI.23.,AI.23.,AI.23.,AI.23.,AI.23.
Section-D1a5-VideoList-AJ,PlayListButton-AJ-VideoListButton-01,01. Nika Bliadze & Besso - First Fusion,https://www.youtube.com/watch?v=YL-6rlhOdpk,https://img.youtube.com/vi/YL-6rlhOdpk/maxresdefault.jpg,ClickedVideoListButton,PlayListButton-AJ-VideoListButton-01,Section-D1a5-VideoList-AJ,01. ??????,AJ.01.,AJ.01.,AJ.01.,AJ.01.,AJ.01.,AJ.01.,AJ.01.,AJ.01.,AJ.01.,AJ.01.
Section-D1a5-VideoList-AJ,PlayListButton-AJ-VideoListButton-02,02. Nika Bliadze - Clouds Of Sunset,https://www.youtube.com/watch?v=__FWtKNr91w,https://img.youtube.com/vi/__FWtKNr91w/maxresdefault.jpg,ClickedVideoListButton,PlayListButton-AJ-VideoListButton-02,Section-D1a5-VideoList-AJ,02. ??????,AJ.02.,AJ.02.,AJ.02.,AJ.02.,AJ.02.,AJ.02.,AJ.02.,AJ.02.,AJ.02.,AJ.02.
Section-D1a5-VideoList-AJ,PlayListButton-AJ-VideoListButton-03,03. Nika Bliadze - Difference,https://www.youtube.com/watch?v=jY1SPEaOrgo,https://img.youtube.com/vi/jY1SPEaOrgo/maxresdefault.jpg,ClickedVideoListButton,PlayListButton-AJ-VideoListButton-03,Section-D1a5-VideoList-AJ,03. ??????,AJ.03.,AJ.03.,AJ.03.,AJ.03.,AJ.03.,AJ.03.,AJ.03.,AJ.03.,AJ.03.,AJ.03.
Section-D1a5-VideoList-AJ,PlayListButton-AJ-VideoListButton-04,04. Nika Bliadze - Alter Ego,https://www.youtube.com/watch?v=I9K3gNzmmaM,https://img.youtube.com/vi/I9K3gNzmmaM/maxresdefault.jpg,ClickedVideoListButton,PlayListButton-AJ-VideoListButton-04,Section-D1a5-VideoList-AJ,04. ??????,AJ.04.,AJ.04.,AJ.04.,AJ.04.,AJ.04.,AJ.04.,AJ.04.,AJ.04.,AJ.04.,AJ.04.
Section-D1a5-VideoList-AJ,PlayListButton-AJ-VideoListButton-05,05. Nika Bliadze - Retour à la mer,https://www.youtube.com/watch?v=lBY7zR0VPm0,https://img.youtube.com/vi/lBY7zR0VPm0/maxresdefault.jpg,ClickedVideoListButton,PlayListButton-AJ-VideoListButton-05,Section-D1a5-VideoList-AJ,05. ??????,AJ.05.,AJ.05.,AJ.05.,AJ.05.,AJ.05.,AJ.05.,AJ.05.,AJ.05.,AJ.05.,AJ.05.
Section-D1a5-VideoList-AJ,PlayListButton-AJ-VideoListButton-06,06. Blank & Jones - Sea Dreamin',https://www.youtube.com/watch?v=Y98s_Z2ToMQ,https://img.youtube.com/vi/Y98s_Z2ToMQ/maxresdefault.jpg,ClickedVideoListButton,PlayListButton-AJ-VideoListButton-06,Section-D1a5-VideoList-AJ,06. ??????,AJ.06.,AJ.06.,AJ.06.,AJ.06.,AJ.06.,AJ.06.,AJ.06.,AJ.06.,AJ.06.,AJ.06.
Section-D1a5-VideoList-AJ,PlayListButton-AJ-VideoListButton-07,07. Blank & Jones - Get Down,https://www.youtube.com/watch?v=AYeEUcmA0AM,https://img.youtube.com/vi/AYeEUcmA0AM/maxresdefault.jpg,ClickedVideoListButton,PlayListButton-AJ-VideoListButton-07,Section-D1a5-VideoList-AJ,07. ??????,AJ.07.,AJ.07.,AJ.07.,AJ.07.,AJ.07.,AJ.07.,AJ.07.,AJ.07.,AJ.07.,AJ.07.
Section-D1a5-VideoList-AJ,PlayListButton-AJ-VideoListButton-08,08. Blank & Jones - Sunny Life,https://www.youtube.com/watch?v=yO7_35OND3c,https://img.youtube.com/vi/yO7_35OND3c/maxresdefault.jpg,ClickedVideoListButton,PlayListButton-AJ-VideoListButton-08,Section-D1a5-VideoList-AJ,08. ??????,AJ.08.,AJ.08.,AJ.08.,AJ.08.,AJ.08.,AJ.08.,AJ.08.,AJ.08.,AJ.08.,AJ.08.
Section-D1a5-VideoList-AJ,PlayListButton-AJ-VideoListButton-09,09. Blank & Jones - Nite Glow,https://www.youtube.com/watch?v=MPfKs8z1bSI,https://img.youtube.com/vi/MPfKs8z1bSI/maxresdefault.jpg,ClickedVideoListButton,PlayListButton-AJ-VideoListButton-09,Section-D1a5-VideoList-AJ,09. ??????,AJ.09.,AJ.09.,AJ.09.,AJ.09.,AJ.09.,AJ.09.,AJ.09.,AJ.09.,AJ.09.,AJ.09.
Section-D1a5-VideoList-AJ,PlayListButton-AJ-VideoListButton-10,10. Blank & Jones - Summer Noire,https://www.youtube.com/watch?v=0jVy31HZWYI,https://img.youtube.com/vi/0jVy31HZWYI/maxresdefault.jpg,ClickedVideoListButton,PlayListButton-AJ-VideoListButton-10,Section-D1a5-VideoList-AJ,10. ??????,AJ.10.,AJ.10.,AJ.10.,AJ.10.,AJ.10.,AJ.10.,AJ.10.,AJ.10.,AJ.10.,AJ.10.
Section-D1a5-VideoList-AJ,PlayListButton-AJ-VideoListButton-11,11. Blank & Jones - Alone In This Rhythm (Ben Macklin remix),https://www.youtube.com/watch?v=ZLm8QwVGXW0,https://img.youtube.com/vi/ZLm8QwVGXW0/maxresdefault.jpg,ClickedVideoListButton,PlayListButton-AJ-VideoListButton-11,Section-D1a5-VideoList-AJ,11. ??????,AJ.11.,AJ.11.,AJ.11.,AJ.11.,AJ.11.,AJ.11.,AJ.11.,AJ.11.,AJ.11.,AJ.11.
Section-D1a5-VideoList-AJ,PlayListButton-AJ-VideoListButton-12,12. Besso - Moments In Time,https://www.youtube.com/watch?v=Redb1H_Qn0c,https://img.youtube.com/vi/Redb1H_Qn0c/maxresdefault.jpg,ClickedVideoListButton,PlayListButton-AJ-VideoListButton-12,Section-D1a5-VideoList-AJ,12. ??????,AJ.12.,AJ.12.,AJ.12.,AJ.12.,AJ.12.,AJ.12.,AJ.12.,AJ.12.,AJ.12.,AJ.12.
Section-D1a5-VideoList-AJ,PlayListButton-AJ-VideoListButton-13,13. Besso - Lost In Love,https://www.youtube.com/watch?v=PzpnKbb8AAg,https://img.youtube.com/vi/PzpnKbb8AAg/maxresdefault.jpg,ClickedVideoListButton,PlayListButton-AJ-VideoListButton-13,Section-D1a5-VideoList-AJ,13. ??????,AJ.13.,AJ.13.,AJ.13.,AJ.13.,AJ.13.,AJ.13.,AJ.13.,AJ.13.,AJ.13.,AJ.13.
Section-D1a5-VideoList-AJ,PlayListButton-AJ-VideoListButton-14,14. Besso - Oh Baby,https://www.youtube.com/watch?v=KKfnTqpvm8I,https://img.youtube.com/vi/KKfnTqpvm8I/maxresdefault.jpg,ClickedVideoListButton,PlayListButton-AJ-VideoListButton-14,Section-D1a5-VideoList-AJ,14. ??????,AJ.14.,AJ.14.,AJ.14.,AJ.14.,AJ.14.,AJ.14.,AJ.14.,AJ.14.,AJ.14.,AJ.14.
Section-D1a5-VideoList-AJ,PlayListButton-AJ-VideoListButton-15,15. Besso - Traveling Through Time,https://www.youtube.com/watch?v=vNsGWeemXxc,https://img.youtube.com/vi/vNsGWeemXxc/maxresdefault.jpg,ClickedVideoListButton,PlayListButton-AJ-VideoListButton-15,Section-D1a5-VideoList-AJ,15. ??????,AJ.15.,AJ.15.,AJ.15.,AJ.15.,AJ.15.,AJ.15.,AJ.15.,AJ.15.,AJ.15.,AJ.15.
Section-D1a5-VideoList-AJ,PlayListButton-AJ-VideoListButton-16,16. Besso - Dreamlover,https://www.youtube.com/watch?v=gsyRtlJi6ug,https://img.youtube.com/vi/gsyRtlJi6ug/maxresdefault.jpg,ClickedVideoListButton,PlayListButton-AJ-VideoListButton-16,Section-D1a5-VideoList-AJ,16. ??????,AJ.16.,AJ.16.,AJ.16.,AJ.16.,AJ.16.,AJ.16.,AJ.16.,AJ.16.,AJ.16.,AJ.16.
Section-D1a5-VideoList-AJ,PlayListButton-AJ-VideoListButton-17,17. Besso - Miracle Nights,https://www.youtube.com/watch?v=LGHwPS3Tqu8,https://img.youtube.com/vi/LGHwPS3Tqu8/maxresdefault.jpg,ClickedVideoListButton,PlayListButton-AJ-VideoListButton-17,Section-D1a5-VideoList-AJ,17. ??????,AJ.17.,AJ.17.,AJ.17.,AJ.17.,AJ.17.,AJ.17.,AJ.17.,AJ.17.,AJ.17.,AJ.17.
Section-D1a5-VideoList-AJ,PlayListButton-AJ-VideoListButton-18,18. Besso - I Like You,https://www.youtube.com/watch?v=2Rjc2qRSoAI,https://img.youtube.com/vi/2Rjc2qRSoAI/maxresdefault.jpg,ClickedVideoListButton,PlayListButton-AJ-VideoListButton-18,Section-D1a5-VideoList-AJ,18. ??????,AJ.18.,AJ.18.,AJ.18.,AJ.18.,AJ.18.,AJ.18.,AJ.18.,AJ.18.,AJ.18.,AJ.18.
Section-D1a5-VideoList-AJ,PlayListButton-AJ-VideoListButton-19,19. Besso - Purple May,https://www.youtube.com/watch?v=7fY3L4k1u20,https://img.youtube.com/vi/7fY3L4k1u20/maxresdefault.jpg,ClickedVideoListButton,PlayListButton-AJ-VideoListButton-19,Section-D1a5-VideoList-AJ,19. ??????,AJ.19.,AJ.19.,AJ.19.,AJ.19.,AJ.19.,AJ.19.,AJ.19.,AJ.19.,AJ.19.,AJ.19.
Section-D1a5-VideoList-AJ,PlayListButton-AJ-VideoListButton-20,20. Besso - Enthuse,https://www.youtube.com/watch?v=LgTb9FdGYfM,https://img.youtube.com/vi/LgTb9FdGYfM/maxresdefault.jpg,ClickedVideoListButton,PlayListButton-AJ-VideoListButton-20,Section-D1a5-VideoList-AJ,20. ??????,AJ.20.,AJ.20.,AJ.20.,AJ.20.,AJ.20.,AJ.20.,AJ.20.,AJ.20.,AJ.20.,AJ.20.
Section-D1a5-VideoList-AJ,PlayListButton-AJ-VideoListButton-21,21. Besso - Happy Days,https://www.youtube.com/watch?v=a4NLidOb2tg,https://img.youtube.com/vi/a4NLidOb2tg/maxresdefault.jpg,ClickedVideoListButton,PlayListButton-AJ-VideoListButton-21,Section-D1a5-VideoList-AJ,21. ??????,AJ.21.,AJ.21.,AJ.21.,AJ.21.,AJ.21.,AJ.21.,AJ.21.,AJ.21.,AJ.21.,AJ.21.
Section-D1a5-VideoList-AJ,PlayListButton-AJ-VideoListButton-22,22. Besso - My Foolish Mind,https://www.youtube.com/watch?v=7tuGCnGHO7U,https://img.youtube.com/vi/7tuGCnGHO7U/maxresdefault.jpg,ClickedVideoListButton,PlayListButton-AJ-VideoListButton-22,Section-D1a5-VideoList-AJ,22. ??????,AJ.22.,AJ.22.,AJ.22.,AJ.22.,AJ.22.,AJ.22.,AJ.22.,AJ.22.,AJ.22.,AJ.22.
Section-D1a5-VideoList-AJ,PlayListButton-AJ-VideoListButton-23,23. Sid Baxter - Flashback,https://www.youtube.com/watch?v=8vsLXJL20zw,https://img.youtube.com/vi/8vsLXJL20zw/maxresdefault.jpg,ClickedVideoListButton,PlayListButton-AJ-VideoListButton-23,Section-D1a5-VideoList-AJ,23. ??????,AJ.23.,AJ.23.,AJ.23.,AJ.23.,AJ.23.,AJ.23.,AJ.23.,AJ.23.,AJ.23.,AJ.23.
Section-D1a5-VideoList-AJ,PlayListButton-AJ-VideoListButton-24,24. Shakatak - Night Birds (Dim Zach remix),https://www.youtube.com/watch?v=10Ju1ADDyg0,https://img.youtube.com/vi/10Ju1ADDyg0/maxresdefault.jpg,ClickedVideoListButton,PlayListButton-AJ-VideoListButton-24,Section-D1a5-VideoList-AJ,24. ??????,AJ.24.,AJ.24.,AJ.24.,AJ.24.,AJ.24.,AJ.24.,AJ.24.,AJ.24.,AJ.24.,AJ.24.
Section-D1a5-VideoList-AJ,PlayListButton-AJ-VideoListButton-25,25. Shakatak - Invitations (Dim Zach remix),https://www.youtube.com/watch?v=fb7pX1gDwXA,https://img.youtube.com/vi/fb7pX1gDwXA/maxresdefault.jpg,ClickedVideoListButton,PlayListButton-AJ-VideoListButton-25,Section-D1a5-VideoList-AJ,25. ??????,AJ.25.,AJ.25.,AJ.25.,AJ.25.,AJ.25.,AJ.25.,AJ.25.,AJ.25.,AJ.25.,AJ.25.
Section-D1a5-VideoList-AJ,PlayListButton-AJ-VideoListButton-26,26. Schwarz & Funk - Ocean Drive,https://www.youtube.com/watch?v=1UI1smjqFd4,https://img.youtube.com/vi/1UI1smjqFd4/maxresdefault.jpg,ClickedVideoListButton,PlayListButton-AJ-VideoListButton-26,Section-D1a5-VideoList-AJ,26. ??????,AJ.26.,AJ.26.,AJ.26.,AJ.26.,AJ.26.,AJ.26.,AJ.26.,AJ.26.,AJ.26.,AJ.26.
Section-D1a5-VideoList-AJ,PlayListButton-AJ-VideoListButton-27,27. Sine - Always,https://www.youtube.com/watch?v=8VpRxmTtvnE,https://img.youtube.com/vi/8VpRxmTtvnE/maxresdefault.jpg,ClickedVideoListButton,PlayListButton-AJ-VideoListButton-27,Section-D1a5-VideoList-AJ,27. ??????,AJ.27.,AJ.27.,AJ.27.,AJ.27.,AJ.27.,AJ.27.,AJ.27.,AJ.27.,AJ.27.,AJ.27.
Section-D1a5-VideoList-AJ,PlayListButton-AJ-VideoListButton-28,28. dZihan & Kamien - Homebase,https://www.youtube.com/watch?v=tQ-vq8UuV28,https://img.youtube.com/vi/tQ-vq8UuV28/maxresdefault.jpg,ClickedVideoListButton,PlayListButton-AJ-VideoListButton-28,Section-D1a5-VideoList-AJ,28. ??????,AJ.28.,AJ.28.,AJ.28.,AJ.28.,AJ.28.,AJ.28.,AJ.28.,AJ.28.,AJ.28.,AJ.28.
Section-D1a5-VideoList-AJ,PlayListButton-AJ-VideoListButton-29,29. Bedroom Lullaby - Kisses In the Rain,https://www.youtube.com/watch?v=cOZGKjLoo64,https://img.youtube.com/vi/cOZGKjLoo64/maxresdefault.jpg,ClickedVideoListButton,PlayListButton-AJ-VideoListButton-29,Section-D1a5-VideoList-AJ,29. ??????,AJ.29.,AJ.29.,AJ.29.,AJ.29.,AJ.29.,AJ.29.,AJ.29.,AJ.29.,AJ.29.,AJ.29.
Section-D1a5-VideoList-AJ,PlayListButton-AJ-VideoListButton-30,30. Pascal Dubois - Smooth Calling,https://www.youtube.com/watch?v=X2c8NH5QXvM,https://img.youtube.com/vi/X2c8NH5QXvM/maxresdefault.jpg,ClickedVideoListButton,PlayListButton-AJ-VideoListButton-30,Section-D1a5-VideoList-AJ,30. ??????,AJ.30.,AJ.30.,AJ.30.,AJ.30.,AJ.30.,AJ.30.,AJ.30.,AJ.30.,AJ.30.,AJ.30.
Section-D1a5-VideoList-AJ,PlayListButton-AJ-VideoListButton-31,31. Frank Borell - Dreamland,https://www.youtube.com/watch?v=areu-We-uUg,https://img.youtube.com/vi/areu-We-uUg/maxresdefault.jpg,ClickedVideoListButton,PlayListButton-AJ-VideoListButton-31,Section-D1a5-VideoList-AJ,31. ??????,AJ.31.,AJ.31.,AJ.31.,AJ.31.,AJ.31.,AJ.31.,AJ.31.,AJ.31.,AJ.31.,AJ.31.
Section-D1a5-VideoList-AJ,PlayListButton-AJ-VideoListButton-32,32. Siri Umann - Hypnotic Desires,https://www.youtube.com/watch?v=Oa0oIMfVomA,https://img.youtube.com/vi/Oa0oIMfVomA/maxresdefault.jpg,ClickedVideoListButton,PlayListButton-AJ-VideoListButton-32,Section-D1a5-VideoList-AJ,32. ??????,AJ.32.,AJ.32.,AJ.32.,AJ.32.,AJ.32.,AJ.32.,AJ.32.,AJ.32.,AJ.32.,AJ.32.
Section-D1a5-VideoList-AJ,PlayListButton-AJ-VideoListButton-33,33. Schwarz & Funk - Savannah Sunset,https://www.youtube.com/watch?v=v2s0pjX0WF0,https://img.youtube.com/vi/v2s0pjX0WF0/maxresdefault.jpg,ClickedVideoListButton,PlayListButton-AJ-VideoListButton-33,Section-D1a5-VideoList-AJ,33. ??????,AJ.33.,AJ.33.,AJ.33.,AJ.33.,AJ.33.,AJ.33.,AJ.33.,AJ.33.,AJ.33.,AJ.33.
Section-D1a5-VideoList-AJ,PlayListButton-AJ-VideoListButton-34,34. Magic Waves - Algo Nuevo (feat. Debora Vilchez),https://www.youtube.com/watch?v=mv2auf1BbZ0,https://img.youtube.com/vi/mv2auf1BbZ0/maxresdefault.jpg,ClickedVideoListButton,PlayListButton-AJ-VideoListButton-34,Section-D1a5-VideoList-AJ,34. ??????,AJ.34.,AJ.34.,AJ.34.,AJ.34.,AJ.34.,AJ.34.,AJ.34.,AJ.34.,AJ.34.,AJ.34.
Section-D1a5-VideoList-AJ,PlayListButton-AJ-VideoListButton-35,35. The Man Behind C. - Fluye,https://www.youtube.com/watch?v=-eWLCfNWJOg,https://img.youtube.com/vi/-eWLCfNWJOg/maxresdefault.jpg,ClickedVideoListButton,PlayListButton-AJ-VideoListButton-35,Section-D1a5-VideoList-AJ,35. ??????,AJ.35.,AJ.35.,AJ.35.,AJ.35.,AJ.35.,AJ.35.,AJ.35.,AJ.35.,AJ.35.,AJ.35.
Section-D1a5-VideoList-AJ,PlayListButton-AJ-VideoListButton-36,36. Schwarz & Funk - Ease,https://www.youtube.com/watch?v=8yaIqlxA9SQ,https://img.youtube.com/vi/8yaIqlxA9SQ/maxresdefault.jpg,ClickedVideoListButton,PlayListButton-AJ-VideoListButton-36,Section-D1a5-VideoList-AJ,36. ??????,AJ.36.,AJ.36.,AJ.36.,AJ.36.,AJ.36.,AJ.36.,AJ.36.,AJ.36.,AJ.36.,AJ.36.
Section-D1a5-VideoList-AK,PlayListButton-AK-VideoListButton-01,01. Sade - Kiss of Life (Live),https://www.youtube.com/watch?v=rKHgSM-IK3s,https://img.youtube.com/vi/rKHgSM-IK3s/maxresdefault.jpg,ClickedVideoListButton,PlayListButton-AK-VideoListButton-01,Section-D1a5-VideoList-AK,01. ??????,AK.01.,AK.01.,AK.01.,AK.01.,AK.01.,AK.01.,AK.01.,AK.01.,AK.01.,AK.01.
Section-D1a5-VideoList-AK,PlayListButton-AK-VideoListButton-02,02. Sade - Cherish the Day (Live),https://www.youtube.com/watch?v=bTp3pXH4YRk,https://img.youtube.com/vi/bTp3pXH4YRk/maxresdefault.jpg,ClickedVideoListButton,PlayListButton-AK-VideoListButton-02,Section-D1a5-VideoList-AK,02. ??????,AK.02.,AK.02.,AK.02.,AK.02.,AK.02.,AK.02.,AK.02.,AK.02.,AK.02.,AK.02.
Section-D1a5-VideoList-AK,PlayListButton-AK-VideoListButton-03,03. Sade - King of Sorrow (Live),https://www.youtube.com/watch?v=5wMQNIK9OIk,https://img.youtube.com/vi/5wMQNIK9OIk/maxresdefault.jpg,ClickedVideoListButton,PlayListButton-AK-VideoListButton-03,Section-D1a5-VideoList-AK,03. ??????,AK.03.,AK.03.,AK.03.,AK.03.,AK.03.,AK.03.,AK.03.,AK.03.,AK.03.,AK.03.
Section-D1a5-VideoList-AK,PlayListButton-AK-VideoListButton-04,04. Sade - Is It a Crime (Live),https://www.youtube.com/watch?v=3FeserOHtgg,https://img.youtube.com/vi/3FeserOHtgg/maxresdefault.jpg,ClickedVideoListButton,PlayListButton-AK-VideoListButton-04,Section-D1a5-VideoList-AK,04. ??????,AK.04.,AK.04.,AK.04.,AK.04.,AK.04.,AK.04.,AK.04.,AK.04.,AK.04.,AK.04.
Section-D1a5-VideoList-AK,PlayListButton-AK-VideoListButton-05,05. Sade - The Sweetest Taboo (Live),https://www.youtube.com/watch?v=dqo2DxUBb-o,https://img.youtube.com/vi/dqo2DxUBb-o/maxresdefault.jpg,ClickedVideoListButton,PlayListButton-AK-VideoListButton-05,Section-D1a5-VideoList-AK,05. ??????,AK.05.,AK.05.,AK.05.,AK.05.,AK.05.,AK.05.,AK.05.,AK.05.,AK.05.,AK.05.
Section-D1a5-VideoList-AK,PlayListButton-AK-VideoListButton-06,06. Sade - Smooth Operator (Live),https://www.youtube.com/watch?v=r0yI78cFeVs,https://img.youtube.com/vi/r0yI78cFeVs/maxresdefault.jpg,ClickedVideoListButton,PlayListButton-AK-VideoListButton-06,Section-D1a5-VideoList-AK,06. ??????,AK.06.,AK.06.,AK.06.,AK.06.,AK.06.,AK.06.,AK.06.,AK.06.,AK.06.,AK.06.
Section-D1a5-VideoList-AK,PlayListButton-AK-VideoListButton-07,07. Sade - Your Love Is King (Live),https://www.youtube.com/watch?v=1yfuCpcX7EU,https://img.youtube.com/vi/1yfuCpcX7EU/maxresdefault.jpg,ClickedVideoListButton,PlayListButton-AK-VideoListButton-07,Section-D1a5-VideoList-AK,07. ??????,AK.07.,AK.07.,AK.07.,AK.07.,AK.07.,AK.07.,AK.07.,AK.07.,AK.07.,AK.07.
Section-D1a5-VideoList-AK,PlayListButton-AK-VideoListButton-08,08. Sade - Love Is Stronger Than Pride (Live),https://www.youtube.com/watch?v=s0RK_LomzWg,https://img.youtube.com/vi/s0RK_LomzWg/maxresdefault.jpg,ClickedVideoListButton,PlayListButton-AK-VideoListButton-08,Section-D1a5-VideoList-AK,08. ??????,AK.08.,AK.08.,AK.08.,AK.08.,AK.08.,AK.08.,AK.08.,AK.08.,AK.08.,AK.08.
Section-D1a5-VideoList-AK,PlayListButton-AK-VideoListButton-09,09. Sade - No Ordinary Love (Live),https://www.youtube.com/watch?v=au8rHGvytn8,https://img.youtube.com/vi/au8rHGvytn8/maxresdefault.jpg,ClickedVideoListButton,PlayListButton-AK-VideoListButton-09,Section-D1a5-VideoList-AK,09. ??????,AK.09.,AK.09.,AK.09.,AK.09.,AK.09.,AK.09.,AK.09.,AK.09.,AK.09.,AK.09.
Section-D1a5-VideoList-AK,PlayListButton-AK-VideoListButton-10,10. Sade - Pearls (Live),https://www.youtube.com/watch?v=q98vhT0QhFM,https://img.youtube.com/vi/q98vhT0QhFM/maxresdefault.jpg,ClickedVideoListButton,PlayListButton-AK-VideoListButton-10,Section-D1a5-VideoList-AK,10. ??????,AK.10.,AK.10.,AK.10.,AK.10.,AK.10.,AK.10.,AK.10.,AK.10.,AK.10.,AK.10.
Section-D1a5-VideoList-AK,PlayListButton-AK-VideoListButton-11,11. Sade - The Moon and the Sky (Live),https://www.youtube.com/watch?v=Xvz6MEOtwyo,https://img.youtube.com/vi/Xvz6MEOtwyo/maxresdefault.jpg,ClickedVideoListButton,PlayListButton-AK-VideoListButton-11,Section-D1a5-VideoList-AK,11. ??????,AK.11.,AK.11.,AK.11.,AK.11.,AK.11.,AK.11.,AK.11.,AK.11.,AK.11.,AK.11.
Section-D1a5-VideoList-AK,PlayListButton-AK-VideoListButton-12,12. Sade - Jezebel (Live),https://www.youtube.com/watch?v=yK3IlV3l9xY,https://img.youtube.com/vi/yK3IlV3l9xY/maxresdefault.jpg,ClickedVideoListButton,PlayListButton-AK-VideoListButton-12,Section-D1a5-VideoList-AK,12. ??????,AK.12.,AK.12.,AK.12.,AK.12.,AK.12.,AK.12.,AK.12.,AK.12.,AK.12.,AK.12.
Section-D1a5-VideoList-AK,PlayListButton-AK-VideoListButton-13,13. Sade - Soldier Of Love (Live),https://www.youtube.com/watch?v=TaD3SgPuccE,https://img.youtube.com/vi/TaD3SgPuccE/maxresdefault.jpg,ClickedVideoListButton,PlayListButton-AK-VideoListButton-13,Section-D1a5-VideoList-AK,13. ??????,AK.13.,AK.13.,AK.13.,AK.13.,AK.13.,AK.13.,AK.13.,AK.13.,AK.13.,AK.13.
Section-D1a5-VideoList-AK,PlayListButton-AK-VideoListButton-14,14. Sade - All About Our Love (Live),https://www.youtube.com/watch?v=gxIsc6FnBIs,https://img.youtube.com/vi/gxIsc6FnBIs/maxresdefault.jpg,ClickedVideoListButton,PlayListButton-AK-VideoListButton-14,Section-D1a5-VideoList-AK,14. ??????,AK.14.,AK.14.,AK.14.,AK.14.,AK.14.,AK.14.,AK.14.,AK.14.,AK.14.,AK.14.
Section-D1a5-VideoList-AK,PlayListButton-AK-VideoListButton-15,15. Sade - Bring Me Home (Live),https://www.youtube.com/watch?v=AaHYQpB8wYg,https://img.youtube.com/vi/AaHYQpB8wYg/maxresdefault.jpg,ClickedVideoListButton,PlayListButton-AK-VideoListButton-15,Section-D1a5-VideoList-AK,15. ??????,AK.15.,AK.15.,AK.15.,AK.15.,AK.15.,AK.15.,AK.15.,AK.15.,AK.15.,AK.15.
Section-D1a5-VideoList-AK,PlayListButton-AK-VideoListButton-16,16. Sade - In Another Time (Live),https://www.youtube.com/watch?v=Me6b_Tg0rNs,https://img.youtube.com/vi/Me6b_Tg0rNs/maxresdefault.jpg,ClickedVideoListButton,PlayListButton-AK-VideoListButton-16,Section-D1a5-VideoList-AK,16. ??????,AK.16.,AK.16.,AK.16.,AK.16.,AK.16.,AK.16.,AK.16.,AK.16.,AK.16.,AK.16.
Section-D1a5-VideoList-AK,PlayListButton-AK-VideoListButton-17,17. Sade - Skin (Live),https://www.youtube.com/watch?v=mxEbw9BVfM4,https://img.youtube.com/vi/mxEbw9BVfM4/maxresdefault.jpg,ClickedVideoListButton,PlayListButton-AK-VideoListButton-17,Section-D1a5-VideoList-AK,17. ??????,AK.17.,AK.17.,AK.17.,AK.17.,AK.17.,AK.17.,AK.17.,AK.17.,AK.17.,AK.17.
Section-D1a5-VideoList-AK,PlayListButton-AK-VideoListButton-18,18. Sade - Nothing Can Come Between Us (Live),https://www.youtube.com/watch?v=g57xnBRSFyY,https://img.youtube.com/vi/g57xnBRSFyY/maxresdefault.jpg,ClickedVideoListButton,PlayListButton-AK-VideoListButton-18,Section-D1a5-VideoList-AK,18. ??????,AK.18.,AK.18.,AK.18.,AK.18.,AK.18.,AK.18.,AK.18.,AK.18.,AK.18.,AK.18.
Section-D1a5-VideoList-AK,PlayListButton-AK-VideoListButton-19,19. Sade - By Your Side (Live),https://www.youtube.com/watch?v=lloVQPM8TOY,https://img.youtube.com/vi/lloVQPM8TOY/maxresdefault.jpg,ClickedVideoListButton,PlayListButton-AK-VideoListButton-19,Section-D1a5-VideoList-AK,19. ??????,AK.19.,AK.19.,AK.19.,AK.19.,AK.19.,AK.19.,AK.19.,AK.19.,AK.19.,AK.19.
Section-D1a5-VideoList-AK,PlayListButton-AK-VideoListButton-20,20. Sade - Hang On To Your Love,https://www.youtube.com/watch?v=rvNIs14UGus,https://img.youtube.com/vi/rvNIs14UGus/maxresdefault.jpg,ClickedVideoListButton,PlayListButton-AK-VideoListButton-20,Section-D1a5-VideoList-AK,20. ??????,AK.20.,AK.20.,AK.20.,AK.20.,AK.20.,AK.20.,AK.20.,AK.20.,AK.20.,AK.20.
Section-D1a5-VideoList-AK,PlayListButton-AK-VideoListButton-21,21. Sade - Never As Good As The First Time,https://www.youtube.com/watch?v=UfzmVUrZplw,https://img.youtube.com/vi/UfzmVUrZplw/maxresdefault.jpg,ClickedVideoListButton,PlayListButton-AK-VideoListButton-21,Section-D1a5-VideoList-AK,21. ??????,AK.21.,AK.21.,AK.21.,AK.21.,AK.21.,AK.21.,AK.21.,AK.21.,AK.21.,AK.21.
Section-D1a5-VideoList-AK,PlayListButton-AK-VideoListButton-22,22. Sade - Nothing Can Come Between Us,https://www.youtube.com/watch?v=_oVI0GW-Xd4,https://img.youtube.com/vi/_oVI0GW-Xd4/maxresdefault.jpg,ClickedVideoListButton,PlayListButton-AK-VideoListButton-22,Section-D1a5-VideoList-AK,22. ??????,AK.22.,AK.22.,AK.22.,AK.22.,AK.22.,AK.22.,AK.22.,AK.22.,AK.22.,AK.22.
Section-D1a5-VideoList-AK,PlayListButton-AK-VideoListButton-23,23. Sade - King Of Sorrow,https://www.youtube.com/watch?v=nF7yuNg_zWE,https://img.youtube.com/vi/nF7yuNg_zWE/maxresdefault.jpg,ClickedVideoListButton,PlayListButton-AK-VideoListButton-23,Section-D1a5-VideoList-AK,23. ??????,AK.23.,AK.23.,AK.23.,AK.23.,AK.23.,AK.23.,AK.23.,AK.23.,AK.23.,AK.23.
Section-D1a5-VideoList-AK,PlayListButton-AK-VideoListButton-24,24. Sade - I never thought I'd see the day,https://www.youtube.com/watch?v=HqIwuLX8I5M,https://img.youtube.com/vi/HqIwuLX8I5M/maxresdefault.jpg,ClickedVideoListButton,PlayListButton-AK-VideoListButton-24,Section-D1a5-VideoList-AK,24. ??????,AK.24.,AK.24.,AK.24.,AK.24.,AK.24.,AK.24.,AK.24.,AK.24.,AK.24.,AK.24.
Section-D1a5-VideoList-AK,PlayListButton-AK-VideoListButton-25,25. Sade - I Couldn't Love You More,https://www.youtube.com/watch?v=WbNp50jCowg,https://img.youtube.com/vi/WbNp50jCowg/maxresdefault.jpg,ClickedVideoListButton,PlayListButton-AK-VideoListButton-25,Section-D1a5-VideoList-AK,25. ??????,AK.25.,AK.25.,AK.25.,AK.25.,AK.25.,AK.25.,AK.25.,AK.25.,AK.25.,AK.25.
Section-D1a5-VideoList-AK,PlayListButton-AK-VideoListButton-26,26. Sade - Haunt Me,https://www.youtube.com/watch?v=UKRqN7MGc9I,https://img.youtube.com/vi/UKRqN7MGc9I/maxresdefault.jpg,ClickedVideoListButton,PlayListButton-AK-VideoListButton-26,Section-D1a5-VideoList-AK,26. ??????,AK.26.,AK.26.,AK.26.,AK.26.,AK.26.,AK.26.,AK.26.,AK.26.,AK.26.,AK.26.
Section-D1a5-VideoList-AK,PlayListButton-AK-VideoListButton-27,27. Sade - Keep Looking,https://www.youtube.com/watch?v=vRHe2mcaYDs,https://img.youtube.com/vi/vRHe2mcaYDs/maxresdefault.jpg,ClickedVideoListButton,PlayListButton-AK-VideoListButton-27,Section-D1a5-VideoList-AK,27. ??????,AK.27.,AK.27.,AK.27.,AK.27.,AK.27.,AK.27.,AK.27.,AK.27.,AK.27.,AK.27.
Section-D1a5-VideoList-AK,PlayListButton-AK-VideoListButton-28,28. Sade - Clean Heart,https://www.youtube.com/watch?v=tf5t452dljA,https://img.youtube.com/vi/tf5t452dljA/maxresdefault.jpg,ClickedVideoListButton,PlayListButton-AK-VideoListButton-28,Section-D1a5-VideoList-AK,28. ??????,AK.28.,AK.28.,AK.28.,AK.28.,AK.28.,AK.28.,AK.28.,AK.28.,AK.28.,AK.28.
Section-D1a5-VideoList-AK,PlayListButton-AK-VideoListButton-29,29. Sade - Give It Up,https://www.youtube.com/watch?v=B8yBwmgDvsw,https://img.youtube.com/vi/B8yBwmgDvsw/maxresdefault.jpg,ClickedVideoListButton,PlayListButton-AK-VideoListButton-29,Section-D1a5-VideoList-AK,29. ??????,AK.29.,AK.29.,AK.29.,AK.29.,AK.29.,AK.29.,AK.29.,AK.29.,AK.29.,AK.29.
Section-D1a5-VideoList-AK,PlayListButton-AK-VideoListButton-30,30. Sade - Siempre Hay Esperanza,https://www.youtube.com/watch?v=6PIY4GB1m94,https://img.youtube.com/vi/6PIY4GB1m94/maxresdefault.jpg,ClickedVideoListButton,PlayListButton-AK-VideoListButton-30,Section-D1a5-VideoList-AK,30. ??????,AK.30.,AK.30.,AK.30.,AK.30.,AK.30.,AK.30.,AK.30.,AK.30.,AK.30.,AK.30.
Section-D1a5-VideoList-AK,PlayListButton-AK-VideoListButton-31,31. Sade - Like a Tattoo,https://www.youtube.com/watch?v=oP4sBeV7llE,https://img.youtube.com/vi/oP4sBeV7llE/maxresdefault.jpg,ClickedVideoListButton,PlayListButton-AK-VideoListButton-31,Section-D1a5-VideoList-AK,31. ??????,AK.31.,AK.31.,AK.31.,AK.31.,AK.31.,AK.31.,AK.31.,AK.31.,AK.31.,AK.31.
Section-D1a5-VideoList-AK,PlayListButton-AK-VideoListButton-32,32. Sade - Bullet Proof Soul,https://www.youtube.com/watch?v=mnChK_wG30A,https://img.youtube.com/vi/mnChK_wG30A/maxresdefault.jpg,ClickedVideoListButton,PlayListButton-AK-VideoListButton-32,Section-D1a5-VideoList-AK,32. ??????,AK.32.,AK.32.,AK.32.,AK.32.,AK.32.,AK.32.,AK.32.,AK.32.,AK.32.,AK.32.
Section-D1a5-VideoList-AK,PlayListButton-AK-VideoListButton-33,33. Sade - Punch Drunk,https://www.youtube.com/watch?v=3tSDH_nzHzQ,https://img.youtube.com/vi/3tSDH_nzHzQ/maxresdefault.jpg,ClickedVideoListButton,PlayListButton-AK-VideoListButton-33,Section-D1a5-VideoList-AK,33. ??????,AK.33.,AK.33.,AK.33.,AK.33.,AK.33.,AK.33.,AK.33.,AK.33.,AK.33.,AK.33.
Section-D1a5-VideoList-AK,PlayListButton-AK-VideoListButton-34,34. Sade - Immigrant,https://www.youtube.com/watch?v=pb9Gs3uuz2A,https://img.youtube.com/vi/pb9Gs3uuz2A/maxresdefault.jpg,ClickedVideoListButton,PlayListButton-AK-VideoListButton-34,Section-D1a5-VideoList-AK,34. ??????,AK.34.,AK.34.,AK.34.,AK.34.,AK.34.,AK.34.,AK.34.,AK.34.,AK.34.,AK.34.
Section-D1a5-VideoList-AK,PlayListButton-AK-VideoListButton-35,35. Sade - Hang On To Your Love,https://www.youtube.com/watch?v=kxNJV83EMJw,https://img.youtube.com/vi/kxNJV83EMJw/maxresdefault.jpg,ClickedVideoListButton,PlayListButton-AK-VideoListButton-35,Section-D1a5-VideoList-AK,35. ??????,AK.35.,AK.35.,AK.35.,AK.35.,AK.35.,AK.35.,AK.35.,AK.35.,AK.35.,AK.35.
Section-D1a5-VideoList-AL,PlayListButton-AL-VideoListButton-01,01. M People - Don't Look Any Further,https://www.youtube.com/watch?v=IwBCyvBMgjQ,https://img.youtube.com/vi/IwBCyvBMgjQ/maxresdefault.jpg,ClickedVideoListButton,PlayListButton-AL-VideoListButton-01,Section-D1a5-VideoList-AL,01. ??????,AL.01.,AL.01.,AL.01.,AL.01.,AL.01.,AL.01.,AL.01.,AL.01.,AL.01.,AL.01.
Section-D1a5-VideoList-AL,PlayListButton-AL-VideoListButton-02,02. Groove Theory - Tell Me,https://www.youtube.com/watch?v=THtqUDitQ4I,https://img.youtube.com/vi/THtqUDitQ4I/maxresdefault.jpg,ClickedVideoListButton,PlayListButton-AL-VideoListButton-02,Section-D1a5-VideoList-AL,02. ??????,AL.02.,AL.02.,AL.02.,AL.02.,AL.02.,AL.02.,AL.02.,AL.02.,AL.02.,AL.02.
Section-D1a5-VideoList-AL,PlayListButton-AL-VideoListButton-03,03. Soul II Soul - Back To Life (However Do You Want Me) (feat. Caron Wheeler),https://www.youtube.com/watch?v=TB54dZkzZOY,https://img.youtube.com/vi/TB54dZkzZOY/maxresdefault.jpg,ClickedVideoListButton,PlayListButton-AL-VideoListButton-03,Section-D1a5-VideoList-AL,03. ??????,AL.03.,AL.03.,AL.03.,AL.03.,AL.03.,AL.03.,AL.03.,AL.03.,AL.03.,AL.03.
Section-D1a5-VideoList-AL,PlayListButton-AL-VideoListButton-04,04. Maxi Priest - Close To You,https://www.youtube.com/watch?v=Wu8Z5ABLwC4,https://img.youtube.com/vi/Wu8Z5ABLwC4/maxresdefault.jpg,ClickedVideoListButton,PlayListButton-AL-VideoListButton-04,Section-D1a5-VideoList-AL,04. ??????,AL.04.,AL.04.,AL.04.,AL.04.,AL.04.,AL.04.,AL.04.,AL.04.,AL.04.,AL.04.
Section-D1a5-VideoList-AL,PlayListButton-AL-VideoListButton-05,05. Maxwell - Ascension (Don't Ever Wonder),https://www.youtube.com/watch?v=D7rm9t5S4uE,https://img.youtube.com/vi/D7rm9t5S4uE/maxresdefault.jpg,ClickedVideoListButton,PlayListButton-AL-VideoListButton-05,Section-D1a5-VideoList-AL,05. ??????,AL.05.,AL.05.,AL.05.,AL.05.,AL.05.,AL.05.,AL.05.,AL.05.,AL.05.,AL.05.
Section-D1a5-VideoList-AL,PlayListButton-AL-VideoListButton-06,06. Mary J. Blige - Family Affair,https://www.youtube.com/watch?v=znlFu_lemsU,https://img.youtube.com/vi/znlFu_lemsU/maxresdefault.jpg,ClickedVideoListButton,PlayListButton-AL-VideoListButton-06,Section-D1a5-VideoList-AL,06. ??????,AL.06.,AL.06.,AL.06.,AL.06.,AL.06.,AL.06.,AL.06.,AL.06.,AL.06.,AL.06.
Section-D1a5-VideoList-AL,PlayListButton-AL-VideoListButton-07,07. Eve - Let Me Blow Ya Mind (feat. Gwen Stefani),https://www.youtube.com/watch?v=Wt88GMJmVk0,https://img.youtube.com/vi/Wt88GMJmVk0/maxresdefault.jpg,ClickedVideoListButton,PlayListButton-AL-VideoListButton-07,Section-D1a5-VideoList-AL,07. ??????,AL.07.,AL.07.,AL.07.,AL.07.,AL.07.,AL.07.,AL.07.,AL.07.,AL.07.,AL.07.
Section-D1a5-VideoList-AL,PlayListButton-AL-VideoListButton-08,08. Youssou N'Dour - 7 Seconds (feat. Neneh Cherry),https://www.youtube.com/watch?v=wqCpjFMvz-k,https://img.youtube.com/vi/wqCpjFMvz-k/maxresdefault.jpg,ClickedVideoListButton,PlayListButton-AL-VideoListButton-08,Section-D1a5-VideoList-AL,08. ??????,AL.08.,AL.08.,AL.08.,AL.08.,AL.08.,AL.08.,AL.08.,AL.08.,AL.08.,AL.08.
Section-D1a5-VideoList-AL,PlayListButton-AL-VideoListButton-09,09. Gwen McCrae - Let's Straighten It Out (feat. Latimore),https://www.youtube.com/watch?v=bvGwwU4ui54,https://img.youtube.com/vi/bvGwwU4ui54/maxresdefault.jpg,ClickedVideoListButton,PlayListButton-AL-VideoListButton-09,Section-D1a5-VideoList-AL,09. ??????,AL.09.,AL.09.,AL.09.,AL.09.,AL.09.,AL.09.,AL.09.,AL.09.,AL.09.,AL.09.
Section-D1a5-VideoList-AL,PlayListButton-AL-VideoListButton-10,10. Brenda Russell - Piano In The Dark - YouTube,https://www.youtube.com/watch?v=H7u5GtSIC5k,https://img.youtube.com/vi/H7u5GtSIC5k/maxresdefault.jpg,ClickedVideoListButton,PlayListButton-AL-VideoListButton-10,Section-D1a5-VideoList-AL,10. ??????,AL.10.,AL.10.,AL.10.,AL.10.,AL.10.,AL.10.,AL.10.,AL.10.,AL.10.,AL.10.
Section-D1a5-VideoList-AL,PlayListButton-AL-VideoListButton-11,11. Commodores - Nightshift,https://www.youtube.com/watch?v=FrkEDe6Ljqs,https://img.youtube.com/vi/FrkEDe6Ljqs/maxresdefault.jpg,ClickedVideoListButton,PlayListButton-AL-VideoListButton-11,Section-D1a5-VideoList-AL,11. ??????,AL.11.,AL.11.,AL.11.,AL.11.,AL.11.,AL.11.,AL.11.,AL.11.,AL.11.,AL.11.
Section-D1a5-VideoList-AL,PlayListButton-AL-VideoListButton-12,12. George Benson - Give Me The Night,https://www.youtube.com/watch?v=FIF7wKJb2iU,https://img.youtube.com/vi/FIF7wKJb2iU/maxresdefault.jpg,ClickedVideoListButton,PlayListButton-AL-VideoListButton-12,Section-D1a5-VideoList-AL,12. ??????,AL.12.,AL.12.,AL.12.,AL.12.,AL.12.,AL.12.,AL.12.,AL.12.,AL.12.,AL.12.
Section-D1a5-VideoList-AL,PlayListButton-AL-VideoListButton-13,13. Dennis Edwards - Don't Look Any Further (feat. Siedah Garrett),https://www.youtube.com/watch?v=CH3rx8LhrQo,https://img.youtube.com/vi/CH3rx8LhrQo/maxresdefault.jpg,ClickedVideoListButton,PlayListButton-AL-VideoListButton-13,Section-D1a5-VideoList-AL,13. ??????,AL.13.,AL.13.,AL.13.,AL.13.,AL.13.,AL.13.,AL.13.,AL.13.,AL.13.,AL.13.
Section-D1a5-VideoList-AL,PlayListButton-AL-VideoListButton-14,14. Latimore - Let's Straighten It Out,https://www.youtube.com/watch?v=FdB_UW421Sw,https://img.youtube.com/vi/FdB_UW421Sw/maxresdefault.jpg,ClickedVideoListButton,PlayListButton-AL-VideoListButton-14,Section-D1a5-VideoList-AL,14. ??????,AL.14.,AL.14.,AL.14.,AL.14.,AL.14.,AL.14.,AL.14.,AL.14.,AL.14.,AL.14.
Section-D1a5-VideoList-AL,PlayListButton-AL-VideoListButton-15,15. October London & Boney James - All I Want Is You,https://www.youtube.com/watch?v=J2JwJzf7RJM,https://img.youtube.com/vi/J2JwJzf7RJM/maxresdefault.jpg,ClickedVideoListButton,PlayListButton-AL-VideoListButton-15,Section-D1a5-VideoList-AL,15. ??????,AL.15.,AL.15.,AL.15.,AL.15.,AL.15.,AL.15.,AL.15.,AL.15.,AL.15.,AL.15.
Section-D1a5-VideoList-AL,PlayListButton-AL-VideoListButton-16,16. October London - Mulholland Drive,https://www.youtube.com/watch?v=vrVDhTI81-M,https://img.youtube.com/vi/vrVDhTI81-M/maxresdefault.jpg,ClickedVideoListButton,PlayListButton-AL-VideoListButton-16,Section-D1a5-VideoList-AL,16. ??????,AL.16.,AL.16.,AL.16.,AL.16.,AL.16.,AL.16.,AL.16.,AL.16.,AL.16.,AL.16.
Section-D1a5-VideoList-AL,PlayListButton-AL-VideoListButton-17,17. Angie Stone - Wish I Didn't Miss You,https://www.youtube.com/watch?v=9PWz-NubVpM,https://img.youtube.com/vi/9PWz-NubVpM/maxresdefault.jpg,ClickedVideoListButton,PlayListButton-AL-VideoListButton-17,Section-D1a5-VideoList-AL,17. ??????,AL.17.,AL.17.,AL.17.,AL.17.,AL.17.,AL.17.,AL.17.,AL.17.,AL.17.,AL.17.
Section-D1a5-VideoList-AL,PlayListButton-AL-VideoListButton-18,18. Angie Stone - Bone 2 Pic (Wit U) (19:09),https://www.youtube.com/watch?v=uVrW7Ctxujg,https://img.youtube.com/vi/uVrW7Ctxujg/maxresdefault.jpg,ClickedVideoListButton,PlayListButton-AL-VideoListButton-18,Section-D1a5-VideoList-AL,18. ??????,AL.18.,AL.18.,AL.18.,AL.18.,AL.18.,AL.18.,AL.18.,AL.18.,AL.18.,AL.18.
Section-D1a5-VideoList-AL,PlayListButton-AL-VideoListButton-19,19. Yola - Starlight,https://www.youtube.com/watch?v=8IGDA8ZUQ08,https://img.youtube.com/vi/8IGDA8ZUQ08/maxresdefault.jpg,ClickedVideoListButton,PlayListButton-AL-VideoListButton-19,Section-D1a5-VideoList-AL,19. ??????,AL.19.,AL.19.,AL.19.,AL.19.,AL.19.,AL.19.,AL.19.,AL.19.,AL.19.,AL.19.
Section-D1a5-VideoList-AL,PlayListButton-AL-VideoListButton-20,20. Yazmin Lacey - The Feels,https://www.youtube.com/watch?v=9Hd2nnxDjxc,https://img.youtube.com/vi/9Hd2nnxDjxc/maxresdefault.jpg,ClickedVideoListButton,PlayListButton-AL-VideoListButton-20,Section-D1a5-VideoList-AL,20. ??????,AL.20.,AL.20.,AL.20.,AL.20.,AL.20.,AL.20.,AL.20.,AL.20.,AL.20.,AL.20.
Section-D1a5-VideoList-AL,PlayListButton-AL-VideoListButton-21,21. Father John Misty - I Guess Time Just Makes Fools of Us All,https://www.youtube.com/watch?v=S0EbxLrqUKU,https://img.youtube.com/vi/S0EbxLrqUKU/maxresdefault.jpg,ClickedVideoListButton,PlayListButton-AL-VideoListButton-21,Section-D1a5-VideoList-AL,21. ??????,AL.21.,AL.21.,AL.21.,AL.21.,AL.21.,AL.21.,AL.21.,AL.21.,AL.21.,AL.21.
Section-D1a5-VideoList-AL,PlayListButton-AL-VideoListButton-22,22. Joshua Idehen - Once in a Lifetime (David Byrne cover),https://www.youtube.com/watch?v=XjGLje8XSHc,https://img.youtube.com/vi/XjGLje8XSHc/maxresdefault.jpg,ClickedVideoListButton,PlayListButton-AL-VideoListButton-22,Section-D1a5-VideoList-AL,22. ??????,AL.22.,AL.22.,AL.22.,AL.22.,AL.22.,AL.22.,AL.22.,AL.22.,AL.22.,AL.22.
Section-D1a5-VideoList-AL,PlayListButton-AL-VideoListButton-23,23. Joss Stone - Never Forget My Love,https://www.youtube.com/watch?v=T8b2u10BnQw,https://img.youtube.com/vi/T8b2u10BnQw/maxresdefault.jpg,ClickedVideoListButton,PlayListButton-AL-VideoListButton-23,Section-D1a5-VideoList-AL,23. ??????,AL.23.,AL.23.,AL.23.,AL.23.,AL.23.,AL.23.,AL.23.,AL.23.,AL.23.,AL.23.
Section-D1a5-VideoList-AL,PlayListButton-AL-VideoListButton-24,24. Enlly Blue - Through My Soul,https://www.youtube.com/watch?v=HWwlXEbdbLI,https://img.youtube.com/vi/HWwlXEbdbLI/maxresdefault.jpg,ClickedVideoListButton,PlayListButton-AL-VideoListButton-24,Section-D1a5-VideoList-AL,24. ??????,AL.24.,AL.24.,AL.24.,AL.24.,AL.24.,AL.24.,AL.24.,AL.24.,AL.24.,AL.24.
Section-D1a5-VideoList-AL,PlayListButton-AL-VideoListButton-25,25. Enlly Blue - Rust & Roses,https://www.youtube.com/watch?v=n_NBOpV-vEA,https://img.youtube.com/vi/n_NBOpV-vEA/maxresdefault.jpg,ClickedVideoListButton,PlayListButton-AL-VideoListButton-25,Section-D1a5-VideoList-AL,25. ??????,AL.25.,AL.25.,AL.25.,AL.25.,AL.25.,AL.25.,AL.25.,AL.25.,AL.25.,AL.25.
Section-D1a5-VideoList-AL,PlayListButton-AL-VideoListButton-26,26. Enlly Blue - Left My Soul on the Midnight Dance Floor,https://www.youtube.com/watch?v=AmSwMxbU5i4,https://img.youtube.com/vi/AmSwMxbU5i4/maxresdefault.jpg,ClickedVideoListButton,PlayListButton-AL-VideoListButton-26,Section-D1a5-VideoList-AL,26. ??????,AL.26.,AL.26.,AL.26.,AL.26.,AL.26.,AL.26.,AL.26.,AL.26.,AL.26.,AL.26.
Section-D1a5-VideoList-AL,PlayListButton-AL-VideoListButton-27,"27. Smoke DZA - Santos Party House (feat. Wiz Khalifa, Big K.R.I.T., ...)",https://www.youtube.com/watch?v=OS7YbPxBnBk,https://img.youtube.com/vi/OS7YbPxBnBk/maxresdefault.jpg,ClickedVideoListButton,PlayListButton-AL-VideoListButton-27,Section-D1a5-VideoList-AL,27. ??????,AL.27.,AL.27.,AL.27.,AL.27.,AL.27.,AL.27.,AL.27.,AL.27.,AL.27.,AL.27.
Section-D1a5-VideoList-AM,PlayListButton-AM-VideoListButton-01,01. Chris Rea - Josephine,https://www.youtube.com/watch?v=_zgo6K0HJ5Q,https://img.youtube.com/vi/_zgo6K0HJ5Q/maxresdefault.jpg,ClickedVideoListButton,PlayListButton-AM-VideoListButton-01,Section-D1a5-VideoList-AM,01. ??????,AM.01.,AM.01.,AM.01.,AM.01.,AM.01.,AM.01.,AM.01.,AM.01.,AM.01.,AM.01.
Section-D1a5-VideoList-AM,PlayListButton-AM-VideoListButton-02,02. Chris Rea - On The Beach,https://www.youtube.com/watch?v=L_Wa7Q7dMxo,https://img.youtube.com/vi/L_Wa7Q7dMxo/maxresdefault.jpg,ClickedVideoListButton,PlayListButton-AM-VideoListButton-02,Section-D1a5-VideoList-AM,02. ??????,AM.02.,AM.02.,AM.02.,AM.02.,AM.02.,AM.02.,AM.02.,AM.02.,AM.02.,AM.02.
Section-D1a5-VideoList-AM,PlayListButton-AM-VideoListButton-03,03. Chris Rea - Fool (If you think it's over),https://www.youtube.com/watch?v=4J6nVvvoE4Y,https://img.youtube.com/vi/4J6nVvvoE4Y/maxresdefault.jpg,ClickedVideoListButton,PlayListButton-AM-VideoListButton-03,Section-D1a5-VideoList-AM,03. ??????,AM.03.,AM.03.,AM.03.,AM.03.,AM.03.,AM.03.,AM.03.,AM.03.,AM.03.,AM.03.
Section-D1a5-VideoList-AM,PlayListButton-AM-VideoListButton-04,04. Chris Rea - Looking for the Summer,https://www.youtube.com/watch?v=X3cMdDauOeg,https://img.youtube.com/vi/X3cMdDauOeg/maxresdefault.jpg,ClickedVideoListButton,PlayListButton-AM-VideoListButton-04,Section-D1a5-VideoList-AM,04. ??????,AM.04.,AM.04.,AM.04.,AM.04.,AM.04.,AM.04.,AM.04.,AM.04.,AM.04.,AM.04.
Section-D1a5-VideoList-AM,PlayListButton-AM-VideoListButton-05,"05. Chris Rea - Soft Top, Hard Shoulder",https://www.youtube.com/watch?v=aTDr4WLPoNo,https://img.youtube.com/vi/aTDr4WLPoNo/maxresdefault.jpg,ClickedVideoListButton,PlayListButton-AM-VideoListButton-05,Section-D1a5-VideoList-AM,05. ??????,AM.05.,AM.05.,AM.05.,AM.05.,AM.05.,AM.05.,AM.05.,AM.05.,AM.05.,AM.05.
Section-D1a5-VideoList-AM,PlayListButton-AM-VideoListButton-06,06. Chris Rea - Driving Home for Christmas,https://www.youtube.com/watch?v=LDQCvDZOGvQ,https://img.youtube.com/vi/LDQCvDZOGvQ/maxresdefault.jpg,ClickedVideoListButton,PlayListButton-AM-VideoListButton-06,Section-D1a5-VideoList-AM,06. ??????,AM.06.,AM.06.,AM.06.,AM.06.,AM.06.,AM.06.,AM.06.,AM.06.,AM.06.,AM.06.
Section-D1a5-VideoList-AM,PlayListButton-AM-VideoListButton-07,07. Toto - Georgy Porgy,https://www.youtube.com/watch?v=EWIgEtkE3GA,https://img.youtube.com/vi/EWIgEtkE3GA/maxresdefault.jpg,ClickedVideoListButton,PlayListButton-AM-VideoListButton-07,Section-D1a5-VideoList-AM,07. ??????,AM.07.,AM.07.,AM.07.,AM.07.,AM.07.,AM.07.,AM.07.,AM.07.,AM.07.,AM.07.
Section-D1a5-VideoList-AM,PlayListButton-AM-VideoListButton-08,08. Toto - Waiting for Your Love,https://www.youtube.com/watch?v=rmBkdWhVTc0,https://img.youtube.com/vi/rmBkdWhVTc0/maxresdefault.jpg,ClickedVideoListButton,PlayListButton-AM-VideoListButton-08,Section-D1a5-VideoList-AM,08. ??????,AM.08.,AM.08.,AM.08.,AM.08.,AM.08.,AM.08.,AM.08.,AM.08.,AM.08.,AM.08.
Section-D1a5-VideoList-AM,PlayListButton-AM-VideoListButton-09,09. Toto - Africa,https://www.youtube.com/watch?v=FTQbiNvZqaY,https://img.youtube.com/vi/FTQbiNvZqaY/maxresdefault.jpg,ClickedVideoListButton,PlayListButton-AM-VideoListButton-09,Section-D1a5-VideoList-AM,09. ??????,AM.09.,AM.09.,AM.09.,AM.09.,AM.09.,AM.09.,AM.09.,AM.09.,AM.09.,AM.09.
Section-D1a5-VideoList-AM,PlayListButton-AM-VideoListButton-10,10. Toto - Rosanna,https://www.youtube.com/watch?v=qmOLtTGvsbM,https://img.youtube.com/vi/qmOLtTGvsbM/maxresdefault.jpg,ClickedVideoListButton,PlayListButton-AM-VideoListButton-10,Section-D1a5-VideoList-AM,10. ??????,AM.10.,AM.10.,AM.10.,AM.10.,AM.10.,AM.10.,AM.10.,AM.10.,AM.10.,AM.10.
Section-D1a5-VideoList-AM,PlayListButton-AM-VideoListButton-11,11. Toto - Hold The Line,https://www.youtube.com/watch?v=htgr3pvBr-I,https://img.youtube.com/vi/htgr3pvBr-I/maxresdefault.jpg,ClickedVideoListButton,PlayListButton-AM-VideoListButton-11,Section-D1a5-VideoList-AM,11. ??????,AM.11.,AM.11.,AM.11.,AM.11.,AM.11.,AM.11.,AM.11.,AM.11.,AM.11.,AM.11.
Section-D1a5-VideoList-AM,PlayListButton-AM-VideoListButton-12,12. Toto - 99,https://www.youtube.com/watch?v=qhw-XlTMB5I,https://img.youtube.com/vi/qhw-XlTMB5I/maxresdefault.jpg,ClickedVideoListButton,PlayListButton-AM-VideoListButton-12,Section-D1a5-VideoList-AM,12. ??????,AM.12.,AM.12.,AM.12.,AM.12.,AM.12.,AM.12.,AM.12.,AM.12.,AM.12.,AM.12.
Section-D1a5-VideoList-AM,PlayListButton-AM-VideoListButton-13,13. Toto - Without Your Love,https://www.youtube.com/watch?v=E4ERXvnXSRc,https://img.youtube.com/vi/E4ERXvnXSRc/maxresdefault.jpg,ClickedVideoListButton,PlayListButton-AM-VideoListButton-13,Section-D1a5-VideoList-AM,13. ??????,AM.13.,AM.13.,AM.13.,AM.13.,AM.13.,AM.13.,AM.13.,AM.13.,AM.13.,AM.13.
Section-D1a5-VideoList-AM,PlayListButton-AM-VideoListButton-14,14. Toto - I'll Be Over You (Live),https://www.youtube.com/watch?v=VC8PaKriQUM,https://img.youtube.com/vi/VC8PaKriQUM/maxresdefault.jpg,ClickedVideoListButton,PlayListButton-AM-VideoListButton-14,Section-D1a5-VideoList-AM,14. ??????,AM.14.,AM.14.,AM.14.,AM.14.,AM.14.,AM.14.,AM.14.,AM.14.,AM.14.,AM.14.
Section-D1a5-VideoList-AM,PlayListButton-AM-VideoListButton-15,15. Toto - Africa (Live),https://www.youtube.com/watch?v=M0zfNytpoeQ,https://img.youtube.com/vi/M0zfNytpoeQ/maxresdefault.jpg,ClickedVideoListButton,PlayListButton-AM-VideoListButton-15,Section-D1a5-VideoList-AM,15. ??????,AM.15.,AM.15.,AM.15.,AM.15.,AM.15.,AM.15.,AM.15.,AM.15.,AM.15.,AM.15.
Section-D1a5-VideoList-AM,PlayListButton-AM-VideoListButton-16,16. Toto - Rosanna (Live),https://www.youtube.com/watch?v=BKSiGA7fv9M,https://img.youtube.com/vi/BKSiGA7fv9M/maxresdefault.jpg,ClickedVideoListButton,PlayListButton-AM-VideoListButton-16,Section-D1a5-VideoList-AM,16. ??????,AM.16.,AM.16.,AM.16.,AM.16.,AM.16.,AM.16.,AM.16.,AM.16.,AM.16.,AM.16.
Section-D1a5-VideoList-AM,PlayListButton-AM-VideoListButton-17,17. Toto - Georgy Porgy (Live),https://www.youtube.com/watch?v=IsskEG0lls4,https://img.youtube.com/vi/IsskEG0lls4/maxresdefault.jpg,ClickedVideoListButton,PlayListButton-AM-VideoListButton-17,Section-D1a5-VideoList-AM,17. ??????,AM.17.,AM.17.,AM.17.,AM.17.,AM.17.,AM.17.,AM.17.,AM.17.,AM.17.,AM.17.
Section-D1a5-VideoList-AM,PlayListButton-AM-VideoListButton-18,18. Al Stewart - Year of the Cat,https://www.youtube.com/watch?v=Yxy1eF_w7sU,https://img.youtube.com/vi/Yxy1eF_w7sU/maxresdefault.jpg,ClickedVideoListButton,PlayListButton-AM-VideoListButton-18,Section-D1a5-VideoList-AM,18. ??????,AM.18.,AM.18.,AM.18.,AM.18.,AM.18.,AM.18.,AM.18.,AM.18.,AM.18.,AM.18.
Section-D1a5-VideoList-AM,PlayListButton-AM-VideoListButton-19,19. Al Stewart - On the Border,https://www.youtube.com/watch?v=y9VxTRgP__w,https://img.youtube.com/vi/y9VxTRgP__w/maxresdefault.jpg,ClickedVideoListButton,PlayListButton-AM-VideoListButton-19,Section-D1a5-VideoList-AM,19. ??????,AM.19.,AM.19.,AM.19.,AM.19.,AM.19.,AM.19.,AM.19.,AM.19.,AM.19.,AM.19.
Section-D1a5-VideoList-AM,PlayListButton-AM-VideoListButton-20,20. Al Stewart - Midas Shadow,https://www.youtube.com/watch?v=Gmb6Rm5yWqk,https://img.youtube.com/vi/Gmb6Rm5yWqk/maxresdefault.jpg,ClickedVideoListButton,PlayListButton-AM-VideoListButton-20,Section-D1a5-VideoList-AM,20. ??????,AM.20.,AM.20.,AM.20.,AM.20.,AM.20.,AM.20.,AM.20.,AM.20.,AM.20.,AM.20.
Section-D1a5-VideoList-AM,PlayListButton-AM-VideoListButton-21,21. George Michael & Wham - Everything She Wants,https://www.youtube.com/watch?v=6ZyltnbnE6g,https://img.youtube.com/vi/6ZyltnbnE6g/maxresdefault.jpg,ClickedVideoListButton,PlayListButton-AM-VideoListButton-21,Section-D1a5-VideoList-AM,21. ??????,AM.21.,AM.21.,AM.21.,AM.21.,AM.21.,AM.21.,AM.21.,AM.21.,AM.21.,AM.21.
Section-D1a5-VideoList-AM,PlayListButton-AM-VideoListButton-22,22. George Michael - Fastlove,https://www.youtube.com/watch?v=VfUklyIpz3Q,https://img.youtube.com/vi/VfUklyIpz3Q/maxresdefault.jpg,ClickedVideoListButton,PlayListButton-AM-VideoListButton-22,Section-D1a5-VideoList-AM,22. ??????,AM.22.,AM.22.,AM.22.,AM.22.,AM.22.,AM.22.,AM.22.,AM.22.,AM.22.,AM.22.
Section-D1a5-VideoList-AM,PlayListButton-AM-VideoListButton-23,23. George Michael - Spinning the Wheel,https://www.youtube.com/watch?v=mNbgQJopJ3w,https://img.youtube.com/vi/mNbgQJopJ3w/maxresdefault.jpg,ClickedVideoListButton,PlayListButton-AM-VideoListButton-23,Section-D1a5-VideoList-AM,23. ??????,AM.23.,AM.23.,AM.23.,AM.23.,AM.23.,AM.23.,AM.23.,AM.23.,AM.23.,AM.23.
Section-D1a5-VideoList-AM,PlayListButton-AM-VideoListButton-24,24. George Michael - A Different Corner (Dave Oren tribute remix),https://www.youtube.com/watch?v=P9Lc5o9lhvc,https://img.youtube.com/vi/P9Lc5o9lhvc/maxresdefault.jpg,ClickedVideoListButton,PlayListButton-AM-VideoListButton-24,Section-D1a5-VideoList-AM,24. ??????,AM.24.,AM.24.,AM.24.,AM.24.,AM.24.,AM.24.,AM.24.,AM.24.,AM.24.,AM.24.
Section-D1a5-VideoList-AM,PlayListButton-AM-VideoListButton-25,25. Van Morrison - Into The Mystic,https://www.youtube.com/watch?v=syIUmrSJWAU,https://img.youtube.com/vi/syIUmrSJWAU/maxresdefault.jpg,ClickedVideoListButton,PlayListButton-AM-VideoListButton-25,Section-D1a5-VideoList-AM,25. ??????,AM.25.,AM.25.,AM.25.,AM.25.,AM.25.,AM.25.,AM.25.,AM.25.,AM.25.,AM.25.
Section-D1a5-VideoList-AM,PlayListButton-AM-VideoListButton-26,26. Van Morrison - Days Like This,https://www.youtube.com/watch?v=bTZbbRMcjp8,https://img.youtube.com/vi/bTZbbRMcjp8/maxresdefault.jpg,ClickedVideoListButton,PlayListButton-AM-VideoListButton-26,Section-D1a5-VideoList-AM,26. ??????,AM.26.,AM.26.,AM.26.,AM.26.,AM.26.,AM.26.,AM.26.,AM.26.,AM.26.,AM.26.
Section-D1a5-VideoList-AM,PlayListButton-AM-VideoListButton-27,27. Rod Stewart - Passion,https://www.youtube.com/watch?v=RDcaYbeXeUI,https://img.youtube.com/vi/RDcaYbeXeUI/maxresdefault.jpg,ClickedVideoListButton,PlayListButton-AM-VideoListButton-27,Section-D1a5-VideoList-AM,27. ??????,AM.27.,AM.27.,AM.27.,AM.27.,AM.27.,AM.27.,AM.27.,AM.27.,AM.27.,AM.27.
Section-D1a5-VideoList-AM,PlayListButton-AM-VideoListButton-28,28. Mike + The Mechanics - The Living Years,https://www.youtube.com/watch?v=5hr64MxYpgk,https://img.youtube.com/vi/5hr64MxYpgk/maxresdefault.jpg,ClickedVideoListButton,PlayListButton-AM-VideoListButton-28,Section-D1a5-VideoList-AM,28. ??????,AM.28.,AM.28.,AM.28.,AM.28.,AM.28.,AM.28.,AM.28.,AM.28.,AM.28.,AM.28.
Section-D1a5-VideoList-AM,PlayListButton-AM-VideoListButton-29,29. Bruce Hornsby & The Range - The Way It Is,https://www.youtube.com/watch?v=cOeKidp-iWo,https://img.youtube.com/vi/cOeKidp-iWo/maxresdefault.jpg,ClickedVideoListButton,PlayListButton-AM-VideoListButton-29,Section-D1a5-VideoList-AM,29. ??????,AM.29.,AM.29.,AM.29.,AM.29.,AM.29.,AM.29.,AM.29.,AM.29.,AM.29.,AM.29.
Section-D1a5-VideoList-AM,PlayListButton-AM-VideoListButton-30,30. 10cc - I m Not In Love,https://www.youtube.com/watch?v=tdCY0CgMoq8,https://img.youtube.com/vi/tdCY0CgMoq8/maxresdefault.jpg,ClickedVideoListButton,PlayListButton-AM-VideoListButton-30,Section-D1a5-VideoList-AM,30. ??????,AM.30.,AM.30.,AM.30.,AM.30.,AM.30.,AM.30.,AM.30.,AM.30.,AM.30.,AM.30.
Section-D1a5-VideoList-AM,PlayListButton-AM-VideoListButton-31,31. Simply Red - Holding Back The Years,https://www.youtube.com/watch?v=yG07WSu7Q9w,https://img.youtube.com/vi/yG07WSu7Q9w/maxresdefault.jpg,ClickedVideoListButton,PlayListButton-AM-VideoListButton-31,Section-D1a5-VideoList-AM,31. ??????,AM.31.,AM.31.,AM.31.,AM.31.,AM.31.,AM.31.,AM.31.,AM.31.,AM.31.,AM.31.
Section-D1a5-VideoList-AM,PlayListButton-AM-VideoListButton-32,32. Lisa Stansfield - All Around the World,https://www.youtube.com/watch?v=JVuuatjHGnY,https://img.youtube.com/vi/JVuuatjHGnY/maxresdefault.jpg,ClickedVideoListButton,PlayListButton-AM-VideoListButton-32,Section-D1a5-VideoList-AM,32. ??????,AM.32.,AM.32.,AM.32.,AM.32.,AM.32.,AM.32.,AM.32.,AM.32.,AM.32.,AM.32.
Section-D1a5-VideoList-AM,PlayListButton-AM-VideoListButton-33,33. Chris Isaak - Wicked Game,https://www.youtube.com/watch?v=ozv8ugNm0P0,https://img.youtube.com/vi/ozv8ugNm0P0/maxresdefault.jpg,ClickedVideoListButton,PlayListButton-AM-VideoListButton-33,Section-D1a5-VideoList-AM,33. ??????,AM.33.,AM.33.,AM.33.,AM.33.,AM.33.,AM.33.,AM.33.,AM.33.,AM.33.,AM.33.
Section-D1a5-VideoList-AM,PlayListButton-AM-VideoListButton-34,34. Christopher Cross - Sailing,https://www.youtube.com/watch?v=9PnXcP8ZI7M,https://img.youtube.com/vi/9PnXcP8ZI7M/maxresdefault.jpg,ClickedVideoListButton,PlayListButton-AM-VideoListButton-34,Section-D1a5-VideoList-AM,34. ??????,AM.34.,AM.34.,AM.34.,AM.34.,AM.34.,AM.34.,AM.34.,AM.34.,AM.34.,AM.34.
Section-D1a5-VideoList-AM,PlayListButton-AM-VideoListButton-35,35. Christopher Cross - Ride Like The Wind,https://www.youtube.com/watch?v=O7Xsjs0T4jI,https://img.youtube.com/vi/O7Xsjs0T4jI/maxresdefault.jpg,ClickedVideoListButton,PlayListButton-AM-VideoListButton-35,Section-D1a5-VideoList-AM,35. ??????,AM.35.,AM.35.,AM.35.,AM.35.,AM.35.,AM.35.,AM.35.,AM.35.,AM.35.,AM.35.
Section-D1a5-VideoList-AM,PlayListButton-AM-VideoListButton-36,36. Mr. Mister - Broken Wings,https://www.youtube.com/watch?v=nKhN1t_7PEY,https://img.youtube.com/vi/nKhN1t_7PEY/maxresdefault.jpg,ClickedVideoListButton,PlayListButton-AM-VideoListButton-36,Section-D1a5-VideoList-AM,36. ??????,AM.36.,AM.36.,AM.36.,AM.36.,AM.36.,AM.36.,AM.36.,AM.36.,AM.36.,AM.36.
Section-D1a5-VideoList-AM,PlayListButton-AM-VideoListButton-37,37. Kurt Maloo - The Captain Of Her Heart,https://www.youtube.com/watch?v=XNPYHwZwb5I,https://img.youtube.com/vi/XNPYHwZwb5I/maxresdefault.jpg,ClickedVideoListButton,PlayListButton-AM-VideoListButton-37,Section-D1a5-VideoList-AM,37. ??????,AM.37.,AM.37.,AM.37.,AM.37.,AM.37.,AM.37.,AM.37.,AM.37.,AM.37.,AM.37.
Section-D1a5-VideoList-AM,PlayListButton-AM-VideoListButton-38,38. Mariah Carey - My All,https://www.youtube.com/watch?v=mIhI23gBBPQ,https://img.youtube.com/vi/mIhI23gBBPQ/maxresdefault.jpg,ClickedVideoListButton,PlayListButton-AM-VideoListButton-38,Section-D1a5-VideoList-AM,38. ??????,AM.38.,AM.38.,AM.38.,AM.38.,AM.38.,AM.38.,AM.38.,AM.38.,AM.38.,AM.38.
Section-D1a5-VideoList-AM,PlayListButton-AM-VideoListButton-39,39. The Boomtown Rats - I Don't Like Mondays,https://www.youtube.com/watch?v=BeShE1AdPRU,https://img.youtube.com/vi/BeShE1AdPRU/maxresdefault.jpg,ClickedVideoListButton,PlayListButton-AM-VideoListButton-39,Section-D1a5-VideoList-AM,39. ??????,AM.39.,AM.39.,AM.39.,AM.39.,AM.39.,AM.39.,AM.39.,AM.39.,AM.39.,AM.39.
Section-D1a5-VideoList-AM,PlayListButton-AM-VideoListButton-40,40. Exile - Kiss You All Over,https://www.youtube.com/watch?v=EZ2LvvnTwNo,https://img.youtube.com/vi/EZ2LvvnTwNo/maxresdefault.jpg,ClickedVideoListButton,PlayListButton-AM-VideoListButton-40,Section-D1a5-VideoList-AM,40. ??????,AM.40.,AM.40.,AM.40.,AM.40.,AM.40.,AM.40.,AM.40.,AM.40.,AM.40.,AM.40.
Section-D1a5-VideoList-AM,PlayListButton-AM-VideoListButton-41,41. David Bowie - Right,https://www.youtube.com/watch?v=_JFflnEChqA,https://img.youtube.com/vi/_JFflnEChqA/maxresdefault.jpg,ClickedVideoListButton,PlayListButton-AM-VideoListButton-41,Section-D1a5-VideoList-AM,41. ??????,AM.41.,AM.41.,AM.41.,AM.41.,AM.41.,AM.41.,AM.41.,AM.41.,AM.41.,AM.41.
Section-D1a5-VideoList-AM,PlayListButton-AM-VideoListButton-42,42. Alice Cooper - I Never Cry,https://www.youtube.com/watch?v=vgA4DvPlR9o,https://img.youtube.com/vi/vgA4DvPlR9o/maxresdefault.jpg,ClickedVideoListButton,PlayListButton-AM-VideoListButton-42,Section-D1a5-VideoList-AM,42. ??????,AM.42.,AM.42.,AM.42.,AM.42.,AM.42.,AM.42.,AM.42.,AM.42.,AM.42.,AM.42.
Section-D1a5-VideoList-AM,PlayListButton-AM-VideoListButton-43,43. Starland Vocal Band - Afternoon Delight,https://www.youtube.com/watch?v=2zl0b8QpUNg,https://img.youtube.com/vi/2zl0b8QpUNg/maxresdefault.jpg,ClickedVideoListButton,PlayListButton-AM-VideoListButton-43,Section-D1a5-VideoList-AM,43. ??????,AM.43.,AM.43.,AM.43.,AM.43.,AM.43.,AM.43.,AM.43.,AM.43.,AM.43.,AM.43.
Section-D1a5-VideoList-AM,PlayListButton-AM-VideoListButton-44,44. B.T. Express - Express,https://www.youtube.com/watch?v=B7cWYYTrU4o,https://img.youtube.com/vi/B7cWYYTrU4o/maxresdefault.jpg,ClickedVideoListButton,PlayListButton-AM-VideoListButton-44,Section-D1a5-VideoList-AM,44. ??????,AM.44.,AM.44.,AM.44.,AM.44.,AM.44.,AM.44.,AM.44.,AM.44.,AM.44.,AM.44.
Section-D1a5-VideoList-AM,PlayListButton-AM-VideoListButton-45,45. Gino Vannelli - I Just Wanna Stop,https://www.youtube.com/watch?v=_xezZmp8Fng,https://img.youtube.com/vi/_xezZmp8Fng/maxresdefault.jpg,ClickedVideoListButton,PlayListButton-AM-VideoListButton-45,Section-D1a5-VideoList-AM,45. ??????,AM.45.,AM.45.,AM.45.,AM.45.,AM.45.,AM.45.,AM.45.,AM.45.,AM.45.,AM.45.
Section-D1a5-VideoList-AM,PlayListButton-AM-VideoListButton-46,46. Bobby Caldwell - What You Won't Do For Love,https://www.youtube.com/watch?v=1H1bJqCfie8,https://img.youtube.com/vi/1H1bJqCfie8/maxresdefault.jpg,ClickedVideoListButton,PlayListButton-AM-VideoListButton-46,Section-D1a5-VideoList-AM,46. ??????,AM.46.,AM.46.,AM.46.,AM.46.,AM.46.,AM.46.,AM.46.,AM.46.,AM.46.,AM.46.
Section-D1a5-VideoList-AM,PlayListButton-AM-VideoListButton-47,47. Gerry Rafferty - Baker Street,https://www.youtube.com/watch?v=FN2uC_JCQBo,https://img.youtube.com/vi/FN2uC_JCQBo/maxresdefault.jpg,ClickedVideoListButton,PlayListButton-AM-VideoListButton-47,Section-D1a5-VideoList-AM,47. ??????,AM.47.,AM.47.,AM.47.,AM.47.,AM.47.,AM.47.,AM.47.,AM.47.,AM.47.,AM.47.
Section-D1a5-VideoList-AM,PlayListButton-AM-VideoListButton-48,48. Bryan Ferry - Slave To Love,https://www.youtube.com/watch?v=UH1CMCtV4to,https://img.youtube.com/vi/UH1CMCtV4to/maxresdefault.jpg,ClickedVideoListButton,PlayListButton-AM-VideoListButton-48,Section-D1a5-VideoList-AM,48. ??????,AM.48.,AM.48.,AM.48.,AM.48.,AM.48.,AM.48.,AM.48.,AM.48.,AM.48.,AM.48.
Section-D1a5-VideoList-AM,PlayListButton-AM-VideoListButton-49,49. Bryan Ferry - Don't Stop The Dance,https://www.youtube.com/watch?v=A8UWMFV7ONE,https://img.youtube.com/vi/A8UWMFV7ONE/maxresdefault.jpg,ClickedVideoListButton,PlayListButton-AM-VideoListButton-49,Section-D1a5-VideoList-AM,49. ??????,AM.49.,AM.49.,AM.49.,AM.49.,AM.49.,AM.49.,AM.49.,AM.49.,AM.49.,AM.49.
Section-D1a5-VideoList-AM,PlayListButton-AM-VideoListButton-50,50. Roxy Music - More Than This,https://www.youtube.com/watch?v=kOnde5c7OG8,https://img.youtube.com/vi/kOnde5c7OG8/maxresdefault.jpg,ClickedVideoListButton,PlayListButton-AM-VideoListButton-50,Section-D1a5-VideoList-AM,50. ??????,AM.50.,AM.50.,AM.50.,AM.50.,AM.50.,AM.50.,AM.50.,AM.50.,AM.50.,AM.50.
Section-D1a5-VideoList-AM,PlayListButton-AM-VideoListButton-51,51. Roxy Music - Avalon,https://www.youtube.com/watch?v=sPt8EvpZWF8,https://img.youtube.com/vi/sPt8EvpZWF8/maxresdefault.jpg,ClickedVideoListButton,PlayListButton-AM-VideoListButton-51,Section-D1a5-VideoList-AM,51. ??????,AM.51.,AM.51.,AM.51.,AM.51.,AM.51.,AM.51.,AM.51.,AM.51.,AM.51.,AM.51.
Section-D1a5-VideoList-AN,PlayListButton-AN-VideoListButton-01,01. Supertramp - Child Of Vision,https://www.youtube.com/watch?v=jK45RTKPfKo,https://img.youtube.com/vi/jK45RTKPfKo/maxresdefault.jpg,ClickedVideoListButton,PlayListButton-AN-VideoListButton-01,Section-D1a5-VideoList-AN,01. ??????,AN.01.,AN.01.,AN.01.,AN.01.,AN.01.,AN.01.,AN.01.,AN.01.,AN.01.,AN.01.
Section-D1a5-VideoList-AN,PlayListButton-AN-VideoListButton-02,02. Supertramp - The Logical Song,https://www.youtube.com/watch?v=kln_bIndDJg,https://img.youtube.com/vi/kln_bIndDJg/maxresdefault.jpg,ClickedVideoListButton,PlayListButton-AN-VideoListButton-02,Section-D1a5-VideoList-AN,02. ??????,AN.02.,AN.02.,AN.02.,AN.02.,AN.02.,AN.02.,AN.02.,AN.02.,AN.02.,AN.02.
Section-D1a5-VideoList-AN,PlayListButton-AN-VideoListButton-03,03. Supertramp - School,https://www.youtube.com/watch?v=ZuxVt-OqCpI,https://img.youtube.com/vi/ZuxVt-OqCpI/maxresdefault.jpg,ClickedVideoListButton,PlayListButton-AN-VideoListButton-03,Section-D1a5-VideoList-AN,03. ??????,AN.03.,AN.03.,AN.03.,AN.03.,AN.03.,AN.03.,AN.03.,AN.03.,AN.03.,AN.03.
Section-D1a5-VideoList-AN,PlayListButton-AN-VideoListButton-04,04. Supertramp - Take The Long Way Home,https://www.youtube.com/watch?v=RKgXNt6MhwQ,https://img.youtube.com/vi/RKgXNt6MhwQ/maxresdefault.jpg,ClickedVideoListButton,PlayListButton-AN-VideoListButton-04,Section-D1a5-VideoList-AN,04. ??????,AN.04.,AN.04.,AN.04.,AN.04.,AN.04.,AN.04.,AN.04.,AN.04.,AN.04.,AN.04.
Section-D1a5-VideoList-AN,PlayListButton-AN-VideoListButton-05,05. Supertramp - Goodbye Stranger,https://www.youtube.com/watch?v=P1tWNcMRy0U,https://img.youtube.com/vi/P1tWNcMRy0U/maxresdefault.jpg,ClickedVideoListButton,PlayListButton-AN-VideoListButton-05,Section-D1a5-VideoList-AN,05. ??????,AN.05.,AN.05.,AN.05.,AN.05.,AN.05.,AN.05.,AN.05.,AN.05.,AN.05.,AN.05.
Section-D1a5-VideoList-AN,PlayListButton-AN-VideoListButton-06,06. Supertramp - Bloody Well Right,https://www.youtube.com/watch?v=a4ys6YSfJDA,https://img.youtube.com/vi/a4ys6YSfJDA/maxresdefault.jpg,ClickedVideoListButton,PlayListButton-AN-VideoListButton-06,Section-D1a5-VideoList-AN,06. ??????,AN.06.,AN.06.,AN.06.,AN.06.,AN.06.,AN.06.,AN.06.,AN.06.,AN.06.,AN.06.
Section-D1a5-VideoList-AN,PlayListButton-AN-VideoListButton-07,07. Supertramp - Give A Little Bit,https://www.youtube.com/watch?v=_leMA3_maBU,https://img.youtube.com/vi/_leMA3_maBU/maxresdefault.jpg,ClickedVideoListButton,PlayListButton-AN-VideoListButton-07,Section-D1a5-VideoList-AN,07. ??????,AN.07.,AN.07.,AN.07.,AN.07.,AN.07.,AN.07.,AN.07.,AN.07.,AN.07.,AN.07.
Section-D1a5-VideoList-AN,PlayListButton-AN-VideoListButton-08,08. Supertramp - Dreamer,https://www.youtube.com/watch?v=9FASalIUNgM,https://img.youtube.com/vi/9FASalIUNgM/maxresdefault.jpg,ClickedVideoListButton,PlayListButton-AN-VideoListButton-08,Section-D1a5-VideoList-AN,08. ??????,AN.08.,AN.08.,AN.08.,AN.08.,AN.08.,AN.08.,AN.08.,AN.08.,AN.08.,AN.08.
Section-D1a5-VideoList-AN,PlayListButton-AN-VideoListButton-09,09. Supertramp - Breakfast in America,https://www.youtube.com/watch?v=qYQABJXHfpE,https://img.youtube.com/vi/qYQABJXHfpE/maxresdefault.jpg,ClickedVideoListButton,PlayListButton-AN-VideoListButton-09,Section-D1a5-VideoList-AN,09. ??????,AN.09.,AN.09.,AN.09.,AN.09.,AN.09.,AN.09.,AN.09.,AN.09.,AN.09.,AN.09.
Section-D1a5-VideoList-AN,PlayListButton-AN-VideoListButton-10,10. Supertramp - A Soapbox Opera,https://www.youtube.com/watch?v=8QfmPdIUcKc,https://img.youtube.com/vi/8QfmPdIUcKc/maxresdefault.jpg,ClickedVideoListButton,PlayListButton-AN-VideoListButton-10,Section-D1a5-VideoList-AN,10. ??????,AN.10.,AN.10.,AN.10.,AN.10.,AN.10.,AN.10.,AN.10.,AN.10.,AN.10.,AN.10.
Section-D1a5-VideoList-AN,PlayListButton-AN-VideoListButton-11,11. Supertramp - From Now On,https://www.youtube.com/watch?v=AjAvAtsZdc8,https://img.youtube.com/vi/AjAvAtsZdc8/maxresdefault.jpg,ClickedVideoListButton,PlayListButton-AN-VideoListButton-11,Section-D1a5-VideoList-AN,11. ??????,AN.11.,AN.11.,AN.11.,AN.11.,AN.11.,AN.11.,AN.11.,AN.11.,AN.11.,AN.11.
Section-D1a5-VideoList-AO,PlayListButton-AO-VideoListButton-01,01. Fleetwood Mac - Gypsy,https://www.youtube.com/watch?v=mwgg1Pu6cNg,https://img.youtube.com/vi/mwgg1Pu6cNg/maxresdefault.jpg,ClickedVideoListButton,PlayListButton-AO-VideoListButton-01,Section-D1a5-VideoList-AO,01. ??????,AO.01.,AO.01.,AO.01.,AO.01.,AO.01.,AO.01.,AO.01.,AO.01.,AO.01.,AO.01.
Section-D1a5-VideoList-AO,PlayListButton-AO-VideoListButton-02,02. Fleetwood Mac - Little Lies,https://www.youtube.com/watch?v=uCGD9dT12C0,https://img.youtube.com/vi/uCGD9dT12C0/maxresdefault.jpg,ClickedVideoListButton,PlayListButton-AO-VideoListButton-02,Section-D1a5-VideoList-AO,02. ??????,AO.02.,AO.02.,AO.02.,AO.02.,AO.02.,AO.02.,AO.02.,AO.02.,AO.02.,AO.02.
Section-D1a5-VideoList-AO,PlayListButton-AO-VideoListButton-03,03. Fleetwood Mac - Everywhere,https://www.youtube.com/watch?v=YF1R0hc5Q2I,https://img.youtube.com/vi/YF1R0hc5Q2I/maxresdefault.jpg,ClickedVideoListButton,PlayListButton-AO-VideoListButton-03,Section-D1a5-VideoList-AO,03. ??????,AO.03.,AO.03.,AO.03.,AO.03.,AO.03.,AO.03.,AO.03.,AO.03.,AO.03.,AO.03.
Section-D1a5-VideoList-AO,PlayListButton-AO-VideoListButton-04,04. Fleetwood Mac - As Long As You Follow,https://www.youtube.com/watch?v=ROGEHq1WZqU,https://img.youtube.com/vi/ROGEHq1WZqU/maxresdefault.jpg,ClickedVideoListButton,PlayListButton-AO-VideoListButton-04,Section-D1a5-VideoList-AO,04. ??????,AO.04.,AO.04.,AO.04.,AO.04.,AO.04.,AO.04.,AO.04.,AO.04.,AO.04.,AO.04.
Section-D1a5-VideoList-AO,PlayListButton-AO-VideoListButton-05,05. Fleetwood Mac - Big Love,https://www.youtube.com/watch?v=4hPv6EuV7dM,https://img.youtube.com/vi/4hPv6EuV7dM/maxresdefault.jpg,ClickedVideoListButton,PlayListButton-AO-VideoListButton-05,Section-D1a5-VideoList-AO,05. ??????,AO.05.,AO.05.,AO.05.,AO.05.,AO.05.,AO.05.,AO.05.,AO.05.,AO.05.,AO.05.
Section-D1a5-VideoList-AO,PlayListButton-AO-VideoListButton-06,06. Fleetwood Mac - Hold Me,https://www.youtube.com/watch?v=E0sha1XfHxw,https://img.youtube.com/vi/E0sha1XfHxw/maxresdefault.jpg,ClickedVideoListButton,PlayListButton-AO-VideoListButton-06,Section-D1a5-VideoList-AO,06. ??????,AO.06.,AO.06.,AO.06.,AO.06.,AO.06.,AO.06.,AO.06.,AO.06.,AO.06.,AO.06.
Section-D1a5-VideoList-AO,PlayListButton-AO-VideoListButton-07,07. Fleetwood Mac - Over My Head,https://www.youtube.com/watch?v=gCBVvq_srTw,https://img.youtube.com/vi/gCBVvq_srTw/maxresdefault.jpg,ClickedVideoListButton,PlayListButton-AO-VideoListButton-07,Section-D1a5-VideoList-AO,07. ??????,AO.07.,AO.07.,AO.07.,AO.07.,AO.07.,AO.07.,AO.07.,AO.07.,AO.07.,AO.07.
Section-D1a5-VideoList-AO,PlayListButton-AO-VideoListButton-08,08. Fleetwood Mac - Dreams,https://www.youtube.com/watch?v=PgagPdVM7bk,https://img.youtube.com/vi/PgagPdVM7bk/maxresdefault.jpg,ClickedVideoListButton,PlayListButton-AO-VideoListButton-08,Section-D1a5-VideoList-AO,08. ??????,AO.08.,AO.08.,AO.08.,AO.08.,AO.08.,AO.08.,AO.08.,AO.08.,AO.08.,AO.08.
Section-D1a5-VideoList-AO,PlayListButton-AO-VideoListButton-09,09. Fleetwood Mac - The Chain,https://www.youtube.com/watch?v=xwTPvcPYaOo,https://img.youtube.com/vi/xwTPvcPYaOo/maxresdefault.jpg,ClickedVideoListButton,PlayListButton-AO-VideoListButton-09,Section-D1a5-VideoList-AO,09. ??????,AO.09.,AO.09.,AO.09.,AO.09.,AO.09.,AO.09.,AO.09.,AO.09.,AO.09.,AO.09.
Section-D1a5-VideoList-AO,PlayListButton-AO-VideoListButton-10,10. Fleetwood Mac - Go Your Own Way,https://www.youtube.com/watch?v=oiosqtFLBBA,https://img.youtube.com/vi/oiosqtFLBBA/maxresdefault.jpg,ClickedVideoListButton,PlayListButton-AO-VideoListButton-10,Section-D1a5-VideoList-AO,10. ??????,AO.10.,AO.10.,AO.10.,AO.10.,AO.10.,AO.10.,AO.10.,AO.10.,AO.10.,AO.10.
Section-D1a5-VideoList-AO,PlayListButton-AO-VideoListButton-11,11. Fleetwood Mac - Sara,https://www.youtube.com/watch?v=KOVyBhVsOV0,https://img.youtube.com/vi/KOVyBhVsOV0/maxresdefault.jpg,ClickedVideoListButton,PlayListButton-AO-VideoListButton-11,Section-D1a5-VideoList-AO,11. ??????,AO.11.,AO.11.,AO.11.,AO.11.,AO.11.,AO.11.,AO.11.,AO.11.,AO.11.,AO.11.
Section-D1a5-VideoList-AO,PlayListButton-AO-VideoListButton-12,12. Fleetwood Mac - Rhiannon,https://www.youtube.com/watch?v=eJeBW0PV_jI,https://img.youtube.com/vi/eJeBW0PV_jI/maxresdefault.jpg,ClickedVideoListButton,PlayListButton-AO-VideoListButton-12,Section-D1a5-VideoList-AO,12. ??????,AO.12.,AO.12.,AO.12.,AO.12.,AO.12.,AO.12.,AO.12.,AO.12.,AO.12.,AO.12.
Section-D1a5-VideoList-AO,PlayListButton-AO-VideoListButton-13,13. Fleetwood Mac - Say You Love Me,https://www.youtube.com/watch?v=WqDz6RJKUPE,https://img.youtube.com/vi/WqDz6RJKUPE/maxresdefault.jpg,ClickedVideoListButton,PlayListButton-AO-VideoListButton-13,Section-D1a5-VideoList-AO,13. ??????,AO.13.,AO.13.,AO.13.,AO.13.,AO.13.,AO.13.,AO.13.,AO.13.,AO.13.,AO.13.
Section-D1a5-VideoList-AO,PlayListButton-AO-VideoListButton-14,14. Fleetwood Mac - You Make Loving Fun,https://www.youtube.com/watch?v=HcZp1O4UQY4,https://img.youtube.com/vi/HcZp1O4UQY4/maxresdefault.jpg,ClickedVideoListButton,PlayListButton-AO-VideoListButton-14,Section-D1a5-VideoList-AO,14. ??????,AO.14.,AO.14.,AO.14.,AO.14.,AO.14.,AO.14.,AO.14.,AO.14.,AO.14.,AO.14.
Section-D1a5-VideoList-AO,PlayListButton-AO-VideoListButton-15,15. Fleetwood Mac - Landslide,https://www.youtube.com/watch?v=WM7-PYtXtJM,https://img.youtube.com/vi/WM7-PYtXtJM/maxresdefault.jpg,ClickedVideoListButton,PlayListButton-AO-VideoListButton-15,Section-D1a5-VideoList-AO,15. ??????,AO.15.,AO.15.,AO.15.,AO.15.,AO.15.,AO.15.,AO.15.,AO.15.,AO.15.,AO.15.
Section-D1a5-VideoList-AO,PlayListButton-AO-VideoListButton-16,16. Fleetwood Mac - Silver Springs,https://www.youtube.com/watch?v=eDwi-8n054s,https://img.youtube.com/vi/eDwi-8n054s/maxresdefault.jpg,ClickedVideoListButton,PlayListButton-AO-VideoListButton-16,Section-D1a5-VideoList-AO,16. ??????,AO.16.,AO.16.,AO.16.,AO.16.,AO.16.,AO.16.,AO.16.,AO.16.,AO.16.,AO.16.
Section-D1a5-VideoList-AO,PlayListButton-AO-VideoListButton-17,17. Fleetwood Mac - Don't Stop,https://www.youtube.com/watch?v=QV9JJmSCiI8,https://img.youtube.com/vi/QV9JJmSCiI8/maxresdefault.jpg,ClickedVideoListButton,PlayListButton-AO-VideoListButton-17,Section-D1a5-VideoList-AO,17. ??????,AO.17.,AO.17.,AO.17.,AO.17.,AO.17.,AO.17.,AO.17.,AO.17.,AO.17.,AO.17.
Section-D1a5-VideoList-AO,PlayListButton-AO-VideoListButton-18,18. Fleetwood Mac - Tusk,https://www.youtube.com/watch?v=NKCucBUWx5o,https://img.youtube.com/vi/NKCucBUWx5o/maxresdefault.jpg,ClickedVideoListButton,PlayListButton-AO-VideoListButton-18,Section-D1a5-VideoList-AO,18. ??????,AO.18.,AO.18.,AO.18.,AO.18.,AO.18.,AO.18.,AO.18.,AO.18.,AO.18.,AO.18.
Section-D1a5-VideoList-AO,PlayListButton-AO-VideoListButton-19,19. Christine McVie - Songbird,https://www.youtube.com/watch?v=SCRln1kqUc4,https://img.youtube.com/vi/SCRln1kqUc4/maxresdefault.jpg,ClickedVideoListButton,PlayListButton-AO-VideoListButton-19,Section-D1a5-VideoList-AO,19. ??????,AO.19.,AO.19.,AO.19.,AO.19.,AO.19.,AO.19.,AO.19.,AO.19.,AO.19.,AO.19.
Section-D1a5-VideoList-AO,PlayListButton-AO-VideoListButton-20,20. Eagles - One of These Nights,https://www.youtube.com/watch?v=Tszq-LVyuN8,https://img.youtube.com/vi/Tszq-LVyuN8/maxresdefault.jpg,ClickedVideoListButton,PlayListButton-AO-VideoListButton-20,Section-D1a5-VideoList-AO,20. ??????,AO.20.,AO.20.,AO.20.,AO.20.,AO.20.,AO.20.,AO.20.,AO.20.,AO.20.,AO.20.
Section-D1a5-VideoList-AO,PlayListButton-AO-VideoListButton-21,21. Eagles - Lyin' Eyes,https://www.youtube.com/watch?v=PqccEpqvwPY,https://img.youtube.com/vi/PqccEpqvwPY/maxresdefault.jpg,ClickedVideoListButton,PlayListButton-AO-VideoListButton-21,Section-D1a5-VideoList-AO,21. ??????,AO.21.,AO.21.,AO.21.,AO.21.,AO.21.,AO.21.,AO.21.,AO.21.,AO.21.,AO.21.
Section-D1a5-VideoList-AO,PlayListButton-AO-VideoListButton-22,22. Eagles - Hotel California,https://www.youtube.com/watch?v=09839DpTctU,https://img.youtube.com/vi/09839DpTctU/maxresdefault.jpg,ClickedVideoListButton,PlayListButton-AO-VideoListButton-22,Section-D1a5-VideoList-AO,22. ??????,AO.22.,AO.22.,AO.22.,AO.22.,AO.22.,AO.22.,AO.22.,AO.22.,AO.22.,AO.22.
Section-D1a5-VideoList-AO,PlayListButton-AO-VideoListButton-23,23. Eagles - The Best of My Love,https://www.youtube.com/watch?v=7VDuTGJ_ZQI,https://img.youtube.com/vi/7VDuTGJ_ZQI/maxresdefault.jpg,ClickedVideoListButton,PlayListButton-AO-VideoListButton-23,Section-D1a5-VideoList-AO,23. ??????,AO.23.,AO.23.,AO.23.,AO.23.,AO.23.,AO.23.,AO.23.,AO.23.,AO.23.,AO.23.
Section-D1a5-VideoList-AO,PlayListButton-AO-VideoListButton-24,24. Eagles - Take It Easy,https://www.youtube.com/watch?v=9KQKJLELs9w,https://img.youtube.com/vi/9KQKJLELs9w/maxresdefault.jpg,ClickedVideoListButton,PlayListButton-AO-VideoListButton-24,Section-D1a5-VideoList-AO,24. ??????,AO.24.,AO.24.,AO.24.,AO.24.,AO.24.,AO.24.,AO.24.,AO.24.,AO.24.,AO.24.
Section-D1a5-VideoList-AO,PlayListButton-AO-VideoListButton-25,25. Eagles - Take It To The Limit,https://www.youtube.com/watch?v=MxQXKO194XM,https://img.youtube.com/vi/MxQXKO194XM/maxresdefault.jpg,ClickedVideoListButton,PlayListButton-AO-VideoListButton-25,Section-D1a5-VideoList-AO,25. ??????,AO.25.,AO.25.,AO.25.,AO.25.,AO.25.,AO.25.,AO.25.,AO.25.,AO.25.,AO.25.
Section-D1a5-VideoList-AO,PlayListButton-AO-VideoListButton-26,26. Eagles - Tequila Sunrise,https://www.youtube.com/watch?v=bZxhQJC9hWk,https://img.youtube.com/vi/bZxhQJC9hWk/maxresdefault.jpg,ClickedVideoListButton,PlayListButton-AO-VideoListButton-26,Section-D1a5-VideoList-AO,26. ??????,AO.26.,AO.26.,AO.26.,AO.26.,AO.26.,AO.26.,AO.26.,AO.26.,AO.26.,AO.26.
Section-D1a5-VideoList-AO,PlayListButton-AO-VideoListButton-27,27. Eagles - Love Will Keep Us Alive,https://www.youtube.com/watch?v=4-kF-wgTHfo,https://img.youtube.com/vi/4-kF-wgTHfo/maxresdefault.jpg,ClickedVideoListButton,PlayListButton-AO-VideoListButton-27,Section-D1a5-VideoList-AO,27. ??????,AO.27.,AO.27.,AO.27.,AO.27.,AO.27.,AO.27.,AO.27.,AO.27.,AO.27.,AO.27.
Section-D1a5-VideoList-AO,PlayListButton-AO-VideoListButton-28,28. Eagles - No More Cloudy Days,https://www.youtube.com/watch?v=o96_R0UqSa0,https://img.youtube.com/vi/o96_R0UqSa0/maxresdefault.jpg,ClickedVideoListButton,PlayListButton-AO-VideoListButton-28,Section-D1a5-VideoList-AO,28. ??????,AO.28.,AO.28.,AO.28.,AO.28.,AO.28.,AO.28.,AO.28.,AO.28.,AO.28.,AO.28.
Section-D1a5-VideoList-AO,PlayListButton-AO-VideoListButton-29,29. America - Tin Man,https://www.youtube.com/watch?v=zGl4PP9xaaQ,https://img.youtube.com/vi/zGl4PP9xaaQ/maxresdefault.jpg,ClickedVideoListButton,PlayListButton-AO-VideoListButton-29,Section-D1a5-VideoList-AO,29. ??????,AO.29.,AO.29.,AO.29.,AO.29.,AO.29.,AO.29.,AO.29.,AO.29.,AO.29.,AO.29.
Section-D1a5-VideoList-AO,PlayListButton-AO-VideoListButton-30,30. America - Ventura Highway,https://www.youtube.com/watch?v=ujsOx33f4mk,https://img.youtube.com/vi/ujsOx33f4mk/maxresdefault.jpg,ClickedVideoListButton,PlayListButton-AO-VideoListButton-30,Section-D1a5-VideoList-AO,30. ??????,AO.30.,AO.30.,AO.30.,AO.30.,AO.30.,AO.30.,AO.30.,AO.30.,AO.30.,AO.30.
Section-D1a5-VideoList-AO,PlayListButton-AO-VideoListButton-31,31. America - You Can Do Magic,https://www.youtube.com/watch?v=tt4cR9szMS8,https://img.youtube.com/vi/tt4cR9szMS8/maxresdefault.jpg,ClickedVideoListButton,PlayListButton-AO-VideoListButton-31,Section-D1a5-VideoList-AO,31. ??????,AO.31.,AO.31.,AO.31.,AO.31.,AO.31.,AO.31.,AO.31.,AO.31.,AO.31.,AO.31.
Section-D1a5-VideoList-AO,PlayListButton-AO-VideoListButton-32,32. America - I Need You,https://www.youtube.com/watch?v=KOZD1BnMnl0,https://img.youtube.com/vi/KOZD1BnMnl0/maxresdefault.jpg,ClickedVideoListButton,PlayListButton-AO-VideoListButton-32,Section-D1a5-VideoList-AO,32. ??????,AO.32.,AO.32.,AO.32.,AO.32.,AO.32.,AO.32.,AO.32.,AO.32.,AO.32.,AO.32.
Section-D1a5-VideoList-AO,PlayListButton-AO-VideoListButton-33,33. America - A Horse With No Name,https://www.youtube.com/watch?v=Xxh9Da_EJB4,https://img.youtube.com/vi/Xxh9Da_EJB4/maxresdefault.jpg,ClickedVideoListButton,PlayListButton-AO-VideoListButton-33,Section-D1a5-VideoList-AO,33. ??????,AO.33.,AO.33.,AO.33.,AO.33.,AO.33.,AO.33.,AO.33.,AO.33.,AO.33.,AO.33.
Section-D1a5-VideoList-AO,PlayListButton-AO-VideoListButton-34,34. Daryl Hall & John Oates - I Can't Go For That (No Can Do),https://www.youtube.com/watch?v=ccenFp_3kq8,https://img.youtube.com/vi/ccenFp_3kq8/maxresdefault.jpg,ClickedVideoListButton,PlayListButton-AO-VideoListButton-34,Section-D1a5-VideoList-AO,34. ??????,AO.34.,AO.34.,AO.34.,AO.34.,AO.34.,AO.34.,AO.34.,AO.34.,AO.34.,AO.34.
Section-D1a5-VideoList-AO,PlayListButton-AO-VideoListButton-35,35. Daryl Hall & John Oates - Say it Isn't So,https://www.youtube.com/watch?v=_R5xIdXwNMk,https://img.youtube.com/vi/_R5xIdXwNMk/maxresdefault.jpg,ClickedVideoListButton,PlayListButton-AO-VideoListButton-35,Section-D1a5-VideoList-AO,35. ??????,AO.35.,AO.35.,AO.35.,AO.35.,AO.35.,AO.35.,AO.35.,AO.35.,AO.35.,AO.35.
Section-D1a5-VideoList-AO,PlayListButton-AO-VideoListButton-36,36. Daryl Hall & John Oates - Maneater,https://www.youtube.com/watch?v=yRYFKcMa_Ek,https://img.youtube.com/vi/yRYFKcMa_Ek/maxresdefault.jpg,ClickedVideoListButton,PlayListButton-AO-VideoListButton-36,Section-D1a5-VideoList-AO,36. ??????,AO.36.,AO.36.,AO.36.,AO.36.,AO.36.,AO.36.,AO.36.,AO.36.,AO.36.,AO.36.
Section-D1a5-VideoList-AO,PlayListButton-AO-VideoListButton-37,37. Daryl Hall & John Oates - Out Of Touch,https://www.youtube.com/watch?v=D00M2KZH1J0,https://img.youtube.com/vi/D00M2KZH1J0/maxresdefault.jpg,ClickedVideoListButton,PlayListButton-AO-VideoListButton-37,Section-D1a5-VideoList-AO,37. ??????,AO.37.,AO.37.,AO.37.,AO.37.,AO.37.,AO.37.,AO.37.,AO.37.,AO.37.,AO.37.
Section-D1a5-VideoList-AO,PlayListButton-AO-VideoListButton-38,38. Daryl Hall & John Oates - Private Eyes,https://www.youtube.com/watch?v=JsntlJZ9h1U,https://img.youtube.com/vi/JsntlJZ9h1U/maxresdefault.jpg,ClickedVideoListButton,PlayListButton-AO-VideoListButton-38,Section-D1a5-VideoList-AO,38. ??????,AO.38.,AO.38.,AO.38.,AO.38.,AO.38.,AO.38.,AO.38.,AO.38.,AO.38.,AO.38.
Section-D1a5-VideoList-AP,PlayListButton-AP-VideoListButton-01,01. Santana - Smooth (feat. Rob Thomas),https://www.youtube.com/watch?v=28E8WKZ614w,https://img.youtube.com/vi/28E8WKZ614w/maxresdefault.jpg,ClickedVideoListButton,PlayListButton-AP-VideoListButton-01,Section-D1a5-VideoList-AP,01. ??????,AP.01.,AP.01.,AP.01.,AP.01.,AP.01.,AP.01.,AP.01.,AP.01.,AP.01.,AP.01.
Section-D1a5-VideoList-AP,PlayListButton-AP-VideoListButton-02,02. Santana - Corazon Espinado (feat. Mana),https://www.youtube.com/watch?v=t6omUxqhG78,https://img.youtube.com/vi/t6omUxqhG78/maxresdefault.jpg,ClickedVideoListButton,PlayListButton-AP-VideoListButton-02,Section-D1a5-VideoList-AP,02. ??????,AP.02.,AP.02.,AP.02.,AP.02.,AP.02.,AP.02.,AP.02.,AP.02.,AP.02.,AP.02.
Section-D1a5-VideoList-AP,PlayListButton-AP-VideoListButton-03,03. Santana - Maria Maria (feat. The Product G&B),https://www.youtube.com/watch?v=nPLV7lGbmT4,https://img.youtube.com/vi/nPLV7lGbmT4/maxresdefault.jpg,ClickedVideoListButton,PlayListButton-AP-VideoListButton-03,Section-D1a5-VideoList-AP,03. ??????,AP.03.,AP.03.,AP.03.,AP.03.,AP.03.,AP.03.,AP.03.,AP.03.,AP.03.,AP.03.
Section-D1a5-VideoList-AP,PlayListButton-AP-VideoListButton-04,04. Santana - Europa,https://www.youtube.com/watch?v=fvuNbcj_r_U,https://img.youtube.com/vi/fvuNbcj_r_U/maxresdefault.jpg,ClickedVideoListButton,PlayListButton-AP-VideoListButton-04,Section-D1a5-VideoList-AP,04. ??????,AP.04.,AP.04.,AP.04.,AP.04.,AP.04.,AP.04.,AP.04.,AP.04.,AP.04.,AP.04.
Section-D1a5-VideoList-AP,PlayListButton-AP-VideoListButton-05,05. Santana - The Game of love (feat. Michelle Branch),https://www.youtube.com/watch?v=3nHXPQSnCG8,https://img.youtube.com/vi/3nHXPQSnCG8/maxresdefault.jpg,ClickedVideoListButton,PlayListButton-AP-VideoListButton-05,Section-D1a5-VideoList-AP,05. ??????,AP.05.,AP.05.,AP.05.,AP.05.,AP.05.,AP.05.,AP.05.,AP.05.,AP.05.,AP.05.
Section-D1a5-VideoList-AP,PlayListButton-AP-VideoListButton-06,06. Santana - Evil Ways,https://www.youtube.com/watch?v=shnzuvyc3_U,https://img.youtube.com/vi/shnzuvyc3_U/maxresdefault.jpg,ClickedVideoListButton,PlayListButton-AP-VideoListButton-06,Section-D1a5-VideoList-AP,06. ??????,AP.06.,AP.06.,AP.06.,AP.06.,AP.06.,AP.06.,AP.06.,AP.06.,AP.06.,AP.06.
Section-D1a5-VideoList-AP,PlayListButton-AP-VideoListButton-07,07. Santana - Black Magic Woman,https://www.youtube.com/watch?v=-2O81STmDGg,https://img.youtube.com/vi/-2O81STmDGg/maxresdefault.jpg,ClickedVideoListButton,PlayListButton-AP-VideoListButton-07,Section-D1a5-VideoList-AP,07. ??????,AP.07.,AP.07.,AP.07.,AP.07.,AP.07.,AP.07.,AP.07.,AP.07.,AP.07.,AP.07.
Section-D1a5-VideoList-AP,PlayListButton-AP-VideoListButton-08,08. Santana - Winning,https://www.youtube.com/watch?v=0FmPg4lrBKc,https://img.youtube.com/vi/0FmPg4lrBKc/maxresdefault.jpg,ClickedVideoListButton,PlayListButton-AP-VideoListButton-08,Section-D1a5-VideoList-AP,08. ??????,AP.08.,AP.08.,AP.08.,AP.08.,AP.08.,AP.08.,AP.08.,AP.08.,AP.08.,AP.08.
Section-D1a5-VideoList-AP,PlayListButton-AP-VideoListButton-09,09. Santana - Soul Sacrifice,https://www.youtube.com/watch?v=UKcI2mcsueM,https://img.youtube.com/vi/UKcI2mcsueM/maxresdefault.jpg,ClickedVideoListButton,PlayListButton-AP-VideoListButton-09,Section-D1a5-VideoList-AP,09. ??????,AP.09.,AP.09.,AP.09.,AP.09.,AP.09.,AP.09.,AP.09.,AP.09.,AP.09.,AP.09.
Section-D1a5-VideoList-AP,PlayListButton-AP-VideoListButton-10,10. Santana - Soul Sacrifice (1969 Woodstock),https://www.youtube.com/watch?v=JaaT_HRb4GU,https://img.youtube.com/vi/JaaT_HRb4GU/maxresdefault.jpg,ClickedVideoListButton,PlayListButton-AP-VideoListButton-10,Section-D1a5-VideoList-AP,10. ??????,AP.10.,AP.10.,AP.10.,AP.10.,AP.10.,AP.10.,AP.10.,AP.10.,AP.10.,AP.10.
Section-D1a5-VideoList-AP,PlayListButton-AP-VideoListButton-11,"11. Emerson, Lake and Palmer - From the Beginning",https://www.youtube.com/watch?v=L6TJWem-k0A,https://img.youtube.com/vi/L6TJWem-k0A/maxresdefault.jpg,ClickedVideoListButton,PlayListButton-AP-VideoListButton-11,Section-D1a5-VideoList-AP,11. ??????,AP.11.,AP.11.,AP.11.,AP.11.,AP.11.,AP.11.,AP.11.,AP.11.,AP.11.,AP.11.
Section-D1a5-VideoList-AP,PlayListButton-AP-VideoListButton-12,12. Robert Plant - Big Log,https://www.youtube.com/watch?v=FxSsol3Zd7k,https://img.youtube.com/vi/FxSsol3Zd7k/maxresdefault.jpg,ClickedVideoListButton,PlayListButton-AP-VideoListButton-12,Section-D1a5-VideoList-AP,12. ??????,AP.12.,AP.12.,AP.12.,AP.12.,AP.12.,AP.12.,AP.12.,AP.12.,AP.12.,AP.12.
Section-D1a5-VideoList-AP,PlayListButton-AP-VideoListButton-13,13. Alan Parsons Project - I Wouldn't Want to Be Like You,https://www.youtube.com/watch?v=p6Fpllm1Iy8,https://img.youtube.com/vi/p6Fpllm1Iy8/maxresdefault.jpg,ClickedVideoListButton,PlayListButton-AP-VideoListButton-13,Section-D1a5-VideoList-AP,13. ??????,AP.13.,AP.13.,AP.13.,AP.13.,AP.13.,AP.13.,AP.13.,AP.13.,AP.13.,AP.13.
Section-D1a5-VideoList-AP,PlayListButton-AP-VideoListButton-14,14. Alan Parsons Project - The Voice,https://www.youtube.com/watch?v=c5KAKo9tN5M,https://img.youtube.com/vi/c5KAKo9tN5M/maxresdefault.jpg,ClickedVideoListButton,PlayListButton-AP-VideoListButton-14,Section-D1a5-VideoList-AP,14. ??????,AP.14.,AP.14.,AP.14.,AP.14.,AP.14.,AP.14.,AP.14.,AP.14.,AP.14.,AP.14.
Section-D1a5-VideoList-AP,PlayListButton-AP-VideoListButton-15,15. Alan Parsons Project - Day After Day (The Show Must Go On),https://www.youtube.com/watch?v=y0RI83fWGYA,https://img.youtube.com/vi/y0RI83fWGYA/maxresdefault.jpg,ClickedVideoListButton,PlayListButton-AP-VideoListButton-15,Section-D1a5-VideoList-AP,15. ??????,AP.15.,AP.15.,AP.15.,AP.15.,AP.15.,AP.15.,AP.15.,AP.15.,AP.15.,AP.15.
Section-D1a5-VideoList-AP,PlayListButton-AP-VideoListButton-16,16. Alan Parsons Project - I Robot,https://www.youtube.com/watch?v=vB8dweYCLes,https://img.youtube.com/vi/vB8dweYCLes/maxresdefault.jpg,ClickedVideoListButton,PlayListButton-AP-VideoListButton-16,Section-D1a5-VideoList-AP,16. ??????,AP.16.,AP.16.,AP.16.,AP.16.,AP.16.,AP.16.,AP.16.,AP.16.,AP.16.,AP.16.
Section-D1a5-VideoList-AP,PlayListButton-AP-VideoListButton-17,17. Alan Parsons Project - Breakdown,https://www.youtube.com/watch?v=uqpiuKwI33A,https://img.youtube.com/vi/uqpiuKwI33A/maxresdefault.jpg,ClickedVideoListButton,PlayListButton-AP-VideoListButton-17,Section-D1a5-VideoList-AP,17. ??????,AP.17.,AP.17.,AP.17.,AP.17.,AP.17.,AP.17.,AP.17.,AP.17.,AP.17.,AP.17.
Section-D1a5-VideoList-AP,PlayListButton-AP-VideoListButton-18,18. Alan Parsons Project - Some Other Time,https://www.youtube.com/watch?v=NLeSi1IZUfs,https://img.youtube.com/vi/NLeSi1IZUfs/maxresdefault.jpg,ClickedVideoListButton,PlayListButton-AP-VideoListButton-18,Section-D1a5-VideoList-AP,18. ??????,AP.18.,AP.18.,AP.18.,AP.18.,AP.18.,AP.18.,AP.18.,AP.18.,AP.18.,AP.18.
Section-D1a5-VideoList-AP,PlayListButton-AP-VideoListButton-19,19. Alan Parsons Project - Don't Let It Show,https://www.youtube.com/watch?v=C8sb_58eL6c,https://img.youtube.com/vi/C8sb_58eL6c/maxresdefault.jpg,ClickedVideoListButton,PlayListButton-AP-VideoListButton-19,Section-D1a5-VideoList-AP,19. ??????,AP.19.,AP.19.,AP.19.,AP.19.,AP.19.,AP.19.,AP.19.,AP.19.,AP.19.,AP.19.
Section-D1a5-VideoList-AP,PlayListButton-AP-VideoListButton-20,20. Alan Parsons Project - Genesis Ch.1. V.32,https://www.youtube.com/watch?v=71O03ITAwEs,https://img.youtube.com/vi/71O03ITAwEs/maxresdefault.jpg,ClickedVideoListButton,PlayListButton-AP-VideoListButton-20,Section-D1a5-VideoList-AP,20. ??????,AP.20.,AP.20.,AP.20.,AP.20.,AP.20.,AP.20.,AP.20.,AP.20.,AP.20.,AP.20.
Section-D1a5-VideoList-AP,PlayListButton-AP-VideoListButton-21,21. Alan Parsons Project - Eye in the Sky,https://www.youtube.com/watch?v=56hqrlQxMMI,https://img.youtube.com/vi/56hqrlQxMMI/maxresdefault.jpg,ClickedVideoListButton,PlayListButton-AP-VideoListButton-21,Section-D1a5-VideoList-AP,21. ??????,AP.21.,AP.21.,AP.21.,AP.21.,AP.21.,AP.21.,AP.21.,AP.21.,AP.21.,AP.21.
Section-D1a5-VideoList-AP,PlayListButton-AP-VideoListButton-22,22. Alan Parsons Project - Nothing Left to Lose,https://www.youtube.com/watch?v=7LMJyK0lj1U,https://img.youtube.com/vi/7LMJyK0lj1U/maxresdefault.jpg,ClickedVideoListButton,PlayListButton-AP-VideoListButton-22,Section-D1a5-VideoList-AP,22. ??????,AP.22.,AP.22.,AP.22.,AP.22.,AP.22.,AP.22.,AP.22.,AP.22.,AP.22.,AP.22.
Section-D1a5-VideoList-AP,PlayListButton-AP-VideoListButton-23,23. Alan Parsons Project - Games People Play,https://www.youtube.com/watch?v=haTkLmg7NZw,https://img.youtube.com/vi/haTkLmg7NZw/maxresdefault.jpg,ClickedVideoListButton,PlayListButton-AP-VideoListButton-23,Section-D1a5-VideoList-AP,23. ??????,AP.23.,AP.23.,AP.23.,AP.23.,AP.23.,AP.23.,AP.23.,AP.23.,AP.23.,AP.23.
Section-D1a5-VideoList-AP,PlayListButton-AP-VideoListButton-24,24. Alan Parsons Project - Time,https://www.youtube.com/watch?v=z55uIqFZB7I,https://img.youtube.com/vi/z55uIqFZB7I/maxresdefault.jpg,ClickedVideoListButton,PlayListButton-AP-VideoListButton-24,Section-D1a5-VideoList-AP,24. ??????,AP.24.,AP.24.,AP.24.,AP.24.,AP.24.,AP.24.,AP.24.,AP.24.,AP.24.,AP.24.
Section-D1a5-VideoList-AP,PlayListButton-AP-VideoListButton-25,25. Alan Parsons Project - The Turn Of A Friendly Card (Part 1),https://www.youtube.com/watch?v=bkvOvBOP3MU,https://img.youtube.com/vi/bkvOvBOP3MU/maxresdefault.jpg,ClickedVideoListButton,PlayListButton-AP-VideoListButton-25,Section-D1a5-VideoList-AP,25. ??????,AP.25.,AP.25.,AP.25.,AP.25.,AP.25.,AP.25.,AP.25.,AP.25.,AP.25.,AP.25.
Section-D1a5-VideoList-AP,PlayListButton-AP-VideoListButton-26,26. Alan Parsons Project - The Turn Of A Friendly Card (Part 2),https://www.youtube.com/watch?v=shHzYGkoaps,https://img.youtube.com/vi/shHzYGkoaps/maxresdefault.jpg,ClickedVideoListButton,PlayListButton-AP-VideoListButton-26,Section-D1a5-VideoList-AP,26. ??????,AP.26.,AP.26.,AP.26.,AP.26.,AP.26.,AP.26.,AP.26.,AP.26.,AP.26.,AP.26.
Section-D1a5-VideoList-AP,PlayListButton-AP-VideoListButton-27,27. Pink Floyd - Another Brick in the Wall (Short) (The Wall),https://www.youtube.com/watch?v=K6PwUG283DU,https://img.youtube.com/vi/K6PwUG283DU/maxresdefault.jpg,ClickedVideoListButton,PlayListButton-AP-VideoListButton-27,Section-D1a5-VideoList-AP,27. ??????,AP.27.,AP.27.,AP.27.,AP.27.,AP.27.,AP.27.,AP.27.,AP.27.,AP.27.,AP.27.
Section-D1a5-VideoList-AP,PlayListButton-AP-VideoListButton-28,28. Pink Floyd - Another Brick In The Wall (Long) (The Wall),https://www.youtube.com/watch?v=TjrfuDAEl10,https://img.youtube.com/vi/TjrfuDAEl10/maxresdefault.jpg,ClickedVideoListButton,PlayListButton-AP-VideoListButton-28,Section-D1a5-VideoList-AP,28. ??????,AP.28.,AP.28.,AP.28.,AP.28.,AP.28.,AP.28.,AP.28.,AP.28.,AP.28.,AP.28.
Section-D1a5-VideoList-AP,PlayListButton-AP-VideoListButton-29,29. Pink Floyd - Another Brick In The Wall (Live) (The Wall),https://www.youtube.com/watch?v=xBQsQoGodPY,https://img.youtube.com/vi/xBQsQoGodPY/maxresdefault.jpg,ClickedVideoListButton,PlayListButton-AP-VideoListButton-29,Section-D1a5-VideoList-AP,29. ??????,AP.29.,AP.29.,AP.29.,AP.29.,AP.29.,AP.29.,AP.29.,AP.29.,AP.29.,AP.29.
Section-D1a5-VideoList-AP,PlayListButton-AP-VideoListButton-30,30. Pink Floyd - Comfortably Numb (Live) (The Wall),https://www.youtube.com/watch?v=QrWZNAQrkf4,https://img.youtube.com/vi/QrWZNAQrkf4/maxresdefault.jpg,ClickedVideoListButton,PlayListButton-AP-VideoListButton-30,Section-D1a5-VideoList-AP,30. ??????,AP.30.,AP.30.,AP.30.,AP.30.,AP.30.,AP.30.,AP.30.,AP.30.,AP.30.,AP.30.
Section-D1a5-VideoList-AP,PlayListButton-AP-VideoListButton-31,31. Pink Floyd - The Great Gig In The Sky (Live) (The Dark Side of the Moon),https://www.youtube.com/watch?v=VGX7RxsTNmo,https://img.youtube.com/vi/VGX7RxsTNmo/maxresdefault.jpg,ClickedVideoListButton,PlayListButton-AP-VideoListButton-31,Section-D1a5-VideoList-AP,31. ??????,AP.31.,AP.31.,AP.31.,AP.31.,AP.31.,AP.31.,AP.31.,AP.31.,AP.31.,AP.31.
Section-D1a5-VideoList-AP,PlayListButton-AP-VideoListButton-32,32. Pink Floyd - The Wall (Full Album 1979),https://www.youtube.com/watch?v=r48BLz42NuI,https://img.youtube.com/vi/r48BLz42NuI/maxresdefault.jpg,ClickedVideoListButton,PlayListButton-AP-VideoListButton-32,Section-D1a5-VideoList-AP,32. ??????,AP.32.,AP.32.,AP.32.,AP.32.,AP.32.,AP.32.,AP.32.,AP.32.,AP.32.,AP.32.
Section-D1a5-VideoList-AQ,PlayListButton-AQ-VideoListButton-01,01. Journey - Faithfully,https://www.youtube.com/watch?v=OMD8hBsA-RI,https://img.youtube.com/vi/OMD8hBsA-RI/maxresdefault.jpg,ClickedVideoListButton,PlayListButton-AQ-VideoListButton-01,Section-D1a5-VideoList-AQ,01. ??????,AQ.01.,AQ.01.,AQ.01.,AQ.01.,AQ.01.,AQ.01.,AQ.01.,AQ.01.,AQ.01.,AQ.01.
Section-D1a5-VideoList-AQ,PlayListButton-AQ-VideoListButton-02,02. Journey - Who's Crying Now,https://www.youtube.com/watch?v=2q4RwTIkYk0,https://img.youtube.com/vi/2q4RwTIkYk0/maxresdefault.jpg,ClickedVideoListButton,PlayListButton-AQ-VideoListButton-02,Section-D1a5-VideoList-AQ,02. ??????,AQ.02.,AQ.02.,AQ.02.,AQ.02.,AQ.02.,AQ.02.,AQ.02.,AQ.02.,AQ.02.,AQ.02.
Section-D1a5-VideoList-AQ,PlayListButton-AQ-VideoListButton-03,03. Journey - Don't Stop Believin',https://www.youtube.com/watch?v=VcjzHMhBtf0,https://img.youtube.com/vi/VcjzHMhBtf0/maxresdefault.jpg,ClickedVideoListButton,PlayListButton-AQ-VideoListButton-03,Section-D1a5-VideoList-AQ,03. ??????,AQ.03.,AQ.03.,AQ.03.,AQ.03.,AQ.03.,AQ.03.,AQ.03.,AQ.03.,AQ.03.,AQ.03.
Section-D1a5-VideoList-AQ,PlayListButton-AQ-VideoListButton-04,04. 4 Non Blondes - What's Up,https://www.youtube.com/watch?v=6NXnxTNIWkc,https://img.youtube.com/vi/6NXnxTNIWkc/maxresdefault.jpg,ClickedVideoListButton,PlayListButton-AQ-VideoListButton-04,Section-D1a5-VideoList-AQ,04. ??????,AQ.04.,AQ.04.,AQ.04.,AQ.04.,AQ.04.,AQ.04.,AQ.04.,AQ.04.,AQ.04.,AQ.04.
Section-D1a5-VideoList-AQ,PlayListButton-AQ-VideoListButton-05,05. Guns N' Roses - November Rain,https://www.youtube.com/watch?v=Rz6__sLHPNA,https://img.youtube.com/vi/Rz6__sLHPNA/maxresdefault.jpg,ClickedVideoListButton,PlayListButton-AQ-VideoListButton-05,Section-D1a5-VideoList-AQ,05. ??????,AQ.05.,AQ.05.,AQ.05.,AQ.05.,AQ.05.,AQ.05.,AQ.05.,AQ.05.,AQ.05.,AQ.05.
Section-D1a5-VideoList-AQ,PlayListButton-AQ-VideoListButton-06,06. Bon Jovi - Livin' on a Prayer,https://www.youtube.com/watch?v=pLDeSUX_77o,https://img.youtube.com/vi/pLDeSUX_77o/maxresdefault.jpg,ClickedVideoListButton,PlayListButton-AQ-VideoListButton-06,Section-D1a5-VideoList-AQ,06. ??????,AQ.06.,AQ.06.,AQ.06.,AQ.06.,AQ.06.,AQ.06.,AQ.06.,AQ.06.,AQ.06.,AQ.06.
Section-D1a5-VideoList-AQ,PlayListButton-AQ-VideoListButton-07,07. Van Halen - Jump,https://www.youtube.com/watch?v=SwYN7mTi6HM,https://img.youtube.com/vi/SwYN7mTi6HM/maxresdefault.jpg,ClickedVideoListButton,PlayListButton-AQ-VideoListButton-07,Section-D1a5-VideoList-AQ,07. ??????,AQ.07.,AQ.07.,AQ.07.,AQ.07.,AQ.07.,AQ.07.,AQ.07.,AQ.07.,AQ.07.,AQ.07.
Section-D1a5-VideoList-AQ,PlayListButton-AQ-VideoListButton-08,08. Queen - Radio Ga Ga,https://www.youtube.com/watch?v=o-0ygW-B_gI,https://img.youtube.com/vi/o-0ygW-B_gI/maxresdefault.jpg,ClickedVideoListButton,PlayListButton-AQ-VideoListButton-08,Section-D1a5-VideoList-AQ,08. ??????,AQ.08.,AQ.08.,AQ.08.,AQ.08.,AQ.08.,AQ.08.,AQ.08.,AQ.08.,AQ.08.,AQ.08.
Section-D1a5-VideoList-AQ,PlayListButton-AQ-VideoListButton-09,09. George Michael - A Different Corner,https://www.youtube.com/watch?v=VfPSNKb0Ahc,https://img.youtube.com/vi/VfPSNKb0Ahc/maxresdefault.jpg,ClickedVideoListButton,PlayListButton-AQ-VideoListButton-09,Section-D1a5-VideoList-AQ,09. ??????,AQ.09.,AQ.09.,AQ.09.,AQ.09.,AQ.09.,AQ.09.,AQ.09.,AQ.09.,AQ.09.,AQ.09.
Section-D1a5-VideoList-AQ,PlayListButton-AQ-VideoListButton-10,10. Imagine Dragons - Natural,https://www.youtube.com/watch?v=8kD3pOsdnQQ,https://img.youtube.com/vi/8kD3pOsdnQQ/maxresdefault.jpg,ClickedVideoListButton,PlayListButton-AQ-VideoListButton-10,Section-D1a5-VideoList-AQ,10. ??????,AQ.10.,AQ.10.,AQ.10.,AQ.10.,AQ.10.,AQ.10.,AQ.10.,AQ.10.,AQ.10.,AQ.10.
Section-D1a5-VideoList-AQ,PlayListButton-AQ-VideoListButton-11,11. Pink Floyd - The Great Gig In The Sky (The Dark Side of the Moon),https://www.youtube.com/watch?v=Ke9y_yfwJtg,https://img.youtube.com/vi/Ke9y_yfwJtg/maxresdefault.jpg,ClickedVideoListButton,PlayListButton-AQ-VideoListButton-11,Section-D1a5-VideoList-AQ,11. ??????,AQ.11.,AQ.11.,AQ.11.,AQ.11.,AQ.11.,AQ.11.,AQ.11.,AQ.11.,AQ.11.,AQ.11.
Section-D1a5-VideoList-AQ,PlayListButton-AQ-VideoListButton-12,12. Journey - Faithfully (Live),https://www.youtube.com/watch?v=pVPCQq03RdI,https://img.youtube.com/vi/pVPCQq03RdI/maxresdefault.jpg,ClickedVideoListButton,PlayListButton-AQ-VideoListButton-12,Section-D1a5-VideoList-AQ,12. ??????,AQ.12.,AQ.12.,AQ.12.,AQ.12.,AQ.12.,AQ.12.,AQ.12.,AQ.12.,AQ.12.,AQ.12.
Section-D1a5-VideoList-AR,PlayListButton-AR-VideoListButton-01,01. Brian Simpson & Dave Koz - When I Say Your Name,https://www.youtube.com/watch?v=ERTHPRPTlRE,https://img.youtube.com/vi/ERTHPRPTlRE/maxresdefault.jpg,ClickedVideoListButton,PlayListButton-AR-VideoListButton-01,Section-D1a5-VideoList-AR,01. ??????,AR.01.,AR.01.,AR.01.,AR.01.,AR.01.,AR.01.,AR.01.,AR.01.,AR.01.,AR.01.
Section-D1a5-VideoList-AR,PlayListButton-AR-VideoListButton-02,02. Brian Simpson - Emerald City,https://www.youtube.com/watch?v=2vo47Idd8uk,https://img.youtube.com/vi/2vo47Idd8uk/maxresdefault.jpg,ClickedVideoListButton,PlayListButton-AR-VideoListButton-02,Section-D1a5-VideoList-AR,02. ??????,AR.02.,AR.02.,AR.02.,AR.02.,AR.02.,AR.02.,AR.02.,AR.02.,AR.02.,AR.02.
Section-D1a5-VideoList-AR,PlayListButton-AR-VideoListButton-03,03. Brian Simpson - Just What You Need,https://www.youtube.com/watch?v=531bTYA6rr0,https://img.youtube.com/vi/531bTYA6rr0/maxresdefault.jpg,ClickedVideoListButton,PlayListButton-AR-VideoListButton-03,Section-D1a5-VideoList-AR,03. ??????,AR.03.,AR.03.,AR.03.,AR.03.,AR.03.,AR.03.,AR.03.,AR.03.,AR.03.,AR.03.
Section-D1a5-VideoList-AR,PlayListButton-AR-VideoListButton-04,04. Richard Elliot - Summer Madness,https://www.youtube.com/watch?v=xlxSxe3XXj4,https://img.youtube.com/vi/xlxSxe3XXj4/maxresdefault.jpg,ClickedVideoListButton,PlayListButton-AR-VideoListButton-04,Section-D1a5-VideoList-AR,04. ??????,AR.04.,AR.04.,AR.04.,AR.04.,AR.04.,AR.04.,AR.04.,AR.04.,AR.04.,AR.04.
Section-D1a5-VideoList-AR,PlayListButton-AR-VideoListButton-05,05. Richard Elliot - Moomba,https://www.youtube.com/watch?v=5fRPCfgyrjw,https://img.youtube.com/vi/5fRPCfgyrjw/maxresdefault.jpg,ClickedVideoListButton,PlayListButton-AR-VideoListButton-05,Section-D1a5-VideoList-AR,05. ??????,AR.05.,AR.05.,AR.05.,AR.05.,AR.05.,AR.05.,AR.05.,AR.05.,AR.05.,AR.05.
Section-D1a5-VideoList-AR,PlayListButton-AR-VideoListButton-06,06. Richard Elliot - Like Butter,https://www.youtube.com/watch?v=0RZA2cw122M,https://img.youtube.com/vi/0RZA2cw122M/maxresdefault.jpg,ClickedVideoListButton,PlayListButton-AR-VideoListButton-06,Section-D1a5-VideoList-AR,06. ??????,AR.06.,AR.06.,AR.06.,AR.06.,AR.06.,AR.06.,AR.06.,AR.06.,AR.06.,AR.06.
Section-D1a5-VideoList-AR,PlayListButton-AR-VideoListButton-07,07. Richard Elliot - In The Groove,https://www.youtube.com/watch?v=QCtNz1xtdk4,https://img.youtube.com/vi/QCtNz1xtdk4/maxresdefault.jpg,ClickedVideoListButton,PlayListButton-AR-VideoListButton-07,Section-D1a5-VideoList-AR,07. ??????,AR.07.,AR.07.,AR.07.,AR.07.,AR.07.,AR.07.,AR.07.,AR.07.,AR.07.,AR.07.
Section-D1a5-VideoList-AR,PlayListButton-AR-VideoListButton-08,08. Ronny Jordan - After Hours,https://www.youtube.com/watch?v=WAMSSSLiags,https://img.youtube.com/vi/WAMSSSLiags/maxresdefault.jpg,ClickedVideoListButton,PlayListButton-AR-VideoListButton-08,Section-D1a5-VideoList-AR,08. ??????,AR.08.,AR.08.,AR.08.,AR.08.,AR.08.,AR.08.,AR.08.,AR.08.,AR.08.,AR.08.
Section-D1a5-VideoList-AR,PlayListButton-AR-VideoListButton-09,09. Ronny Jordan - Summer Smile,https://www.youtube.com/watch?v=f_MUnG838E0,https://img.youtube.com/vi/f_MUnG838E0/maxresdefault.jpg,ClickedVideoListButton,PlayListButton-AR-VideoListButton-09,Section-D1a5-VideoList-AR,09. ??????,AR.09.,AR.09.,AR.09.,AR.09.,AR.09.,AR.09.,AR.09.,AR.09.,AR.09.,AR.09.
Section-D1a5-VideoList-AR,PlayListButton-AR-VideoListButton-10,10. Norman Brown - That's The Way Love Goes,https://www.youtube.com/watch?v=wd5U9OGefEc,https://img.youtube.com/vi/wd5U9OGefEc/maxresdefault.jpg,ClickedVideoListButton,PlayListButton-AR-VideoListButton-10,Section-D1a5-VideoList-AR,10. ??????,AR.10.,AR.10.,AR.10.,AR.10.,AR.10.,AR.10.,AR.10.,AR.10.,AR.10.,AR.10.
Section-D1a5-VideoList-AR,PlayListButton-AR-VideoListButton-11,11. Norman Brown - Casual Cool,https://www.youtube.com/watch?v=fQIxkBqpP2U,https://img.youtube.com/vi/fQIxkBqpP2U/maxresdefault.jpg,ClickedVideoListButton,PlayListButton-AR-VideoListButton-11,Section-D1a5-VideoList-AR,11. ??????,AR.11.,AR.11.,AR.11.,AR.11.,AR.11.,AR.11.,AR.11.,AR.11.,AR.11.,AR.11.
Section-D1a5-VideoList-AR,PlayListButton-AR-VideoListButton-12,12. Boney James - All I Want Is You (feat. October London),https://www.youtube.com/watch?v=x1FTCf5sTC0,https://img.youtube.com/vi/x1FTCf5sTC0/maxresdefault.jpg,ClickedVideoListButton,PlayListButton-AR-VideoListButton-12,Section-D1a5-VideoList-AR,12. ??????,AR.12.,AR.12.,AR.12.,AR.12.,AR.12.,AR.12.,AR.12.,AR.12.,AR.12.,AR.12.
Section-D1a5-VideoList-AR,PlayListButton-AR-VideoListButton-13,13. Boney James - Coastin' (feat. Lalah Hathaway),https://www.youtube.com/watch?v=vr0iQTlt4bI,https://img.youtube.com/vi/vr0iQTlt4bI/maxresdefault.jpg,ClickedVideoListButton,PlayListButton-AR-VideoListButton-13,Section-D1a5-VideoList-AR,13. ??????,AR.13.,AR.13.,AR.13.,AR.13.,AR.13.,AR.13.,AR.13.,AR.13.,AR.13.,AR.13.
Section-D1a5-VideoList-AR,PlayListButton-AR-VideoListButton-14,14. Bob James - Feel Like Making Love,https://www.youtube.com/watch?v=UoFZD-rtWNk,https://img.youtube.com/vi/UoFZD-rtWNk/maxresdefault.jpg,ClickedVideoListButton,PlayListButton-AR-VideoListButton-14,Section-D1a5-VideoList-AR,14. ??????,AR.14.,AR.14.,AR.14.,AR.14.,AR.14.,AR.14.,AR.14.,AR.14.,AR.14.,AR.14.
Section-D1a5-VideoList-AR,PlayListButton-AR-VideoListButton-15,15. Bob James & David Sanborn - Maputo,https://www.youtube.com/watch?v=j6T8r4U4pJk,https://img.youtube.com/vi/j6T8r4U4pJk/maxresdefault.jpg,ClickedVideoListButton,PlayListButton-AR-VideoListButton-15,Section-D1a5-VideoList-AR,15. ??????,AR.15.,AR.15.,AR.15.,AR.15.,AR.15.,AR.15.,AR.15.,AR.15.,AR.15.,AR.15.
Section-D1a5-VideoList-AR,PlayListButton-AR-VideoListButton-16,16. Peter White - Dream Walk,https://www.youtube.com/watch?v=CM1hFsC-Cm8,https://img.youtube.com/vi/CM1hFsC-Cm8/maxresdefault.jpg,ClickedVideoListButton,PlayListButton-AR-VideoListButton-16,Section-D1a5-VideoList-AR,16. ??????,AR.16.,AR.16.,AR.16.,AR.16.,AR.16.,AR.16.,AR.16.,AR.16.,AR.16.,AR.16.
Section-D1a5-VideoList-AR,PlayListButton-AR-VideoListButton-17,17. Rick Braun & Peter White - Baby Steps,https://www.youtube.com/watch?v=Pr9aB2laPFI,https://img.youtube.com/vi/Pr9aB2laPFI/maxresdefault.jpg,ClickedVideoListButton,PlayListButton-AR-VideoListButton-17,Section-D1a5-VideoList-AR,17. ??????,AR.17.,AR.17.,AR.17.,AR.17.,AR.17.,AR.17.,AR.17.,AR.17.,AR.17.,AR.17.
Section-D1a5-VideoList-AR,PlayListButton-AR-VideoListButton-18,18. Rick Braun - Silk,https://www.youtube.com/watch?v=oGifQOx6TRk,https://img.youtube.com/vi/oGifQOx6TRk/maxresdefault.jpg,ClickedVideoListButton,PlayListButton-AR-VideoListButton-18,Section-D1a5-VideoList-AR,18. ??????,AR.18.,AR.18.,AR.18.,AR.18.,AR.18.,AR.18.,AR.18.,AR.18.,AR.18.,AR.18.
Section-D1a5-VideoList-AR,PlayListButton-AR-VideoListButton-19,19. Stanley Clarke - East River Drive,https://www.youtube.com/watch?v=gldoTwdvW2Y,https://img.youtube.com/vi/gldoTwdvW2Y/maxresdefault.jpg,ClickedVideoListButton,PlayListButton-AR-VideoListButton-19,Section-D1a5-VideoList-AR,19. ??????,AR.19.,AR.19.,AR.19.,AR.19.,AR.19.,AR.19.,AR.19.,AR.19.,AR.19.,AR.19.
Section-D1a5-VideoList-AR,PlayListButton-AR-VideoListButton-20,20. Stanley Jordan - The Lady In My Life,https://www.youtube.com/watch?v=zP1_WkD-dPI,https://img.youtube.com/vi/zP1_WkD-dPI/maxresdefault.jpg,ClickedVideoListButton,PlayListButton-AR-VideoListButton-20,Section-D1a5-VideoList-AR,20. ??????,AR.20.,AR.20.,AR.20.,AR.20.,AR.20.,AR.20.,AR.20.,AR.20.,AR.20.,AR.20.
Section-D1a5-VideoList-AR,PlayListButton-AR-VideoListButton-21,21. Marion Meadows - Only,https://www.youtube.com/watch?v=os4R2oliMzU,https://img.youtube.com/vi/os4R2oliMzU/maxresdefault.jpg,ClickedVideoListButton,PlayListButton-AR-VideoListButton-21,Section-D1a5-VideoList-AR,21. ??????,AR.21.,AR.21.,AR.21.,AR.21.,AR.21.,AR.21.,AR.21.,AR.21.,AR.21.,AR.21.
Section-D1a5-VideoList-AR,PlayListButton-AR-VideoListButton-22,22. Eric Essix - Late Night Drive,https://www.youtube.com/watch?v=L1sDHam1SN0,https://img.youtube.com/vi/L1sDHam1SN0/maxresdefault.jpg,ClickedVideoListButton,PlayListButton-AR-VideoListButton-22,Section-D1a5-VideoList-AR,22. ??????,AR.22.,AR.22.,AR.22.,AR.22.,AR.22.,AR.22.,AR.22.,AR.22.,AR.22.,AR.22.
Section-D1a5-VideoList-AR,PlayListButton-AR-VideoListButton-23,23. Najee - Champs Élysées,https://www.youtube.com/watch?v=Swlg22GJTdk,https://img.youtube.com/vi/Swlg22GJTdk/maxresdefault.jpg,ClickedVideoListButton,PlayListButton-AR-VideoListButton-23,Section-D1a5-VideoList-AR,23. ??????,AR.23.,AR.23.,AR.23.,AR.23.,AR.23.,AR.23.,AR.23.,AR.23.,AR.23.,AR.23.
Section-D1a5-VideoList-AR,PlayListButton-AR-VideoListButton-24,"24. Pieces Of A Dream - Steppers ""D"" Lite",https://www.youtube.com/watch?v=wOuEO2ZsqwM,https://img.youtube.com/vi/wOuEO2ZsqwM/maxresdefault.jpg,ClickedVideoListButton,PlayListButton-AR-VideoListButton-24,Section-D1a5-VideoList-AR,24. ??????,AR.24.,AR.24.,AR.24.,AR.24.,AR.24.,AR.24.,AR.24.,AR.24.,AR.24.,AR.24.
Section-D1a5-VideoList-AR,PlayListButton-AR-VideoListButton-25,"25. Debbie Winans - Mercy, Mercy Me",https://www.youtube.com/watch?v=Si249xBU7xE,https://img.youtube.com/vi/Si249xBU7xE/maxresdefault.jpg,ClickedVideoListButton,PlayListButton-AR-VideoListButton-25,Section-D1a5-VideoList-AR,25. ??????,AR.25.,AR.25.,AR.25.,AR.25.,AR.25.,AR.25.,AR.25.,AR.25.,AR.25.,AR.25.
Section-D1a5-VideoList-AR,PlayListButton-AR-VideoListButton-26,26. Michael E - I Can Only Dream,https://www.youtube.com/watch?v=fVSqDpRdEyU,https://img.youtube.com/vi/fVSqDpRdEyU/maxresdefault.jpg,ClickedVideoListButton,PlayListButton-AR-VideoListButton-26,Section-D1a5-VideoList-AR,26. ??????,AR.26.,AR.26.,AR.26.,AR.26.,AR.26.,AR.26.,AR.26.,AR.26.,AR.26.,AR.26.
Section-D1a5-VideoList-AR,PlayListButton-AR-VideoListButton-27,27. Joe Sample - Seven Years of Good Luck,https://www.youtube.com/watch?v=_F2NnGWnttw,https://img.youtube.com/vi/_F2NnGWnttw/maxresdefault.jpg,ClickedVideoListButton,PlayListButton-AR-VideoListButton-27,Section-D1a5-VideoList-AR,27. ??????,AR.27.,AR.27.,AR.27.,AR.27.,AR.27.,AR.27.,AR.27.,AR.27.,AR.27.,AR.27.
Section-D1a5-VideoList-AR,PlayListButton-AR-VideoListButton-28,28. Kirk Whalum - My All,https://www.youtube.com/watch?v=vI6WBkIMtzk,https://img.youtube.com/vi/vI6WBkIMtzk/maxresdefault.jpg,ClickedVideoListButton,PlayListButton-AR-VideoListButton-28,Section-D1a5-VideoList-AR,28. ??????,AR.28.,AR.28.,AR.28.,AR.28.,AR.28.,AR.28.,AR.28.,AR.28.,AR.28.,AR.28.
Section-D1a5-VideoList-AR,PlayListButton-AR-VideoListButton-29,29. Hiroshima - One Wish,https://www.youtube.com/watch?v=mQyQU2rzaOM,https://img.youtube.com/vi/mQyQU2rzaOM/maxresdefault.jpg,ClickedVideoListButton,PlayListButton-AR-VideoListButton-29,Section-D1a5-VideoList-AR,29. ??????,AR.29.,AR.29.,AR.29.,AR.29.,AR.29.,AR.29.,AR.29.,AR.29.,AR.29.,AR.29.
Section-D1a5-VideoList-AR,PlayListButton-AR-VideoListButton-30,30. Tokyo Groove Jyoshi - Rise Up,https://www.youtube.com/watch?v=zBip51tYNOU,https://img.youtube.com/vi/zBip51tYNOU/maxresdefault.jpg,ClickedVideoListButton,PlayListButton-AR-VideoListButton-30,Section-D1a5-VideoList-AR,30. ??????,AR.30.,AR.30.,AR.30.,AR.30.,AR.30.,AR.30.,AR.30.,AR.30.,AR.30.,AR.30.
Section-D1a5-VideoList-AR,PlayListButton-AR-VideoListButton-31,31. Tokyo Groove Jyoshi - Funk No1,https://www.youtube.com/watch?v=rwdo4EOR3fQ,https://img.youtube.com/vi/rwdo4EOR3fQ/maxresdefault.jpg,ClickedVideoListButton,PlayListButton-AR-VideoListButton-31,Section-D1a5-VideoList-AR,31. ??????,AR.31.,AR.31.,AR.31.,AR.31.,AR.31.,AR.31.,AR.31.,AR.31.,AR.31.,AR.31.
Section-D1a5-VideoList-AR,PlayListButton-AR-VideoListButton-32,32. Keiko Matsui Group - Euphoria,https://www.youtube.com/watch?v=nH9F9p4UlmI,https://img.youtube.com/vi/nH9F9p4UlmI/maxresdefault.jpg,ClickedVideoListButton,PlayListButton-AR-VideoListButton-32,Section-D1a5-VideoList-AR,32. ??????,AR.32.,AR.32.,AR.32.,AR.32.,AR.32.,AR.32.,AR.32.,AR.32.,AR.32.,AR.32.
Section-D1a5-VideoList-AR,PlayListButton-AR-VideoListButton-33,33. Althea Rene & Jeanette Harris - We Are One,https://www.youtube.com/watch?v=guk0Sj3xxBc,https://img.youtube.com/vi/guk0Sj3xxBc/maxresdefault.jpg,ClickedVideoListButton,PlayListButton-AR-VideoListButton-33,Section-D1a5-VideoList-AR,33. ??????,AR.33.,AR.33.,AR.33.,AR.33.,AR.33.,AR.33.,AR.33.,AR.33.,AR.33.,AR.33.
Section-D1a5-VideoList-AR,PlayListButton-AR-VideoListButton-34,34. Melvin Pierce - All Day and All Night,https://www.youtube.com/watch?v=OxrIilu0QdY,https://img.youtube.com/vi/OxrIilu0QdY/maxresdefault.jpg,ClickedVideoListButton,PlayListButton-AR-VideoListButton-34,Section-D1a5-VideoList-AR,34. ??????,AR.34.,AR.34.,AR.34.,AR.34.,AR.34.,AR.34.,AR.34.,AR.34.,AR.34.,AR.34.
Section-D1a5-VideoList-AR,PlayListButton-AR-VideoListButton-35,35. Melvin Pierce - Taste Of Honey,https://www.youtube.com/watch?v=lx1hEbhiG8k,https://img.youtube.com/vi/lx1hEbhiG8k/maxresdefault.jpg,ClickedVideoListButton,PlayListButton-AR-VideoListButton-35,Section-D1a5-VideoList-AR,35. ??????,AR.35.,AR.35.,AR.35.,AR.35.,AR.35.,AR.35.,AR.35.,AR.35.,AR.35.,AR.35.
Section-D1a5-VideoList-AR,PlayListButton-AR-VideoListButton-36,36. Boz Scaggs - Lowdown,https://www.youtube.com/watch?v=CWW6DRscQIc,https://img.youtube.com/vi/CWW6DRscQIc/maxresdefault.jpg,ClickedVideoListButton,PlayListButton-AR-VideoListButton-36,Section-D1a5-VideoList-AR,36. ??????,AR.36.,AR.36.,AR.36.,AR.36.,AR.36.,AR.36.,AR.36.,AR.36.,AR.36.,AR.36.
Section-D1a5-VideoList-AR,PlayListButton-AR-VideoListButton-37,37. Steely Dan - Deacon blues,https://www.youtube.com/watch?v=3nTMz1P09Uw,https://img.youtube.com/vi/3nTMz1P09Uw/maxresdefault.jpg,ClickedVideoListButton,PlayListButton-AR-VideoListButton-37,Section-D1a5-VideoList-AR,37. ??????,AR.37.,AR.37.,AR.37.,AR.37.,AR.37.,AR.37.,AR.37.,AR.37.,AR.37.,AR.37.
Section-D1a5-VideoList-AR,PlayListButton-AR-VideoListButton-38,38. Steely Dan - Home at Last,https://www.youtube.com/watch?v=Q500f4tTdoM,https://img.youtube.com/vi/Q500f4tTdoM/maxresdefault.jpg,ClickedVideoListButton,PlayListButton-AR-VideoListButton-38,Section-D1a5-VideoList-AR,38. ??????,AR.38.,AR.38.,AR.38.,AR.38.,AR.38.,AR.38.,AR.38.,AR.38.,AR.38.,AR.38.
Section-D1a5-VideoList-AR,PlayListButton-AR-VideoListButton-39,39. Steely Dan - Hey Nineteen,https://www.youtube.com/watch?v=QU7yl9R9bkY,https://img.youtube.com/vi/QU7yl9R9bkY/maxresdefault.jpg,ClickedVideoListButton,PlayListButton-AR-VideoListButton-39,Section-D1a5-VideoList-AR,39. ??????,AR.39.,AR.39.,AR.39.,AR.39.,AR.39.,AR.39.,AR.39.,AR.39.,AR.39.,AR.39.
Section-D1a5-VideoList-AR,PlayListButton-AR-VideoListButton-40,40. Steely Dan - FM (No Static At All),https://www.youtube.com/watch?v=FqnzGa9kiU4,https://img.youtube.com/vi/FqnzGa9kiU4/maxresdefault.jpg,ClickedVideoListButton,PlayListButton-AR-VideoListButton-40,Section-D1a5-VideoList-AR,40. ??????,AR.40.,AR.40.,AR.40.,AR.40.,AR.40.,AR.40.,AR.40.,AR.40.,AR.40.,AR.40.
Section-D1a5-VideoList-AR,PlayListButton-AR-VideoListButton-41,41. Donald Fagen - New Frontier,https://www.youtube.com/watch?v=FtovFI8etOg,https://img.youtube.com/vi/FtovFI8etOg/maxresdefault.jpg,ClickedVideoListButton,PlayListButton-AR-VideoListButton-41,Section-D1a5-VideoList-AR,41. ??????,AR.41.,AR.41.,AR.41.,AR.41.,AR.41.,AR.41.,AR.41.,AR.41.,AR.41.,AR.41.
Section-D1a5-VideoList-AR,PlayListButton-AR-VideoListButton-42,42. Herb Alpert - Rise,https://www.youtube.com/watch?v=bW-kH4Dnit0,https://img.youtube.com/vi/bW-kH4Dnit0/maxresdefault.jpg,ClickedVideoListButton,PlayListButton-AR-VideoListButton-42,Section-D1a5-VideoList-AR,42. ??????,AR.42.,AR.42.,AR.42.,AR.42.,AR.42.,AR.42.,AR.42.,AR.42.,AR.42.,AR.42.
Section-D1a5-VideoList-AR,PlayListButton-AR-VideoListButton-43,43. George Benson - Breezin',https://www.youtube.com/watch?v=GBPuWiEJ6bI,https://img.youtube.com/vi/GBPuWiEJ6bI/maxresdefault.jpg,ClickedVideoListButton,PlayListButton-AR-VideoListButton-43,Section-D1a5-VideoList-AR,43. ??????,AR.43.,AR.43.,AR.43.,AR.43.,AR.43.,AR.43.,AR.43.,AR.43.,AR.43.,AR.43.
Section-D1a5-VideoList-AR,PlayListButton-AR-VideoListButton-44,44. Fourplay - Chant,https://www.youtube.com/watch?v=-zcubjIan6s,https://img.youtube.com/vi/-zcubjIan6s/maxresdefault.jpg,ClickedVideoListButton,PlayListButton-AR-VideoListButton-44,Section-D1a5-VideoList-AR,44. ??????,AR.44.,AR.44.,AR.44.,AR.44.,AR.44.,AR.44.,AR.44.,AR.44.,AR.44.,AR.44.
Section-D1a5-VideoList-AR,PlayListButton-AR-VideoListButton-45,"45. Fourplay - Between The Sheets (feat. Chaka Khan, Nathan East)",https://www.youtube.com/watch?v=kL54q48y-oM,https://img.youtube.com/vi/kL54q48y-oM/maxresdefault.jpg,ClickedVideoListButton,PlayListButton-AR-VideoListButton-45,Section-D1a5-VideoList-AR,45. ??????,AR.45.,AR.45.,AR.45.,AR.45.,AR.45.,AR.45.,AR.45.,AR.45.,AR.45.,AR.45.
Section-D1a5-VideoList-AR,PlayListButton-AR-VideoListButton-46,46. Fourplay - After The Dance (feat. El DeBarge),https://www.youtube.com/watch?v=JWr3PxTPQ1o,https://img.youtube.com/vi/JWr3PxTPQ1o/maxresdefault.jpg,ClickedVideoListButton,PlayListButton-AR-VideoListButton-46,Section-D1a5-VideoList-AR,46. ??????,AR.46.,AR.46.,AR.46.,AR.46.,AR.46.,AR.46.,AR.46.,AR.46.,AR.46.,AR.46.
Section-D1a5-VideoList-AR,PlayListButton-AR-VideoListButton-47,47. Butcher Brown - Montrose Forest,https://www.youtube.com/watch?v=cMaJT5J_jRI,https://img.youtube.com/vi/cMaJT5J_jRI/maxresdefault.jpg,ClickedVideoListButton,PlayListButton-AR-VideoListButton-47,Section-D1a5-VideoList-AR,47. ??????,AR.47.,AR.47.,AR.47.,AR.47.,AR.47.,AR.47.,AR.47.,AR.47.,AR.47.,AR.47.
Section-D1a5-VideoList-AR,PlayListButton-AR-VideoListButton-48,48. Butcher Brown - Hold You,https://www.youtube.com/watch?v=SEusDcVyL4o,https://img.youtube.com/vi/SEusDcVyL4o/maxresdefault.jpg,ClickedVideoListButton,PlayListButton-AR-VideoListButton-48,Section-D1a5-VideoList-AR,48. ??????,AR.48.,AR.48.,AR.48.,AR.48.,AR.48.,AR.48.,AR.48.,AR.48.,AR.48.,AR.48.
Section-D1a5-VideoList-AR,PlayListButton-AR-VideoListButton-49,49. Butcher Brown - Ibiza,https://www.youtube.com/watch?v=2cs0CKylxPI,https://img.youtube.com/vi/2cs0CKylxPI/maxresdefault.jpg,ClickedVideoListButton,PlayListButton-AR-VideoListButton-49,Section-D1a5-VideoList-AR,49. ??????,AR.49.,AR.49.,AR.49.,AR.49.,AR.49.,AR.49.,AR.49.,AR.49.,AR.49.,AR.49.
Section-D1a5-VideoList-AR,PlayListButton-AR-VideoListButton-50,50. Rick Braun Plays Chuck Mangione - Feels So Good (Feat. Richard Elliot),https://www.youtube.com/watch?v=KnDBAAVTusI,https://img.youtube.com/vi/KnDBAAVTusI/maxresdefault.jpg,ClickedVideoListButton,PlayListButton-AR-VideoListButton-50,Section-D1a5-VideoList-AR,50. ??????,AR.50.,AR.50.,AR.50.,AR.50.,AR.50.,AR.50.,AR.50.,AR.50.,AR.50.,AR.50.
Section-D1a5-VideoList-AR,PlayListButton-AR-VideoListButton-51,51. David A. Stewart - Lily Was Here (Feat. Candy Dulfer),https://www.youtube.com/watch?v=ypbjIwbTR8c,https://img.youtube.com/vi/ypbjIwbTR8c/maxresdefault.jpg,ClickedVideoListButton,PlayListButton-AR-VideoListButton-51,Section-D1a5-VideoList-AR,51. ??????,AR.51.,AR.51.,AR.51.,AR.51.,AR.51.,AR.51.,AR.51.,AR.51.,AR.51.,AR.51.
Section-D1a5-VideoList-AR,PlayListButton-AR-VideoListButton-52,52. Stevie Ray Vaughan & Double Trouble - Riviera Paradise,https://www.youtube.com/watch?v=3c_8VUL5jks,https://img.youtube.com/vi/3c_8VUL5jks/maxresdefault.jpg,ClickedVideoListButton,PlayListButton-AR-VideoListButton-52,Section-D1a5-VideoList-AR,52. ??????,AR.52.,AR.52.,AR.52.,AR.52.,AR.52.,AR.52.,AR.52.,AR.52.,AR.52.,AR.52.
Section-D1a5-VideoList-AR,PlayListButton-AR-VideoListButton-53,53. Pat Metheny - Chris,https://www.youtube.com/watch?v=Lb59RAihr1Y,https://img.youtube.com/vi/Lb59RAihr1Y/maxresdefault.jpg,ClickedVideoListButton,PlayListButton-AR-VideoListButton-53,Section-D1a5-VideoList-AR,53. ??????,AR.53.,AR.53.,AR.53.,AR.53.,AR.53.,AR.53.,AR.53.,AR.53.,AR.53.,AR.53.
Section-D1a5-VideoList-AR,PlayListButton-AR-VideoListButton-54,54. Diana Krall - The Look Of Love,https://www.youtube.com/watch?v=SQuDaIbpA1g,https://img.youtube.com/vi/SQuDaIbpA1g/maxresdefault.jpg,ClickedVideoListButton,PlayListButton-AR-VideoListButton-54,Section-D1a5-VideoList-AR,54. ??????,AR.54.,AR.54.,AR.54.,AR.54.,AR.54.,AR.54.,AR.54.,AR.54.,AR.54.,AR.54.
Section-D1a5-VideoList-AS,PlayListButton-AS-VideoListButton-01,01. Brian Culbertson - Step Into Love (feat. Patches Stewart),https://www.youtube.com/watch?v=fcJIDPQ8o_U,https://img.youtube.com/vi/fcJIDPQ8o_U/maxresdefault.jpg,ClickedVideoListButton,PlayListButton-AS-VideoListButton-01,Section-D1a5-VideoList-AS,01. ??????,AS.01.,AS.01.,AS.01.,AS.01.,AS.01.,AS.01.,AS.01.,AS.01.,AS.01.,AS.01.
Section-D1a5-VideoList-AS,PlayListButton-AS-VideoListButton-02,02. Brian Culbertson - Time Flies (feat. Nicholas Cole),https://www.youtube.com/watch?v=JxDsSz9kBRQ,https://img.youtube.com/vi/JxDsSz9kBRQ/maxresdefault.jpg,ClickedVideoListButton,PlayListButton-AS-VideoListButton-02,Section-D1a5-VideoList-AS,02. ??????,AS.02.,AS.02.,AS.02.,AS.02.,AS.02.,AS.02.,AS.02.,AS.02.,AS.02.,AS.02.
Section-D1a5-VideoList-AS,PlayListButton-AS-VideoListButton-03,03. Brian Culbertson - Wear It Out,https://www.youtube.com/watch?v=hcsT_gBaxf0,https://img.youtube.com/vi/hcsT_gBaxf0/maxresdefault.jpg,ClickedVideoListButton,PlayListButton-AS-VideoListButton-03,Section-D1a5-VideoList-AS,03. ??????,AS.03.,AS.03.,AS.03.,AS.03.,AS.03.,AS.03.,AS.03.,AS.03.,AS.03.,AS.03.
Section-D1a5-VideoList-AS,PlayListButton-AS-VideoListButton-04,04. Brian Culbertson - On My Mind,https://www.youtube.com/watch?v=kR_q2Ob-cQ4,https://img.youtube.com/vi/kR_q2Ob-cQ4/maxresdefault.jpg,ClickedVideoListButton,PlayListButton-AS-VideoListButton-04,Section-D1a5-VideoList-AS,04. ??????,AS.04.,AS.04.,AS.04.,AS.04.,AS.04.,AS.04.,AS.04.,AS.04.,AS.04.,AS.04.
Section-D1a5-VideoList-AS,PlayListButton-AS-VideoListButton-05,05. Brian Culbertson - Sandcastles,https://www.youtube.com/watch?v=zZsmfBwCwHc,https://img.youtube.com/vi/zZsmfBwCwHc/maxresdefault.jpg,ClickedVideoListButton,PlayListButton-AS-VideoListButton-05,Section-D1a5-VideoList-AS,05. ??????,AS.05.,AS.05.,AS.05.,AS.05.,AS.05.,AS.05.,AS.05.,AS.05.,AS.05.,AS.05.
Section-D1a5-VideoList-AS,PlayListButton-AS-VideoListButton-06,06. Brian Culbertson - Come To Me,https://www.youtube.com/watch?v=KSG18qSjido,https://img.youtube.com/vi/KSG18qSjido/maxresdefault.jpg,ClickedVideoListButton,PlayListButton-AS-VideoListButton-06,Section-D1a5-VideoList-AS,06. ??????,AS.06.,AS.06.,AS.06.,AS.06.,AS.06.,AS.06.,AS.06.,AS.06.,AS.06.,AS.06.
Section-D1a5-VideoList-AS,PlayListButton-AS-VideoListButton-07,07. Brian Culbertson - Morning Walk,https://www.youtube.com/watch?v=Mh54tOnaPWE,https://img.youtube.com/vi/Mh54tOnaPWE/maxresdefault.jpg,ClickedVideoListButton,PlayListButton-AS-VideoListButton-07,Section-D1a5-VideoList-AS,07. ??????,AS.07.,AS.07.,AS.07.,AS.07.,AS.07.,AS.07.,AS.07.,AS.07.,AS.07.,AS.07.
Section-D1a5-VideoList-AS,PlayListButton-AS-VideoListButton-08,08. Brian Culbertson - Come On Over,https://www.youtube.com/watch?v=ELDo7P-68V0,https://img.youtube.com/vi/ELDo7P-68V0/maxresdefault.jpg,ClickedVideoListButton,PlayListButton-AS-VideoListButton-08,Section-D1a5-VideoList-AS,08. ??????,AS.08.,AS.08.,AS.08.,AS.08.,AS.08.,AS.08.,AS.08.,AS.08.,AS.08.,AS.08.
Section-D1a5-VideoList-AS,PlayListButton-AS-VideoListButton-09,09. Brian Culbertson - Somethin' Bout Love,https://www.youtube.com/watch?v=vleFqdGBqBo,https://img.youtube.com/vi/vleFqdGBqBo/maxresdefault.jpg,ClickedVideoListButton,PlayListButton-AS-VideoListButton-09,Section-D1a5-VideoList-AS,09. ??????,AS.09.,AS.09.,AS.09.,AS.09.,AS.09.,AS.09.,AS.09.,AS.09.,AS.09.,AS.09.
Section-D1a5-VideoList-AS,PlayListButton-AS-VideoListButton-10,10. Brian Culbertson - So Good,https://www.youtube.com/watch?v=-CTF0wB-Mlw,https://img.youtube.com/vi/-CTF0wB-Mlw/maxresdefault.jpg,ClickedVideoListButton,PlayListButton-AS-VideoListButton-10,Section-D1a5-VideoList-AS,10. ??????,AS.10.,AS.10.,AS.10.,AS.10.,AS.10.,AS.10.,AS.10.,AS.10.,AS.10.,AS.10.
Section-D1a5-VideoList-AS,PlayListButton-AS-VideoListButton-11,11. Brian Culbertson - Lilly Was Here,https://www.youtube.com/watch?v=QX04SV9WVtQ,https://img.youtube.com/vi/QX04SV9WVtQ/maxresdefault.jpg,ClickedVideoListButton,PlayListButton-AS-VideoListButton-11,Section-D1a5-VideoList-AS,11. ??????,AS.11.,AS.11.,AS.11.,AS.11.,AS.11.,AS.11.,AS.11.,AS.11.,AS.11.,AS.11.
Section-D1a5-VideoList-AS,PlayListButton-AS-VideoListButton-12,12. Brian Culbertson - Stars,https://www.youtube.com/watch?v=lxSaaEkRcRI,https://img.youtube.com/vi/lxSaaEkRcRI/maxresdefault.jpg,ClickedVideoListButton,PlayListButton-AS-VideoListButton-12,Section-D1a5-VideoList-AS,12. ??????,AS.12.,AS.12.,AS.12.,AS.12.,AS.12.,AS.12.,AS.12.,AS.12.,AS.12.,AS.12.
Section-D1a5-VideoList-AS,PlayListButton-AS-VideoListButton-13,13. Brian Culbertson - Full Effect (feat. Boney James),https://www.youtube.com/watch?v=btwQrP78QdQ,https://img.youtube.com/vi/btwQrP78QdQ/maxresdefault.jpg,ClickedVideoListButton,PlayListButton-AS-VideoListButton-13,Section-D1a5-VideoList-AS,13. ??????,AS.13.,AS.13.,AS.13.,AS.13.,AS.13.,AS.13.,AS.13.,AS.13.,AS.13.,AS.13.
Section-D1a5-VideoList-AS,PlayListButton-AS-VideoListButton-14,14. Brian Culbertson - Dance With Me Tonight,https://www.youtube.com/watch?v=u9DbGThNPLU,https://img.youtube.com/vi/u9DbGThNPLU/maxresdefault.jpg,ClickedVideoListButton,PlayListButton-AS-VideoListButton-14,Section-D1a5-VideoList-AS,14. ??????,AS.14.,AS.14.,AS.14.,AS.14.,AS.14.,AS.14.,AS.14.,AS.14.,AS.14.,AS.14.
Section-D1a5-VideoList-AS,PlayListButton-AS-VideoListButton-15,15. Brian Culbertson - Colors of Love,https://www.youtube.com/watch?v=_MM5hSddIcg,https://img.youtube.com/vi/_MM5hSddIcg/maxresdefault.jpg,ClickedVideoListButton,PlayListButton-AS-VideoListButton-15,Section-D1a5-VideoList-AS,15. ??????,AS.15.,AS.15.,AS.15.,AS.15.,AS.15.,AS.15.,AS.15.,AS.15.,AS.15.,AS.15.
Section-D1a5-VideoList-AS,PlayListButton-AS-VideoListButton-16,16. Brian Culbertson - Fullerton Ave. (feat. Chuck Loeb),https://www.youtube.com/watch?v=VneMrg7c45s,https://img.youtube.com/vi/VneMrg7c45s/maxresdefault.jpg,ClickedVideoListButton,PlayListButton-AS-VideoListButton-16,Section-D1a5-VideoList-AS,16. ??????,AS.16.,AS.16.,AS.16.,AS.16.,AS.16.,AS.16.,AS.16.,AS.16.,AS.16.,AS.16.
Section-D1a5-VideoList-AS,PlayListButton-AS-VideoListButton-17,17. Brian Culbertson - Morning Walk,https://www.youtube.com/watch?v=2q7tl0-k0QU,https://img.youtube.com/vi/2q7tl0-k0QU/maxresdefault.jpg,ClickedVideoListButton,PlayListButton-AS-VideoListButton-17,Section-D1a5-VideoList-AS,17. ??????,AS.17.,AS.17.,AS.17.,AS.17.,AS.17.,AS.17.,AS.17.,AS.17.,AS.17.,AS.17.
Section-D1a5-VideoList-AS,PlayListButton-AS-VideoListButton-18,18. Chris Standring - Sneakin' Out The Front Door,https://www.youtube.com/watch?v=yhjmS2VPZwI,https://img.youtube.com/vi/yhjmS2VPZwI/maxresdefault.jpg,ClickedVideoListButton,PlayListButton-AS-VideoListButton-18,Section-D1a5-VideoList-AS,18. ??????,AS.18.,AS.18.,AS.18.,AS.18.,AS.18.,AS.18.,AS.18.,AS.18.,AS.18.,AS.18.
Section-D1a5-VideoList-AS,PlayListButton-AS-VideoListButton-19,19. Chris Standring - Oliver's Twist,https://www.youtube.com/watch?v=6_h-nmlnBk8,https://img.youtube.com/vi/6_h-nmlnBk8/maxresdefault.jpg,ClickedVideoListButton,PlayListButton-AS-VideoListButton-19,Section-D1a5-VideoList-AS,19. ??????,AS.19.,AS.19.,AS.19.,AS.19.,AS.19.,AS.19.,AS.19.,AS.19.,AS.19.,AS.19.
Section-D1a5-VideoList-AS,PlayListButton-AS-VideoListButton-20,20. Chris Standring - Hollywood Hustle,https://www.youtube.com/watch?v=mJ05Fcs9UDE,https://img.youtube.com/vi/mJ05Fcs9UDE/maxresdefault.jpg,ClickedVideoListButton,PlayListButton-AS-VideoListButton-20,Section-D1a5-VideoList-AS,20. ??????,AS.20.,AS.20.,AS.20.,AS.20.,AS.20.,AS.20.,AS.20.,AS.20.,AS.20.,AS.20.
Section-D1a5-VideoList-AS,PlayListButton-AS-VideoListButton-21,21. Chris Standring - Liquid Soul Live,https://www.youtube.com/watch?v=OMplizlzOJc,https://img.youtube.com/vi/OMplizlzOJc/maxresdefault.jpg,ClickedVideoListButton,PlayListButton-AS-VideoListButton-21,Section-D1a5-VideoList-AS,21. ??????,AS.21.,AS.21.,AS.21.,AS.21.,AS.21.,AS.21.,AS.21.,AS.21.,AS.21.,AS.21.
Section-D1a5-VideoList-AS,PlayListButton-AS-VideoListButton-22,22. Chris Standring - Imagine That,https://www.youtube.com/watch?v=SdMzXM3ajRU,https://img.youtube.com/vi/SdMzXM3ajRU/maxresdefault.jpg,ClickedVideoListButton,PlayListButton-AS-VideoListButton-22,Section-D1a5-VideoList-AS,22. ??????,AS.22.,AS.22.,AS.22.,AS.22.,AS.22.,AS.22.,AS.22.,AS.22.,AS.22.,AS.22.
Section-D1a5-VideoList-AS,PlayListButton-AS-VideoListButton-23,23. Chris Standring - Change The World,https://www.youtube.com/watch?v=OHPzDwHXOD4,https://img.youtube.com/vi/OHPzDwHXOD4/maxresdefault.jpg,ClickedVideoListButton,PlayListButton-AS-VideoListButton-23,Section-D1a5-VideoList-AS,23. ??????,AS.23.,AS.23.,AS.23.,AS.23.,AS.23.,AS.23.,AS.23.,AS.23.,AS.23.,AS.23.
Section-D1a5-VideoList-AS,PlayListButton-AS-VideoListButton-24,24. Chris Standring - Ride (feat. Lauren Christy),https://www.youtube.com/watch?v=kpZ6JWZdA1s,https://img.youtube.com/vi/kpZ6JWZdA1s/maxresdefault.jpg,ClickedVideoListButton,PlayListButton-AS-VideoListButton-24,Section-D1a5-VideoList-AS,24. ??????,AS.24.,AS.24.,AS.24.,AS.24.,AS.24.,AS.24.,AS.24.,AS.24.,AS.24.,AS.24.
Section-D1a5-VideoList-AS,PlayListButton-AS-VideoListButton-25,25. Chris Standring - Face To Face,https://www.youtube.com/watch?v=6TJWsjhqHzc,https://img.youtube.com/vi/6TJWsjhqHzc/maxresdefault.jpg,ClickedVideoListButton,PlayListButton-AS-VideoListButton-25,Section-D1a5-VideoList-AS,25. ??????,AS.25.,AS.25.,AS.25.,AS.25.,AS.25.,AS.25.,AS.25.,AS.25.,AS.25.,AS.25.
Section-D1a5-VideoList-AS,PlayListButton-AS-VideoListButton-26,26. Paul Hardcastle - Ménage à trois,https://www.youtube.com/watch?v=QeYRyNkBGzc,https://img.youtube.com/vi/QeYRyNkBGzc/maxresdefault.jpg,ClickedVideoListButton,PlayListButton-AS-VideoListButton-26,Section-D1a5-VideoList-AS,26. ??????,AS.26.,AS.26.,AS.26.,AS.26.,AS.26.,AS.26.,AS.26.,AS.26.,AS.26.,AS.26.
Section-D1a5-VideoList-AS,PlayListButton-AS-VideoListButton-27,27. Paul Hardcastle - Inner Changes,https://www.youtube.com/watch?v=h95qi9EQTyE,https://img.youtube.com/vi/h95qi9EQTyE/maxresdefault.jpg,ClickedVideoListButton,PlayListButton-AS-VideoListButton-27,Section-D1a5-VideoList-AS,27. ??????,AS.27.,AS.27.,AS.27.,AS.27.,AS.27.,AS.27.,AS.27.,AS.27.,AS.27.,AS.27.
Section-D1a5-VideoList-AS,PlayListButton-AS-VideoListButton-28,28. Paul hardcastle - Shelbi,https://www.youtube.com/watch?v=mR-AE19BFcg,https://img.youtube.com/vi/mR-AE19BFcg/maxresdefault.jpg,ClickedVideoListButton,PlayListButton-AS-VideoListButton-28,Section-D1a5-VideoList-AS,28. ??????,AS.28.,AS.28.,AS.28.,AS.28.,AS.28.,AS.28.,AS.28.,AS.28.,AS.28.,AS.28.
Section-D1a5-VideoList-AS,PlayListButton-AS-VideoListButton-29,29. Paul Hardcastle - Puerto Banus,https://www.youtube.com/watch?v=I7_sWRB7PTc,https://img.youtube.com/vi/I7_sWRB7PTc/maxresdefault.jpg,ClickedVideoListButton,PlayListButton-AS-VideoListButton-29,Section-D1a5-VideoList-AS,29. ??????,AS.29.,AS.29.,AS.29.,AS.29.,AS.29.,AS.29.,AS.29.,AS.29.,AS.29.,AS.29.
Section-D1a5-VideoList-AS,PlayListButton-AS-VideoListButton-30,30. Kenny G - Ritmo y Romance,https://www.youtube.com/watch?v=dRtpGZlClTM,https://img.youtube.com/vi/dRtpGZlClTM/maxresdefault.jpg,ClickedVideoListButton,PlayListButton-AS-VideoListButton-30,Section-D1a5-VideoList-AS,30. ??????,AS.30.,AS.30.,AS.30.,AS.30.,AS.30.,AS.30.,AS.30.,AS.30.,AS.30.,AS.30.
Section-D1a5-VideoList-AS,PlayListButton-AS-VideoListButton-31,31. Kenny G - Besame Mucho,https://www.youtube.com/watch?v=lr6xifcpp_E,https://img.youtube.com/vi/lr6xifcpp_E/maxresdefault.jpg,ClickedVideoListButton,PlayListButton-AS-VideoListButton-31,Section-D1a5-VideoList-AS,31. ??????,AS.31.,AS.31.,AS.31.,AS.31.,AS.31.,AS.31.,AS.31.,AS.31.,AS.31.,AS.31.
Section-D1a5-VideoList-AS,PlayListButton-AS-VideoListButton-32,32. Kenny G - Peruvian Nights,https://www.youtube.com/watch?v=LbEiFhhcUZ0,https://img.youtube.com/vi/LbEiFhhcUZ0/maxresdefault.jpg,ClickedVideoListButton,PlayListButton-AS-VideoListButton-32,Section-D1a5-VideoList-AS,32. ??????,AS.32.,AS.32.,AS.32.,AS.32.,AS.32.,AS.32.,AS.32.,AS.32.,AS.32.,AS.32.
Section-D1a5-VideoList-AS,PlayListButton-AS-VideoListButton-33,33. Kenny G - Brasilia,https://www.youtube.com/watch?v=Bn-TBjDqDWM,https://img.youtube.com/vi/Bn-TBjDqDWM/maxresdefault.jpg,ClickedVideoListButton,PlayListButton-AS-VideoListButton-33,Section-D1a5-VideoList-AS,33. ??????,AS.33.,AS.33.,AS.33.,AS.33.,AS.33.,AS.33.,AS.33.,AS.33.,AS.33.,AS.33.
Section-D1a5-VideoList-AS,PlayListButton-AS-VideoListButton-34,34. Kenny G - Tango,https://www.youtube.com/watch?v=5gjcuQl7un4,https://img.youtube.com/vi/5gjcuQl7un4/maxresdefault.jpg,ClickedVideoListButton,PlayListButton-AS-VideoListButton-34,Section-D1a5-VideoList-AS,34. ??????,AS.34.,AS.34.,AS.34.,AS.34.,AS.34.,AS.34.,AS.34.,AS.34.,AS.34.,AS.34.
Section-D1a5-VideoList-AS,PlayListButton-AS-VideoListButton-35,35. Kenny G - Copa de Amor,https://www.youtube.com/watch?v=j3f3RZ67bjE,https://img.youtube.com/vi/j3f3RZ67bjE/maxresdefault.jpg,ClickedVideoListButton,PlayListButton-AS-VideoListButton-35,Section-D1a5-VideoList-AS,35. ??????,AS.35.,AS.35.,AS.35.,AS.35.,AS.35.,AS.35.,AS.35.,AS.35.,AS.35.,AS.35.
Section-D1a5-VideoList-AS,PlayListButton-AS-VideoListButton-36,36. Kenny G - Mirame Bailar,https://www.youtube.com/watch?v=4unaJyXOTYk,https://img.youtube.com/vi/4unaJyXOTYk/maxresdefault.jpg,ClickedVideoListButton,PlayListButton-AS-VideoListButton-36,Section-D1a5-VideoList-AS,36. ??????,AS.36.,AS.36.,AS.36.,AS.36.,AS.36.,AS.36.,AS.36.,AS.36.,AS.36.,AS.36.
Section-D1a5-VideoList-AS,PlayListButton-AS-VideoListButton-37,37. Kenny G - Es Hora de Decir,https://www.youtube.com/watch?v=svQ6Cw7dsNM,https://img.youtube.com/vi/svQ6Cw7dsNM/maxresdefault.jpg,ClickedVideoListButton,PlayListButton-AS-VideoListButton-37,Section-D1a5-VideoList-AS,37. ??????,AS.37.,AS.37.,AS.37.,AS.37.,AS.37.,AS.37.,AS.37.,AS.37.,AS.37.,AS.37.
Section-D1a5-VideoList-AS,PlayListButton-AS-VideoListButton-38,38. Kenny G - Salsa Kenny,https://www.youtube.com/watch?v=_LGPXva8Tu0,https://img.youtube.com/vi/_LGPXva8Tu0/maxresdefault.jpg,ClickedVideoListButton,PlayListButton-AS-VideoListButton-38,Section-D1a5-VideoList-AS,38. ??????,AS.38.,AS.38.,AS.38.,AS.38.,AS.38.,AS.38.,AS.38.,AS.38.,AS.38.,AS.38.
Section-D1a5-VideoList-AS,PlayListButton-AS-VideoListButton-39,39. Kenny G - Sabor A Mi,https://www.youtube.com/watch?v=YB-xCv_EktY,https://img.youtube.com/vi/YB-xCv_EktY/maxresdefault.jpg,ClickedVideoListButton,PlayListButton-AS-VideoListButton-39,Section-D1a5-VideoList-AS,39. ??????,AS.39.,AS.39.,AS.39.,AS.39.,AS.39.,AS.39.,AS.39.,AS.39.,AS.39.,AS.39.
Section-D1a5-VideoList-AT,PlayListButton-AT-VideoListButton-01,01. Dave Brubeck - Besame Mucho,https://www.youtube.com/watch?v=TvtaSiYAjaQ,https://img.youtube.com/vi/TvtaSiYAjaQ/maxresdefault.jpg,ClickedVideoListButton,PlayListButton-AT-VideoListButton-01,Section-D1a5-VideoList-AT,01. ??????,AT.01.,AT.01.,AT.01.,AT.01.,AT.01.,AT.01.,AT.01.,AT.01.,AT.01.,AT.01.
Section-D1a5-VideoList-AT,PlayListButton-AT-VideoListButton-02,02. Dave Brubeck - Besame Mucho,https://www.youtube.com/watch?v=P_a2f9HI2JI,https://img.youtube.com/vi/P_a2f9HI2JI/maxresdefault.jpg,ClickedVideoListButton,PlayListButton-AT-VideoListButton-02,Section-D1a5-VideoList-AT,02. ??????,AT.02.,AT.02.,AT.02.,AT.02.,AT.02.,AT.02.,AT.02.,AT.02.,AT.02.,AT.02.
Section-D1a5-VideoList-AT,PlayListButton-AT-VideoListButton-03,03. Dave Brubeck - Take Five,https://www.youtube.com/watch?v=tT9Eh8wNMkw,https://img.youtube.com/vi/tT9Eh8wNMkw/maxresdefault.jpg,ClickedVideoListButton,PlayListButton-AT-VideoListButton-03,Section-D1a5-VideoList-AT,03. ??????,AT.03.,AT.03.,AT.03.,AT.03.,AT.03.,AT.03.,AT.03.,AT.03.,AT.03.,AT.03.
Section-D1a5-VideoList-AT,PlayListButton-AT-VideoListButton-04,04. Dave Brubeck - Golden Brown,https://www.youtube.com/watch?v=ZXEh9e7VL7k,https://img.youtube.com/vi/ZXEh9e7VL7k/maxresdefault.jpg,ClickedVideoListButton,PlayListButton-AT-VideoListButton-04,Section-D1a5-VideoList-AT,04. ??????,AT.04.,AT.04.,AT.04.,AT.04.,AT.04.,AT.04.,AT.04.,AT.04.,AT.04.,AT.04.
Section-D1a5-VideoList-AT,PlayListButton-AT-VideoListButton-05,05. Dave Brubeck - Koto Song,https://www.youtube.com/watch?v=6vGX-B9Jo2U,https://img.youtube.com/vi/6vGX-B9Jo2U/maxresdefault.jpg,ClickedVideoListButton,PlayListButton-AT-VideoListButton-05,Section-D1a5-VideoList-AT,05. ??????,AT.05.,AT.05.,AT.05.,AT.05.,AT.05.,AT.05.,AT.05.,AT.05.,AT.05.,AT.05.
Section-D1a5-VideoList-AT,PlayListButton-AT-VideoListButton-06,06. Dave Brubeck - Stardust,https://www.youtube.com/watch?v=7ak2aOWiYUo,https://img.youtube.com/vi/7ak2aOWiYUo/maxresdefault.jpg,ClickedVideoListButton,PlayListButton-AT-VideoListButton-06,Section-D1a5-VideoList-AT,06. ??????,AT.06.,AT.06.,AT.06.,AT.06.,AT.06.,AT.06.,AT.06.,AT.06.,AT.06.,AT.06.
Section-D1a5-VideoList-AT,PlayListButton-AT-VideoListButton-07,07. Chet Baker - Autumn Leaves,https://www.youtube.com/watch?v=sgn7VfXH2GY,https://img.youtube.com/vi/sgn7VfXH2GY/maxresdefault.jpg,ClickedVideoListButton,PlayListButton-AT-VideoListButton-07,Section-D1a5-VideoList-AT,07. ??????,AT.07.,AT.07.,AT.07.,AT.07.,AT.07.,AT.07.,AT.07.,AT.07.,AT.07.,AT.07.
Section-D1a5-VideoList-AT,PlayListButton-AT-VideoListButton-08,08. Chet Baker - Almost Blue & Tenderly,https://www.youtube.com/watch?v=44BHm_gNZq8,https://img.youtube.com/vi/44BHm_gNZq8/maxresdefault.jpg,ClickedVideoListButton,PlayListButton-AT-VideoListButton-08,Section-D1a5-VideoList-AT,08. ??????,AT.08.,AT.08.,AT.08.,AT.08.,AT.08.,AT.08.,AT.08.,AT.08.,AT.08.,AT.08.
Section-D1a5-VideoList-AT,PlayListButton-AT-VideoListButton-09,09. Chet Baker - My Funny Valentine,https://www.youtube.com/watch?v=IzpfZaZfsZg,https://img.youtube.com/vi/IzpfZaZfsZg/maxresdefault.jpg,ClickedVideoListButton,PlayListButton-AT-VideoListButton-09,Section-D1a5-VideoList-AT,09. ??????,AT.09.,AT.09.,AT.09.,AT.09.,AT.09.,AT.09.,AT.09.,AT.09.,AT.09.,AT.09.
Section-D1a5-VideoList-AT,PlayListButton-AT-VideoListButton-10,10. Chet Baker - Time After Time,https://www.youtube.com/watch?v=Y8yGvmGtIn8,https://img.youtube.com/vi/Y8yGvmGtIn8/maxresdefault.jpg,ClickedVideoListButton,PlayListButton-AT-VideoListButton-10,Section-D1a5-VideoList-AT,10. ??????,AT.10.,AT.10.,AT.10.,AT.10.,AT.10.,AT.10.,AT.10.,AT.10.,AT.10.,AT.10.
Section-D1a5-VideoList-AT,PlayListButton-AT-VideoListButton-11,11. Chet Baker - I Fall in Love Too Easily,https://www.youtube.com/watch?v=EDT4t98cWNk,https://img.youtube.com/vi/EDT4t98cWNk/maxresdefault.jpg,ClickedVideoListButton,PlayListButton-AT-VideoListButton-11,Section-D1a5-VideoList-AT,11. ??????,AT.11.,AT.11.,AT.11.,AT.11.,AT.11.,AT.11.,AT.11.,AT.11.,AT.11.,AT.11.
Section-D1a5-VideoList-AT,PlayListButton-AT-VideoListButton-12,12. Chet Baker - I've Never Been In Love Before,https://www.youtube.com/watch?v=lyVDPo3pMsc,https://img.youtube.com/vi/lyVDPo3pMsc/maxresdefault.jpg,ClickedVideoListButton,PlayListButton-AT-VideoListButton-12,Section-D1a5-VideoList-AT,12. ??????,AT.12.,AT.12.,AT.12.,AT.12.,AT.12.,AT.12.,AT.12.,AT.12.,AT.12.,AT.12.
Section-D1a5-VideoList-AT,PlayListButton-AT-VideoListButton-13,13. Chet Baker - For All We Know,https://www.youtube.com/watch?v=8QH1Mfg3xOM,https://img.youtube.com/vi/8QH1Mfg3xOM/maxresdefault.jpg,ClickedVideoListButton,PlayListButton-AT-VideoListButton-13,Section-D1a5-VideoList-AT,13. ??????,AT.13.,AT.13.,AT.13.,AT.13.,AT.13.,AT.13.,AT.13.,AT.13.,AT.13.,AT.13.
Section-D1a5-VideoList-AT,PlayListButton-AT-VideoListButton-14,14. Chet Baker - Little Girl Blue,https://www.youtube.com/watch?v=rcdZh9owpwQ,https://img.youtube.com/vi/rcdZh9owpwQ/maxresdefault.jpg,ClickedVideoListButton,PlayListButton-AT-VideoListButton-14,Section-D1a5-VideoList-AT,14. ??????,AT.14.,AT.14.,AT.14.,AT.14.,AT.14.,AT.14.,AT.14.,AT.14.,AT.14.,AT.14.
Section-D1a5-VideoList-AT,PlayListButton-AT-VideoListButton-15,15. Chet Baker - Leaving,https://www.youtube.com/watch?v=DKVWp_Ekl44,https://img.youtube.com/vi/DKVWp_Ekl44/maxresdefault.jpg,ClickedVideoListButton,PlayListButton-AT-VideoListButton-15,Section-D1a5-VideoList-AT,15. ??????,AT.15.,AT.15.,AT.15.,AT.15.,AT.15.,AT.15.,AT.15.,AT.15.,AT.15.,AT.15.
Section-D1a5-VideoList-AT,PlayListButton-AT-VideoListButton-16,16. Chet Baker - Alone Together,https://www.youtube.com/watch?v=p0zIbYCu7Yc,https://img.youtube.com/vi/p0zIbYCu7Yc/maxresdefault.jpg,ClickedVideoListButton,PlayListButton-AT-VideoListButton-16,Section-D1a5-VideoList-AT,16. ??????,AT.16.,AT.16.,AT.16.,AT.16.,AT.16.,AT.16.,AT.16.,AT.16.,AT.16.,AT.16.
Section-D1a5-VideoList-AT,PlayListButton-AT-VideoListButton-17,17. Chet Baker - I am a Fool To Want You,https://www.youtube.com/watch?v=81BvLZYtHZM,https://img.youtube.com/vi/81BvLZYtHZM/maxresdefault.jpg,ClickedVideoListButton,PlayListButton-AT-VideoListButton-17,Section-D1a5-VideoList-AT,17. ??????,AT.17.,AT.17.,AT.17.,AT.17.,AT.17.,AT.17.,AT.17.,AT.17.,AT.17.,AT.17.
Section-D1a5-VideoList-AT,PlayListButton-AT-VideoListButton-18,18. Chet Baker - Almost blue,https://www.youtube.com/watch?v=z4PKzz81m5c,https://img.youtube.com/vi/z4PKzz81m5c/maxresdefault.jpg,ClickedVideoListButton,PlayListButton-AT-VideoListButton-18,Section-D1a5-VideoList-AT,18. ??????,AT.18.,AT.18.,AT.18.,AT.18.,AT.18.,AT.18.,AT.18.,AT.18.,AT.18.,AT.18.
Section-D1a5-VideoList-AT,PlayListButton-AT-VideoListButton-19,19. Chet Baker - Autumn Leaves,https://www.youtube.com/watch?v=zTVlrOk9a8M,https://img.youtube.com/vi/zTVlrOk9a8M/maxresdefault.jpg,ClickedVideoListButton,PlayListButton-AT-VideoListButton-19,Section-D1a5-VideoList-AT,19. ??????,AT.19.,AT.19.,AT.19.,AT.19.,AT.19.,AT.19.,AT.19.,AT.19.,AT.19.,AT.19.
Section-D1a5-VideoList-AT,PlayListButton-AT-VideoListButton-20,20. Dexter Gordon - Body and Soul,https://www.youtube.com/watch?v=Ucq0Xr5g8R4,https://img.youtube.com/vi/Ucq0Xr5g8R4/maxresdefault.jpg,ClickedVideoListButton,PlayListButton-AT-VideoListButton-20,Section-D1a5-VideoList-AT,20. ??????,AT.20.,AT.20.,AT.20.,AT.20.,AT.20.,AT.20.,AT.20.,AT.20.,AT.20.,AT.20.
Section-D1a5-VideoList-AT,PlayListButton-AT-VideoListButton-21,21. Dexter Gordon - Lady Bird,https://www.youtube.com/watch?v=r0vhqDCy9eQ,https://img.youtube.com/vi/r0vhqDCy9eQ/maxresdefault.jpg,ClickedVideoListButton,PlayListButton-AT-VideoListButton-21,Section-D1a5-VideoList-AT,21. ??????,AT.21.,AT.21.,AT.21.,AT.21.,AT.21.,AT.21.,AT.21.,AT.21.,AT.21.,AT.21.
Section-D1a5-VideoList-AT,PlayListButton-AT-VideoListButton-22,22. Dexter Gordon - Sophisticated Lady,https://www.youtube.com/watch?v=xrQE8rdgaPw,https://img.youtube.com/vi/xrQE8rdgaPw/maxresdefault.jpg,ClickedVideoListButton,PlayListButton-AT-VideoListButton-22,Section-D1a5-VideoList-AT,22. ??????,AT.22.,AT.22.,AT.22.,AT.22.,AT.22.,AT.22.,AT.22.,AT.22.,AT.22.,AT.22.
Section-D1a5-VideoList-AT,PlayListButton-AT-VideoListButton-23,23. Dexter Gordon - Body And Soul,https://www.youtube.com/watch?v=rD3jE9MoRqs,https://img.youtube.com/vi/rD3jE9MoRqs/maxresdefault.jpg,ClickedVideoListButton,PlayListButton-AT-VideoListButton-23,Section-D1a5-VideoList-AT,23. ??????,AT.23.,AT.23.,AT.23.,AT.23.,AT.23.,AT.23.,AT.23.,AT.23.,AT.23.,AT.23.
Section-D1a5-VideoList-AT,PlayListButton-AT-VideoListButton-24,24. Ben Webster - Solitude,https://www.youtube.com/watch?v=VihgeOi0Rn8,https://img.youtube.com/vi/VihgeOi0Rn8/maxresdefault.jpg,ClickedVideoListButton,PlayListButton-AT-VideoListButton-24,Section-D1a5-VideoList-AT,24. ??????,AT.24.,AT.24.,AT.24.,AT.24.,AT.24.,AT.24.,AT.24.,AT.24.,AT.24.,AT.24.
Section-D1a5-VideoList-AT,PlayListButton-AT-VideoListButton-25,25. Ben Webster - Autumn Leaves,https://www.youtube.com/watch?v=aG5svBDKHqs,https://img.youtube.com/vi/aG5svBDKHqs/maxresdefault.jpg,ClickedVideoListButton,PlayListButton-AT-VideoListButton-25,Section-D1a5-VideoList-AT,25. ??????,AT.25.,AT.25.,AT.25.,AT.25.,AT.25.,AT.25.,AT.25.,AT.25.,AT.25.,AT.25.
Section-D1a5-VideoList-AT,PlayListButton-AT-VideoListButton-26,26. Ben Webster - Stormy Weather,https://www.youtube.com/watch?v=Wiki5sWgFas,https://img.youtube.com/vi/Wiki5sWgFas/maxresdefault.jpg,ClickedVideoListButton,PlayListButton-AT-VideoListButton-26,Section-D1a5-VideoList-AT,26. ??????,AT.26.,AT.26.,AT.26.,AT.26.,AT.26.,AT.26.,AT.26.,AT.26.,AT.26.,AT.26.
Section-D1a5-VideoList-AT,PlayListButton-AT-VideoListButton-27,27. Ben Webster - Stardust,https://www.youtube.com/watch?v=Uuvv4IHGD9c,https://img.youtube.com/vi/Uuvv4IHGD9c/maxresdefault.jpg,ClickedVideoListButton,PlayListButton-AT-VideoListButton-27,Section-D1a5-VideoList-AT,27. ??????,AT.27.,AT.27.,AT.27.,AT.27.,AT.27.,AT.27.,AT.27.,AT.27.,AT.27.,AT.27.
Section-D1a5-VideoList-AT,PlayListButton-AT-VideoListButton-28,28. Charlie Parker - Summertime,https://www.youtube.com/watch?v=vDR4GBMyEqM,https://img.youtube.com/vi/vDR4GBMyEqM/maxresdefault.jpg,ClickedVideoListButton,PlayListButton-AT-VideoListButton-28,Section-D1a5-VideoList-AT,28. ??????,AT.28.,AT.28.,AT.28.,AT.28.,AT.28.,AT.28.,AT.28.,AT.28.,AT.28.,AT.28.
Section-D1a5-VideoList-AT,PlayListButton-AT-VideoListButton-29,29. Miles Davis - Smoke Gets In Your Eyes,https://www.youtube.com/watch?v=NBQkHTPV_C8,https://img.youtube.com/vi/NBQkHTPV_C8/maxresdefault.jpg,ClickedVideoListButton,PlayListButton-AT-VideoListButton-29,Section-D1a5-VideoList-AT,29. ??????,AT.29.,AT.29.,AT.29.,AT.29.,AT.29.,AT.29.,AT.29.,AT.29.,AT.29.,AT.29.
Section-D1a5-VideoList-AT,PlayListButton-AT-VideoListButton-30,30. Coleman Hawkins - Smoke Gets in Your Eyes,https://www.youtube.com/watch?v=q95v8Ed8V1M,https://img.youtube.com/vi/q95v8Ed8V1M/maxresdefault.jpg,ClickedVideoListButton,PlayListButton-AT-VideoListButton-30,Section-D1a5-VideoList-AT,30. ??????,AT.30.,AT.30.,AT.30.,AT.30.,AT.30.,AT.30.,AT.30.,AT.30.,AT.30.,AT.30.
Section-D1a5-VideoList-AT,PlayListButton-AT-VideoListButton-31,31. Thelonious Monk - Don't Blame Me,https://www.youtube.com/watch?v=KshrtLXBdl8,https://img.youtube.com/vi/KshrtLXBdl8/maxresdefault.jpg,ClickedVideoListButton,PlayListButton-AT-VideoListButton-31,Section-D1a5-VideoList-AT,31. ??????,AT.31.,AT.31.,AT.31.,AT.31.,AT.31.,AT.31.,AT.31.,AT.31.,AT.31.,AT.31.
Section-D1a5-VideoList-AT,PlayListButton-AT-VideoListButton-32,32. John Coltrane & Stan Getz - Autumn in New York,https://www.youtube.com/watch?v=pc6CWfBgIt8,https://img.youtube.com/vi/pc6CWfBgIt8/maxresdefault.jpg,ClickedVideoListButton,PlayListButton-AT-VideoListButton-32,Section-D1a5-VideoList-AT,32. ??????,AT.32.,AT.32.,AT.32.,AT.32.,AT.32.,AT.32.,AT.32.,AT.32.,AT.32.,AT.32.
Section-D1a5-VideoList-AT,PlayListButton-AT-VideoListButton-33,33. Charles Mingus - Goodbye Pork Pie Hat,https://www.youtube.com/watch?v=sxz9eZ1Aons,https://img.youtube.com/vi/sxz9eZ1Aons/maxresdefault.jpg,ClickedVideoListButton,PlayListButton-AT-VideoListButton-33,Section-D1a5-VideoList-AT,33. ??????,AT.33.,AT.33.,AT.33.,AT.33.,AT.33.,AT.33.,AT.33.,AT.33.,AT.33.,AT.33.
Section-D1a5-VideoList-AT,PlayListButton-AT-VideoListButton-34,34. Peggy Lee & Benny Goodman Orchestra - Why Don't You Do Right,https://www.youtube.com/watch?v=4zRwze8_SGk,https://img.youtube.com/vi/4zRwze8_SGk/maxresdefault.jpg,ClickedVideoListButton,PlayListButton-AT-VideoListButton-34,Section-D1a5-VideoList-AT,34. ??????,AT.34.,AT.34.,AT.34.,AT.34.,AT.34.,AT.34.,AT.34.,AT.34.,AT.34.,AT.34.
Section-D1a5-VideoList-AT,PlayListButton-AT-VideoListButton-35,35. Snarky Puppy - Amour T'es Là (feat. Magda Giannikou),https://www.youtube.com/watch?v=JFkRtjrrM5k,https://img.youtube.com/vi/JFkRtjrrM5k/maxresdefault.jpg,ClickedVideoListButton,PlayListButton-AT-VideoListButton-35,Section-D1a5-VideoList-AT,35. ??????,AT.35.,AT.35.,AT.35.,AT.35.,AT.35.,AT.35.,AT.35.,AT.35.,AT.35.,AT.35.
Section-D1a5-VideoList-AT,PlayListButton-AT-VideoListButton-36,36. Diana Krall - The Look Of Love,https://www.youtube.com/watch?v=Yr8xDSPjII8,https://img.youtube.com/vi/Yr8xDSPjII8/maxresdefault.jpg,ClickedVideoListButton,PlayListButton-AT-VideoListButton-36,Section-D1a5-VideoList-AT,36. ??????,AT.36.,AT.36.,AT.36.,AT.36.,AT.36.,AT.36.,AT.36.,AT.36.,AT.36.,AT.36.
Section-D1a5-VideoList-AT,PlayListButton-AT-VideoListButton-37,37. Nina Simone - Love Me Or Leave Me,https://www.youtube.com/watch?v=5cnZjClf6zM,https://img.youtube.com/vi/5cnZjClf6zM/maxresdefault.jpg,ClickedVideoListButton,PlayListButton-AT-VideoListButton-37,Section-D1a5-VideoList-AT,37. ??????,AT.37.,AT.37.,AT.37.,AT.37.,AT.37.,AT.37.,AT.37.,AT.37.,AT.37.,AT.37.
Section-D1a5-VideoList-AT,PlayListButton-AT-VideoListButton-38,38. Nina Simone - I Put A Spell On You,https://www.youtube.com/watch?v=WCjzNfJLHa0,https://img.youtube.com/vi/WCjzNfJLHa0/maxresdefault.jpg,ClickedVideoListButton,PlayListButton-AT-VideoListButton-38,Section-D1a5-VideoList-AT,38. ??????,AT.38.,AT.38.,AT.38.,AT.38.,AT.38.,AT.38.,AT.38.,AT.38.,AT.38.,AT.38.
Section-D1a5-VideoList-AT,PlayListButton-AT-VideoListButton-39,39. Nina Simone - Don't Let Me Be Misunderstood,https://www.youtube.com/watch?v=JS8LWRCS6do,https://img.youtube.com/vi/JS8LWRCS6do/maxresdefault.jpg,ClickedVideoListButton,PlayListButton-AT-VideoListButton-39,Section-D1a5-VideoList-AT,39. ??????,AT.39.,AT.39.,AT.39.,AT.39.,AT.39.,AT.39.,AT.39.,AT.39.,AT.39.,AT.39.
Section-D1a5-VideoList-AU,PlayListButton-AU-VideoListButton-01,01. Perry Mason - Terence Blanchard - Theme & Cues,https://www.youtube.com/watch?v=mWMXh4U7Sbo,https://img.youtube.com/vi/mWMXh4U7Sbo/maxresdefault.jpg,ClickedVideoListButton,PlayListButton-AU-VideoListButton-01,Section-D1a5-VideoList-AU,01. ??????,AU.01.,AU.01.,AU.01.,AU.01.,AU.01.,AU.01.,AU.01.,AU.01.,AU.01.,AU.01.
Section-D1a5-VideoList-AU,PlayListButton-AU-VideoListButton-02,02. Perry Mason - Terence Blanchard - Theme & Cues,https://www.youtube.com/watch?v=gf3f55Jhaag,https://img.youtube.com/vi/gf3f55Jhaag/maxresdefault.jpg,ClickedVideoListButton,PlayListButton-AU-VideoListButton-02,Section-D1a5-VideoList-AU,02. ??????,AU.02.,AU.02.,AU.02.,AU.02.,AU.02.,AU.02.,AU.02.,AU.02.,AU.02.,AU.02.
Section-D1a5-VideoList-AU,PlayListButton-AU-VideoListButton-03,03. Perry Mason - Terence Blanchard - Camilla Berates Phipps,https://www.youtube.com/watch?v=aIuzBvhIQPY,https://img.youtube.com/vi/aIuzBvhIQPY/maxresdefault.jpg,ClickedVideoListButton,PlayListButton-AU-VideoListButton-03,Section-D1a5-VideoList-AU,03. ??????,AU.03.,AU.03.,AU.03.,AU.03.,AU.03.,AU.03.,AU.03.,AU.03.,AU.03.,AU.03.
Section-D1a5-VideoList-AU,PlayListButton-AU-VideoListButton-04,04. Perry Mason - Terence Blanchard - End Credits,https://www.youtube.com/watch?v=rsAz8C0pNqM,https://img.youtube.com/vi/rsAz8C0pNqM/maxresdefault.jpg,ClickedVideoListButton,PlayListButton-AU-VideoListButton-04,Section-D1a5-VideoList-AU,04. ??????,AU.04.,AU.04.,AU.04.,AU.04.,AU.04.,AU.04.,AU.04.,AU.04.,AU.04.,AU.04.
Section-D1a5-VideoList-AU,PlayListButton-AU-VideoListButton-05,05. Perry Mason - Terence Blanchard - End Credits,https://www.youtube.com/watch?v=DcsE0UAgAJs,https://img.youtube.com/vi/DcsE0UAgAJs/maxresdefault.jpg,ClickedVideoListButton,PlayListButton-AU-VideoListButton-05,Section-D1a5-VideoList-AU,05. ??????,AU.05.,AU.05.,AU.05.,AU.05.,AU.05.,AU.05.,AU.05.,AU.05.,AU.05.,AU.05.
Section-D1a5-VideoList-AU,PlayListButton-AU-VideoListButton-06,06. Perry Mason - Terence Blanchard - End Credits,https://www.youtube.com/watch?v=7rQVVBLAVro,https://img.youtube.com/vi/7rQVVBLAVro/maxresdefault.jpg,ClickedVideoListButton,PlayListButton-AU-VideoListButton-06,Section-D1a5-VideoList-AU,06. ??????,AU.06.,AU.06.,AU.06.,AU.06.,AU.06.,AU.06.,AU.06.,AU.06.,AU.06.,AU.06.
Section-D1a5-VideoList-AU,PlayListButton-AU-VideoListButton-07,07. Perry Mason - Terence Blanchard - Trailer,https://www.youtube.com/watch?v=vnzgpLaatr0,https://img.youtube.com/vi/vnzgpLaatr0/maxresdefault.jpg,ClickedVideoListButton,PlayListButton-AU-VideoListButton-07,Section-D1a5-VideoList-AU,07. ??????,AU.07.,AU.07.,AU.07.,AU.07.,AU.07.,AU.07.,AU.07.,AU.07.,AU.07.,AU.07.
Section-D1a5-VideoList-AU,PlayListButton-AU-VideoListButton-08,08. Queen's Gambit - Carlos Rafael Rivera - Main Title (Budapest Sym Orc),https://www.youtube.com/watch?v=qyMYpVwT3C4,https://img.youtube.com/vi/qyMYpVwT3C4/maxresdefault.jpg,ClickedVideoListButton,PlayListButton-AU-VideoListButton-08,Section-D1a5-VideoList-AU,08. ??????,AU.08.,AU.08.,AU.08.,AU.08.,AU.08.,AU.08.,AU.08.,AU.08.,AU.08.,AU.08.
Section-D1a5-VideoList-AU,PlayListButton-AU-VideoListButton-09,09. Queen's Gambit - Carlos Rafael Rivera - Ceiling Games,https://www.youtube.com/watch?v=8AdPzR_XTuo,https://img.youtube.com/vi/8AdPzR_XTuo/maxresdefault.jpg,ClickedVideoListButton,PlayListButton-AU-VideoListButton-09,Section-D1a5-VideoList-AU,09. ??????,AU.09.,AU.09.,AU.09.,AU.09.,AU.09.,AU.09.,AU.09.,AU.09.,AU.09.,AU.09.
Section-D1a5-VideoList-AU,PlayListButton-AU-VideoListButton-10,10. Queen's Gambit - Carlos Rafael Rivera - Ceiling Games (Budapest Sym Orc),https://www.youtube.com/watch?v=5pYxpEhc1M8,https://img.youtube.com/vi/5pYxpEhc1M8/maxresdefault.jpg,ClickedVideoListButton,PlayListButton-AU-VideoListButton-10,Section-D1a5-VideoList-AU,10. ??????,AU.10.,AU.10.,AU.10.,AU.10.,AU.10.,AU.10.,AU.10.,AU.10.,AU.10.,AU.10.
Section-D1a5-VideoList-AU,PlayListButton-AU-VideoListButton-11,11. Queen's Gambit - Carlos Rafael Rivera - The Final Game,https://www.youtube.com/watch?v=zpZySYELHjI,https://img.youtube.com/vi/zpZySYELHjI/maxresdefault.jpg,ClickedVideoListButton,PlayListButton-AU-VideoListButton-11,Section-D1a5-VideoList-AU,11. ??????,AU.11.,AU.11.,AU.11.,AU.11.,AU.11.,AU.11.,AU.11.,AU.11.,AU.11.,AU.11.
Section-D1a5-VideoList-AU,PlayListButton-AU-VideoListButton-12,12. Queen's Gambit - Carlos Rafael Rivera - The Final Game,https://www.youtube.com/watch?v=dtD3FVJ37Rk,https://img.youtube.com/vi/dtD3FVJ37Rk/maxresdefault.jpg,ClickedVideoListButton,PlayListButton-AU-VideoListButton-12,Section-D1a5-VideoList-AU,12. ??????,AU.12.,AU.12.,AU.12.,AU.12.,AU.12.,AU.12.,AU.12.,AU.12.,AU.12.,AU.12.
Section-D1a5-VideoList-AU,PlayListButton-AU-VideoListButton-13,13. Marco Polo - Daniele Luppi - Main Title,https://www.youtube.com/watch?v=FC1VnHslPTY,https://img.youtube.com/vi/FC1VnHslPTY/maxresdefault.jpg,ClickedVideoListButton,PlayListButton-AU-VideoListButton-13,Section-D1a5-VideoList-AU,13. ??????,AU.13.,AU.13.,AU.13.,AU.13.,AU.13.,AU.13.,AU.13.,AU.13.,AU.13.,AU.13.
Section-D1a5-VideoList-AU,PlayListButton-AU-VideoListButton-14,14. Marco Polo - Altan Urag - People of Mongolia,https://www.youtube.com/watch?v=pgAj-9IvJlg,https://img.youtube.com/vi/pgAj-9IvJlg/maxresdefault.jpg,ClickedVideoListButton,PlayListButton-AU-VideoListButton-14,Section-D1a5-VideoList-AU,14. ??????,AU.14.,AU.14.,AU.14.,AU.14.,AU.14.,AU.14.,AU.14.,AU.14.,AU.14.,AU.14.
Section-D1a5-VideoList-AU,PlayListButton-AU-VideoListButton-15,15. Marco Polo - Daniele Luppi - Trailer,https://www.youtube.com/watch?v=AjL3ZfeoLCk,https://img.youtube.com/vi/AjL3ZfeoLCk/maxresdefault.jpg,ClickedVideoListButton,PlayListButton-AU-VideoListButton-15,Section-D1a5-VideoList-AU,15. ??????,AU.15.,AU.15.,AU.15.,AU.15.,AU.15.,AU.15.,AU.15.,AU.15.,AU.15.,AU.15.
Section-D1a5-VideoList-AU,PlayListButton-AU-VideoListButton-16,16. Hero - Itzhak Perlman & Tan Dun - For the World,https://www.youtube.com/watch?v=Sv4d-U2EGYA,https://img.youtube.com/vi/Sv4d-U2EGYA/maxresdefault.jpg,ClickedVideoListButton,PlayListButton-AU-VideoListButton-16,Section-D1a5-VideoList-AU,16. ??????,AU.16.,AU.16.,AU.16.,AU.16.,AU.16.,AU.16.,AU.16.,AU.16.,AU.16.,AU.16.
Section-D1a5-VideoList-AU,PlayListButton-AU-VideoListButton-17,17. Hero - Itzhak Perlman & Tan Dun - For the World,https://www.youtube.com/watch?v=h7fXWeN_3Ro,https://img.youtube.com/vi/h7fXWeN_3Ro/maxresdefault.jpg,ClickedVideoListButton,PlayListButton-AU-VideoListButton-17,Section-D1a5-VideoList-AU,17. ??????,AU.17.,AU.17.,AU.17.,AU.17.,AU.17.,AU.17.,AU.17.,AU.17.,AU.17.,AU.17.
Section-D1a5-VideoList-AU,PlayListButton-AU-VideoListButton-18,18. 1883 - Brian Tyler - 1883 Opus,https://www.youtube.com/watch?v=p4twTJf7Mpc,https://img.youtube.com/vi/p4twTJf7Mpc/maxresdefault.jpg,ClickedVideoListButton,PlayListButton-AU-VideoListButton-18,Section-D1a5-VideoList-AU,18. ??????,AU.18.,AU.18.,AU.18.,AU.18.,AU.18.,AU.18.,AU.18.,AU.18.,AU.18.,AU.18.
Section-D1a5-VideoList-AU,PlayListButton-AU-VideoListButton-19,19. 1883 - Brian Tyler - 1883 Opus,https://www.youtube.com/watch?v=QesWkD7Jz8s,https://img.youtube.com/vi/QesWkD7Jz8s/maxresdefault.jpg,ClickedVideoListButton,PlayListButton-AU-VideoListButton-19,Section-D1a5-VideoList-AU,19. ??????,AU.19.,AU.19.,AU.19.,AU.19.,AU.19.,AU.19.,AU.19.,AU.19.,AU.19.,AU.19.
Section-D1a5-VideoList-AU,PlayListButton-AU-VideoListButton-20,20. Yellowstone - Brian Tyler - Theme Song,https://www.youtube.com/watch?v=ZZn8fGPbBE0,https://img.youtube.com/vi/ZZn8fGPbBE0/maxresdefault.jpg,ClickedVideoListButton,PlayListButton-AU-VideoListButton-20,Section-D1a5-VideoList-AU,20. ??????,AU.20.,AU.20.,AU.20.,AU.20.,AU.20.,AU.20.,AU.20.,AU.20.,AU.20.,AU.20.
Section-D1a5-VideoList-AU,PlayListButton-AU-VideoListButton-21,21. Yellowstone - Brian Tyler - Theme Song (Symphony Orchestra),https://www.youtube.com/watch?v=nIxPn7xWA_k,https://img.youtube.com/vi/nIxPn7xWA_k/maxresdefault.jpg,ClickedVideoListButton,PlayListButton-AU-VideoListButton-21,Section-D1a5-VideoList-AU,21. ??????,AU.21.,AU.21.,AU.21.,AU.21.,AU.21.,AU.21.,AU.21.,AU.21.,AU.21.,AU.21.
Section-D1a5-VideoList-AU,PlayListButton-AU-VideoListButton-22,22. Landman - Andrew Lockington - Main Theme,https://www.youtube.com/watch?v=gb7m4VlXocY,https://img.youtube.com/vi/gb7m4VlXocY/maxresdefault.jpg,ClickedVideoListButton,PlayListButton-AU-VideoListButton-22,Section-D1a5-VideoList-AU,22. ??????,AU.22.,AU.22.,AU.22.,AU.22.,AU.22.,AU.22.,AU.22.,AU.22.,AU.22.,AU.22.
Section-D1a5-VideoList-AU,PlayListButton-AU-VideoListButton-23,23. Landman - Andrew Lockington - Fields Of Sorrow,https://www.youtube.com/watch?v=tFq9xlPUahc,https://img.youtube.com/vi/tFq9xlPUahc/maxresdefault.jpg,ClickedVideoListButton,PlayListButton-AU-VideoListButton-23,Section-D1a5-VideoList-AU,23. ??????,AU.23.,AU.23.,AU.23.,AU.23.,AU.23.,AU.23.,AU.23.,AU.23.,AU.23.,AU.23.
Section-D1a5-VideoList-AU,PlayListButton-AU-VideoListButton-24,24. Revenant - Ryuichi Sakamoto - Main Theme,https://www.youtube.com/watch?v=9F6zJxRm494,https://img.youtube.com/vi/9F6zJxRm494/maxresdefault.jpg,ClickedVideoListButton,PlayListButton-AU-VideoListButton-24,Section-D1a5-VideoList-AU,24. ??????,AU.24.,AU.24.,AU.24.,AU.24.,AU.24.,AU.24.,AU.24.,AU.24.,AU.24.,AU.24.
Section-D1a5-VideoList-AU,PlayListButton-AU-VideoListButton-25,25. Revenant - Ryuichi Sakamoto - Trailer,https://www.youtube.com/watch?v=QRfj1VCg16Y,https://img.youtube.com/vi/QRfj1VCg16Y/maxresdefault.jpg,ClickedVideoListButton,PlayListButton-AU-VideoListButton-25,Section-D1a5-VideoList-AU,25. ??????,AU.25.,AU.25.,AU.25.,AU.25.,AU.25.,AU.25.,AU.25.,AU.25.,AU.25.,AU.25.
Section-D1a5-VideoList-AU,PlayListButton-AU-VideoListButton-26,26. Vikings - Wardruna - Helvegen,https://www.youtube.com/watch?v=_UY3EKzvjeE,https://img.youtube.com/vi/_UY3EKzvjeE/maxresdefault.jpg,ClickedVideoListButton,PlayListButton-AU-VideoListButton-26,Section-D1a5-VideoList-AU,26. ??????,AU.26.,AU.26.,AU.26.,AU.26.,AU.26.,AU.26.,AU.26.,AU.26.,AU.26.,AU.26.
Section-D1a5-VideoList-AU,PlayListButton-AU-VideoListButton-27,27. Vikings - Wardruna - Helvegen,https://www.youtube.com/watch?v=NxipFL1wQcY,https://img.youtube.com/vi/NxipFL1wQcY/maxresdefault.jpg,ClickedVideoListButton,PlayListButton-AU-VideoListButton-27,Section-D1a5-VideoList-AU,27. ??????,AU.27.,AU.27.,AU.27.,AU.27.,AU.27.,AU.27.,AU.27.,AU.27.,AU.27.,AU.27.
Section-D1a5-VideoList-AU,PlayListButton-AU-VideoListButton-28,"28. Shogun - Atticus Ross, Leopold Ross, Nick Chuba - Three Hearts",https://www.youtube.com/watch?v=AN2SZ4H4Qzk,https://img.youtube.com/vi/AN2SZ4H4Qzk/maxresdefault.jpg,ClickedVideoListButton,PlayListButton-AU-VideoListButton-28,Section-D1a5-VideoList-AU,28. ??????,AU.28.,AU.28.,AU.28.,AU.28.,AU.28.,AU.28.,AU.28.,AU.28.,AU.28.,AU.28.
Section-D1a5-VideoList-AU,PlayListButton-AU-VideoListButton-29,"29. Shogun - Atticus Ross, Leopold Ross, Nick Chuba - Title Sequence",https://www.youtube.com/watch?v=LX8BOLwDPfU,https://img.youtube.com/vi/LX8BOLwDPfU/maxresdefault.jpg,ClickedVideoListButton,PlayListButton-AU-VideoListButton-29,Section-D1a5-VideoList-AU,29. ??????,AU.29.,AU.29.,AU.29.,AU.29.,AU.29.,AU.29.,AU.29.,AU.29.,AU.29.,AU.29.
Section-D1a5-VideoList-AU,PlayListButton-AU-VideoListButton-30,30. Sicario - Jóhann Jóhannsson - The Beast,https://www.youtube.com/watch?v=2ItqUd5F4JI,https://img.youtube.com/vi/2ItqUd5F4JI/maxresdefault.jpg,ClickedVideoListButton,PlayListButton-AU-VideoListButton-30,Section-D1a5-VideoList-AU,30. ??????,AU.30.,AU.30.,AU.30.,AU.30.,AU.30.,AU.30.,AU.30.,AU.30.,AU.30.,AU.30.
Section-D1a5-VideoList-AU,PlayListButton-AU-VideoListButton-31,31. Sicario - Jóhann Jóhannsson - The Beast,https://www.youtube.com/watch?v=lUPb-TVFDnw,https://img.youtube.com/vi/lUPb-TVFDnw/maxresdefault.jpg,ClickedVideoListButton,PlayListButton-AU-VideoListButton-31,Section-D1a5-VideoList-AU,31. ??????,AU.31.,AU.31.,AU.31.,AU.31.,AU.31.,AU.31.,AU.31.,AU.31.,AU.31.,AU.31.
Section-D1a5-VideoList-AU,PlayListButton-AU-VideoListButton-32,32. Suits - Michael Kiwanuka - Love & Hate (S07E08),https://www.youtube.com/watch?v=sxcmyb_ZELA,https://img.youtube.com/vi/sxcmyb_ZELA/maxresdefault.jpg,ClickedVideoListButton,PlayListButton-AU-VideoListButton-32,Section-D1a5-VideoList-AU,32. ??????,AU.32.,AU.32.,AU.32.,AU.32.,AU.32.,AU.32.,AU.32.,AU.32.,AU.32.,AU.32.
Section-D1a5-VideoList-AU,PlayListButton-AU-VideoListButton-33,33. Suits - Imagine Dragons - Natural (S09E10),https://www.youtube.com/watch?v=Pfqd6hUqxrI,https://img.youtube.com/vi/Pfqd6hUqxrI/maxresdefault.jpg,ClickedVideoListButton,PlayListButton-AU-VideoListButton-33,Section-D1a5-VideoList-AU,33. ??????,AU.33.,AU.33.,AU.33.,AU.33.,AU.33.,AU.33.,AU.33.,AU.33.,AU.33.,AU.33.
Section-D1a5-VideoList-AU,PlayListButton-AU-VideoListButton-34,34. A Star Is Born - Lady Gaga & Bradley Cooper - Shallow,https://www.youtube.com/watch?v=bo_efYhYU2A,https://img.youtube.com/vi/bo_efYhYU2A/maxresdefault.jpg,ClickedVideoListButton,PlayListButton-AU-VideoListButton-34,Section-D1a5-VideoList-AU,34. ??????,AU.34.,AU.34.,AU.34.,AU.34.,AU.34.,AU.34.,AU.34.,AU.34.,AU.34.,AU.34.
Section-D1a5-VideoList-AU,PlayListButton-AU-VideoListButton-35,35. A Star Is Born - Lady Gaga - Always Remember Us This Way,https://www.youtube.com/watch?v=5vheNbQlsyU,https://img.youtube.com/vi/5vheNbQlsyU/maxresdefault.jpg,ClickedVideoListButton,PlayListButton-AU-VideoListButton-35,Section-D1a5-VideoList-AU,35. ??????,AU.35.,AU.35.,AU.35.,AU.35.,AU.35.,AU.35.,AU.35.,AU.35.,AU.35.,AU.35.
Section-D1a5-VideoList-AU,PlayListButton-AU-VideoListButton-36,36. Gladiator - Hans Zimmer & et al. - Now We Are Free,https://www.youtube.com/watch?v=mKrhu5GJVos,https://img.youtube.com/vi/mKrhu5GJVos/maxresdefault.jpg,ClickedVideoListButton,PlayListButton-AU-VideoListButton-36,Section-D1a5-VideoList-AU,36. ??????,AU.36.,AU.36.,AU.36.,AU.36.,AU.36.,AU.36.,AU.36.,AU.36.,AU.36.,AU.36.
Section-D1a5-VideoList-AU,PlayListButton-AU-VideoListButton-37,37. Gladiator - Hans Zimmer & et al. - Now We Are Free,https://www.youtube.com/watch?v=mQQKZ5cgybU,https://img.youtube.com/vi/mQQKZ5cgybU/maxresdefault.jpg,ClickedVideoListButton,PlayListButton-AU-VideoListButton-37,Section-D1a5-VideoList-AU,37. ??????,AU.37.,AU.37.,AU.37.,AU.37.,AU.37.,AU.37.,AU.37.,AU.37.,AU.37.,AU.37.
Section-D1a5-VideoList-AV,PlayListButton-AV-VideoListButton-01,01. Blade Runner - Vangelis - Love Theme,https://www.youtube.com/watch?v=h9ezypI-yc4,https://img.youtube.com/vi/h9ezypI-yc4/maxresdefault.jpg,ClickedVideoListButton,PlayListButton-AV-VideoListButton-01,Section-D1a5-VideoList-AV,01. ??????,AV.01.,AV.01.,AV.01.,AV.01.,AV.01.,AV.01.,AV.01.,AV.01.,AV.01.,AV.01.
Section-D1a5-VideoList-AV,PlayListButton-AV-VideoListButton-02,02. Blade Runner - Vangelis - Blade Runner Blues,https://www.youtube.com/watch?v=ptKGSp4YpUs,https://img.youtube.com/vi/ptKGSp4YpUs/maxresdefault.jpg,ClickedVideoListButton,PlayListButton-AV-VideoListButton-02,Section-D1a5-VideoList-AV,02. ??????,AV.02.,AV.02.,AV.02.,AV.02.,AV.02.,AV.02.,AV.02.,AV.02.,AV.02.,AV.02.
Section-D1a5-VideoList-AV,PlayListButton-AV-VideoListButton-03,03. Blade Runner - Vangelis - Tears in Rain,https://www.youtube.com/watch?v=cDs2hPtvpNI,https://img.youtube.com/vi/cDs2hPtvpNI/maxresdefault.jpg,ClickedVideoListButton,PlayListButton-AV-VideoListButton-03,Section-D1a5-VideoList-AV,03. ??????,AV.03.,AV.03.,AV.03.,AV.03.,AV.03.,AV.03.,AV.03.,AV.03.,AV.03.,AV.03.
Section-D1a5-VideoList-AV,PlayListButton-AV-VideoListButton-04,04. Blade Runner 2049 - Hans Zimmer & Benjamin Wallfisch - Tears in the Rain,https://www.youtube.com/watch?v=AbhlBEQeDik,https://img.youtube.com/vi/AbhlBEQeDik/maxresdefault.jpg,ClickedVideoListButton,PlayListButton-AV-VideoListButton-04,Section-D1a5-VideoList-AV,04. ??????,AV.04.,AV.04.,AV.04.,AV.04.,AV.04.,AV.04.,AV.04.,AV.04.,AV.04.,AV.04.
Section-D1a5-VideoList-AV,PlayListButton-AV-VideoListButton-05,"05. Blade Runner 2049 - Hans Zimmer & Benjamin Wallfisch - Blade Runner, etc.",https://www.youtube.com/watch?v=bRAqYrcoTJg,https://img.youtube.com/vi/bRAqYrcoTJg/maxresdefault.jpg,ClickedVideoListButton,PlayListButton-AV-VideoListButton-05,Section-D1a5-VideoList-AV,05. ??????,AV.05.,AV.05.,AV.05.,AV.05.,AV.05.,AV.05.,AV.05.,AV.05.,AV.05.,AV.05.
Section-D1a5-VideoList-AV,PlayListButton-AV-VideoListButton-06,06. Inception - Hans Zimmer & et al. - Time,https://www.youtube.com/watch?v=dI0cfKtpfGI,https://img.youtube.com/vi/dI0cfKtpfGI/maxresdefault.jpg,ClickedVideoListButton,PlayListButton-AV-VideoListButton-06,Section-D1a5-VideoList-AV,06. ??????,AV.06.,AV.06.,AV.06.,AV.06.,AV.06.,AV.06.,AV.06.,AV.06.,AV.06.,AV.06.
Section-D1a5-VideoList-AV,PlayListButton-AV-VideoListButton-07,07. Inception - Hans Zimmer & et al. - Time,https://www.youtube.com/watch?v=oHftZjJ40CQ,https://img.youtube.com/vi/oHftZjJ40CQ/maxresdefault.jpg,ClickedVideoListButton,PlayListButton-AV-VideoListButton-07,Section-D1a5-VideoList-AV,07. ??????,AV.07.,AV.07.,AV.07.,AV.07.,AV.07.,AV.07.,AV.07.,AV.07.,AV.07.,AV.07.
Section-D1a5-VideoList-AV,PlayListButton-AV-VideoListButton-08,08. Altered Carbon - Jeff Russo - Theme Song,https://www.youtube.com/watch?v=RRj2XPQnbho,https://img.youtube.com/vi/RRj2XPQnbho/maxresdefault.jpg,ClickedVideoListButton,PlayListButton-AV-VideoListButton-08,Section-D1a5-VideoList-AV,08. ??????,AV.08.,AV.08.,AV.08.,AV.08.,AV.08.,AV.08.,AV.08.,AV.08.,AV.08.,AV.08.
Section-D1a5-VideoList-AV,PlayListButton-AV-VideoListButton-09,09. Altered Carbon - Jeff Russo - Quell's Theme,https://www.youtube.com/watch?v=DC3rc0SFlLI,https://img.youtube.com/vi/DC3rc0SFlLI/maxresdefault.jpg,ClickedVideoListButton,PlayListButton-AV-VideoListButton-09,Section-D1a5-VideoList-AV,09. ??????,AV.09.,AV.09.,AV.09.,AV.09.,AV.09.,AV.09.,AV.09.,AV.09.,AV.09.,AV.09.
Section-D1a5-VideoList-AV,PlayListButton-AV-VideoListButton-10,10. Travelers - Adam Lastiwka - End Credits,https://www.youtube.com/watch?v=OuRfnXFtZR8,https://img.youtube.com/vi/OuRfnXFtZR8/maxresdefault.jpg,ClickedVideoListButton,PlayListButton-AV-VideoListButton-10,Section-D1a5-VideoList-AV,10. ??????,AV.10.,AV.10.,AV.10.,AV.10.,AV.10.,AV.10.,AV.10.,AV.10.,AV.10.,AV.10.
Section-D1a5-VideoList-AV,PlayListButton-AV-VideoListButton-11,11. Travelers - Adam Lastiwka - Trailer,https://www.youtube.com/watch?v=99LZwZmSoNo,https://img.youtube.com/vi/99LZwZmSoNo/maxresdefault.jpg,ClickedVideoListButton,PlayListButton-AV-VideoListButton-11,Section-D1a5-VideoList-AV,11. ??????,AV.11.,AV.11.,AV.11.,AV.11.,AV.11.,AV.11.,AV.11.,AV.11.,AV.11.,AV.11.
Section-D1a5-VideoList-AV,PlayListButton-AV-VideoListButton-12,12. Travelers - Adam Lastiwka - End Credits (Extended),https://www.youtube.com/watch?v=tx8bCLziDTA,https://img.youtube.com/vi/tx8bCLziDTA/maxresdefault.jpg,ClickedVideoListButton,PlayListButton-AV-VideoListButton-12,Section-D1a5-VideoList-AV,12. ??????,AV.12.,AV.12.,AV.12.,AV.12.,AV.12.,AV.12.,AV.12.,AV.12.,AV.12.,AV.12.
Section-D1a5-VideoList-AV,PlayListButton-AV-VideoListButton-13,"13. Westworld - Ramin Djawadi - Runaway, Heart-Shaped Box, The Day the ...",https://www.youtube.com/watch?v=EmKR8MQammg,https://img.youtube.com/vi/EmKR8MQammg/maxresdefault.jpg,ClickedVideoListButton,PlayListButton-AV-VideoListButton-13,Section-D1a5-VideoList-AV,13. ??????,AV.13.,AV.13.,AV.13.,AV.13.,AV.13.,AV.13.,AV.13.,AV.13.,AV.13.,AV.13.
Section-D1a5-VideoList-AV,PlayListButton-AV-VideoListButton-14,"14. Westworld - Ramin Djawadi - Paint It, Black",https://www.youtube.com/watch?v=RmZNY823cUw,https://img.youtube.com/vi/RmZNY823cUw/maxresdefault.jpg,ClickedVideoListButton,PlayListButton-AV-VideoListButton-14,Section-D1a5-VideoList-AV,14. ??????,AV.14.,AV.14.,AV.14.,AV.14.,AV.14.,AV.14.,AV.14.,AV.14.,AV.14.,AV.14.
Section-D1a5-VideoList-AV,PlayListButton-AV-VideoListButton-15,"15. Batman: The Dark Knight Trilogy - Hans Zimmer - Aggressive Expansion, ...",https://www.youtube.com/watch?v=mZw61AEKpGQ,https://img.youtube.com/vi/mZw61AEKpGQ/maxresdefault.jpg,ClickedVideoListButton,PlayListButton-AV-VideoListButton-15,Section-D1a5-VideoList-AV,15. ??????,AV.15.,AV.15.,AV.15.,AV.15.,AV.15.,AV.15.,AV.15.,AV.15.,AV.15.,AV.15.
Section-D1a5-VideoList-AV,PlayListButton-AV-VideoListButton-16,"16. Batman: The Dark Knight Trilogy - Hans Zimmer - Like a Dog Chasing Cars, ...",https://www.youtube.com/watch?v=5KIV8xEnCuQ,https://img.youtube.com/vi/5KIV8xEnCuQ/maxresdefault.jpg,ClickedVideoListButton,PlayListButton-AV-VideoListButton-16,Section-D1a5-VideoList-AV,16. ??????,AV.16.,AV.16.,AV.16.,AV.16.,AV.16.,AV.16.,AV.16.,AV.16.,AV.16.,AV.16.
Section-D1a5-VideoList-AV,PlayListButton-AV-VideoListButton-17,"17. Interstellar - Hans Zimmer - First Step, S.T.A.Y.",https://www.youtube.com/watch?v=8kooIgKESYE,https://img.youtube.com/vi/8kooIgKESYE/maxresdefault.jpg,ClickedVideoListButton,PlayListButton-AV-VideoListButton-17,Section-D1a5-VideoList-AV,17. ??????,AV.17.,AV.17.,AV.17.,AV.17.,AV.17.,AV.17.,AV.17.,AV.17.,AV.17.,AV.17.
Section-D1a5-VideoList-AV,PlayListButton-AV-VideoListButton-18,18. Interstellar - Hans Zimmer - Docking Scene,https://www.youtube.com/watch?v=v2H1s9gj5DA,https://img.youtube.com/vi/v2H1s9gj5DA/maxresdefault.jpg,ClickedVideoListButton,PlayListButton-AV-VideoListButton-18,Section-D1a5-VideoList-AV,18. ??????,AV.18.,AV.18.,AV.18.,AV.18.,AV.18.,AV.18.,AV.18.,AV.18.,AV.18.,AV.18.
Section-D1a5-VideoList-AV,PlayListButton-AV-VideoListButton-19,19. Interstellar - Hans Zimmer - First Step,https://www.youtube.com/watch?v=dLxja_YEUVw,https://img.youtube.com/vi/dLxja_YEUVw/maxresdefault.jpg,ClickedVideoListButton,PlayListButton-AV-VideoListButton-19,Section-D1a5-VideoList-AV,19. ??????,AV.19.,AV.19.,AV.19.,AV.19.,AV.19.,AV.19.,AV.19.,AV.19.,AV.19.,AV.19.
Section-D1a5-VideoList-AV,PlayListButton-AV-VideoListButton-20,20. Arrival - Max Richter & et al. - On the Nature of Daylight,https://www.youtube.com/watch?v=Z5FjAFlC7iI,https://img.youtube.com/vi/Z5FjAFlC7iI/maxresdefault.jpg,ClickedVideoListButton,PlayListButton-AV-VideoListButton-20,Section-D1a5-VideoList-AV,20. ??????,AV.20.,AV.20.,AV.20.,AV.20.,AV.20.,AV.20.,AV.20.,AV.20.,AV.20.,AV.20.
Section-D1a5-VideoList-AV,PlayListButton-AV-VideoListButton-21,21. Arrival - Max Richter & et al. - On the Nature of Daylight,https://www.youtube.com/watch?v=VmsNP7pJUV8,https://img.youtube.com/vi/VmsNP7pJUV8/maxresdefault.jpg,ClickedVideoListButton,PlayListButton-AV-VideoListButton-21,Section-D1a5-VideoList-AV,21. ??????,AV.21.,AV.21.,AV.21.,AV.21.,AV.21.,AV.21.,AV.21.,AV.21.,AV.21.,AV.21.
Section-D1a5-VideoList-AV,PlayListButton-AV-VideoListButton-22,22. Mad Max: Fury Road - Junkie XL - Brothers In Arms,https://www.youtube.com/watch?v=V07v9yTrAx0,https://img.youtube.com/vi/V07v9yTrAx0/maxresdefault.jpg,ClickedVideoListButton,PlayListButton-AV-VideoListButton-22,Section-D1a5-VideoList-AV,22. ??????,AV.22.,AV.22.,AV.22.,AV.22.,AV.22.,AV.22.,AV.22.,AV.22.,AV.22.,AV.22.
Section-D1a5-VideoList-AV,PlayListButton-AV-VideoListButton-23,23. Mad Max: Fury Road - Junkie XL - Blood Bag,https://www.youtube.com/watch?v=Ak1kICKOm0w,https://img.youtube.com/vi/Ak1kICKOm0w/maxresdefault.jpg,ClickedVideoListButton,PlayListButton-AV-VideoListButton-23,Section-D1a5-VideoList-AV,23. ??????,AV.23.,AV.23.,AV.23.,AV.23.,AV.23.,AV.23.,AV.23.,AV.23.,AV.23.,AV.23.
Section-D1a5-VideoList-AV,PlayListButton-AV-VideoListButton-24,24. Furiosa: A Mad Max Saga - Tom Holkenborg - You Are Awaited,https://www.youtube.com/watch?v=a8b4XnGIfmw,https://img.youtube.com/vi/a8b4XnGIfmw/maxresdefault.jpg,ClickedVideoListButton,PlayListButton-AV-VideoListButton-24,Section-D1a5-VideoList-AV,24. ??????,AV.24.,AV.24.,AV.24.,AV.24.,AV.24.,AV.24.,AV.24.,AV.24.,AV.24.,AV.24.
Section-D1a5-VideoList-AW,PlayListButton-AW-VideoListButton-01,01. Game of Thrones - Ramin Djawadi - A Song of Ice and Fire,https://www.youtube.com/watch?v=RDfKK2p464U,https://img.youtube.com/vi/RDfKK2p464U/maxresdefault.jpg,ClickedVideoListButton,PlayListButton-AW-VideoListButton-01,Section-D1a5-VideoList-AW,01. ??????,AW.01.,AW.01.,AW.01.,AW.01.,AW.01.,AW.01.,AW.01.,AW.01.,AW.01.,AW.01.
Section-D1a5-VideoList-AW,PlayListButton-AW-VideoListButton-02,"02. Game of Thrones - Ramin Djawadi - Battle of the Bastards, Two Steps ...",https://www.youtube.com/watch?v=oorC8yVE1BE,https://img.youtube.com/vi/oorC8yVE1BE/maxresdefault.jpg,ClickedVideoListButton,PlayListButton-AW-VideoListButton-02,Section-D1a5-VideoList-AW,02. ??????,AW.02.,AW.02.,AW.02.,AW.02.,AW.02.,AW.02.,AW.02.,AW.02.,AW.02.,AW.02.
Section-D1a5-VideoList-AW,PlayListButton-AW-VideoListButton-03,03. Game of Thrones - Ramin Djawadi - Finale Ending Song,https://www.youtube.com/watch?v=edTfwM27KyU,https://img.youtube.com/vi/edTfwM27KyU/maxresdefault.jpg,ClickedVideoListButton,PlayListButton-AW-VideoListButton-03,Section-D1a5-VideoList-AW,03. ??????,AW.03.,AW.03.,AW.03.,AW.03.,AW.03.,AW.03.,AW.03.,AW.03.,AW.03.,AW.03.
Section-D1a5-VideoList-AW,PlayListButton-AW-VideoListButton-04,04. Game of Thrones - Ramin Djawadi - Heart of Courage (Odyssey Project),https://www.youtube.com/watch?v=yxrwwH1NjV4,https://img.youtube.com/vi/yxrwwH1NjV4/maxresdefault.jpg,ClickedVideoListButton,PlayListButton-AW-VideoListButton-04,Section-D1a5-VideoList-AW,04. ??????,AW.04.,AW.04.,AW.04.,AW.04.,AW.04.,AW.04.,AW.04.,AW.04.,AW.04.,AW.04.
Section-D1a5-VideoList-AW,PlayListButton-AW-VideoListButton-05,05. Game of Thrones - Ramin Djawadi - Jon Snow: From Bastard to Legend,https://www.youtube.com/watch?v=5T_11umVLdU,https://img.youtube.com/vi/5T_11umVLdU/maxresdefault.jpg,ClickedVideoListButton,PlayListButton-AW-VideoListButton-05,Section-D1a5-VideoList-AW,05. ??????,AW.05.,AW.05.,AW.05.,AW.05.,AW.05.,AW.05.,AW.05.,AW.05.,AW.05.,AW.05.
Section-D1a5-VideoList-AW,PlayListButton-AW-VideoListButton-06,06. Game of Thrones - Ramin Djawadi - Light of the Seven,https://www.youtube.com/watch?v=VrJYq2exNAs,https://img.youtube.com/vi/VrJYq2exNAs/maxresdefault.jpg,ClickedVideoListButton,PlayListButton-AW-VideoListButton-06,Section-D1a5-VideoList-AW,06. ??????,AW.06.,AW.06.,AW.06.,AW.06.,AW.06.,AW.06.,AW.06.,AW.06.,AW.06.,AW.06.
Section-D1a5-VideoList-AW,PlayListButton-AW-VideoListButton-07,07. Game of Thrones - Ramin Djawadi - Light of the Seven,https://www.youtube.com/watch?v=JRmz4N6ao5o,https://img.youtube.com/vi/JRmz4N6ao5o/maxresdefault.jpg,ClickedVideoListButton,PlayListButton-AW-VideoListButton-07,Section-D1a5-VideoList-AW,07. ??????,AW.07.,AW.07.,AW.07.,AW.07.,AW.07.,AW.07.,AW.07.,AW.07.,AW.07.,AW.07.
Section-D1a5-VideoList-AW,PlayListButton-AW-VideoListButton-08,08. Game of Thrones - Ramin Djawadi - Light Of The Seven (C-Rouge remix),https://www.youtube.com/watch?v=vUeB1BgBB3U,https://img.youtube.com/vi/vUeB1BgBB3U/maxresdefault.jpg,ClickedVideoListButton,PlayListButton-AW-VideoListButton-08,Section-D1a5-VideoList-AW,08. ??????,AW.08.,AW.08.,AW.08.,AW.08.,AW.08.,AW.08.,AW.08.,AW.08.,AW.08.,AW.08.
Section-D1a5-VideoList-AW,PlayListButton-AW-VideoListButton-09,09. Game of Thrones - Ramin Djawadi - Light of the Seven (Live),https://www.youtube.com/watch?v=lNroNErjdo0,https://img.youtube.com/vi/lNroNErjdo0/maxresdefault.jpg,ClickedVideoListButton,PlayListButton-AW-VideoListButton-09,Section-D1a5-VideoList-AW,09. ??????,AW.09.,AW.09.,AW.09.,AW.09.,AW.09.,AW.09.,AW.09.,AW.09.,AW.09.,AW.09.
Section-D1a5-VideoList-AW,PlayListButton-AW-VideoListButton-10,10. Game of Thrones - Ramin Djawadi - Main Theme (Symphony Orchestra),https://www.youtube.com/watch?v=pm738skMIU0,https://img.youtube.com/vi/pm738skMIU0/maxresdefault.jpg,ClickedVideoListButton,PlayListButton-AW-VideoListButton-10,Section-D1a5-VideoList-AW,10. ??????,AW.10.,AW.10.,AW.10.,AW.10.,AW.10.,AW.10.,AW.10.,AW.10.,AW.10.,AW.10.
Section-D1a5-VideoList-AW,PlayListButton-AW-VideoListButton-11,11. Game of Thrones - Ramin Djawadi - Mhysa (Odyssey Project),https://www.youtube.com/watch?v=qntANSP32mQ,https://img.youtube.com/vi/qntANSP32mQ/maxresdefault.jpg,ClickedVideoListButton,PlayListButton-AW-VideoListButton-11,Section-D1a5-VideoList-AW,11. ??????,AW.11.,AW.11.,AW.11.,AW.11.,AW.11.,AW.11.,AW.11.,AW.11.,AW.11.,AW.11.
Section-D1a5-VideoList-AW,PlayListButton-AW-VideoListButton-12,"12. Game of Thrones - Ramin Djawadi - The Last of the Starks, The Winds of ...",https://www.youtube.com/watch?v=ofcSLZ0i4Zs,https://img.youtube.com/vi/ofcSLZ0i4Zs/maxresdefault.jpg,ClickedVideoListButton,PlayListButton-AW-VideoListButton-12,Section-D1a5-VideoList-AW,12. ??????,AW.12.,AW.12.,AW.12.,AW.12.,AW.12.,AW.12.,AW.12.,AW.12.,AW.12.,AW.12.
Section-D1a5-VideoList-AW,PlayListButton-AW-VideoListButton-13,13. Game of Thrones - Ramin Djawadi - The Night King,https://www.youtube.com/watch?v=5skX4-S-ooA,https://img.youtube.com/vi/5skX4-S-ooA/maxresdefault.jpg,ClickedVideoListButton,PlayListButton-AW-VideoListButton-13,Section-D1a5-VideoList-AW,13. ??????,AW.13.,AW.13.,AW.13.,AW.13.,AW.13.,AW.13.,AW.13.,AW.13.,AW.13.,AW.13.
Section-D1a5-VideoList-AW,PlayListButton-AW-VideoListButton-14,14. Game of Thrones - Ramin Djawadi - The Winds of Winter (Odyssey Project),https://www.youtube.com/watch?v=bLjP7IbKCXM,https://img.youtube.com/vi/bLjP7IbKCXM/maxresdefault.jpg,ClickedVideoListButton,PlayListButton-AW-VideoListButton-14,Section-D1a5-VideoList-AW,14. ??????,AW.14.,AW.14.,AW.14.,AW.14.,AW.14.,AW.14.,AW.14.,AW.14.,AW.14.,AW.14.
Section-D1a5-VideoList-AW,PlayListButton-AW-VideoListButton-15,"15. Game of Thrones - Ramin Djawadi - Two Steps From Hell, Protectors of the ...",https://www.youtube.com/watch?v=nTYLMt6nLUg,https://img.youtube.com/vi/nTYLMt6nLUg/maxresdefault.jpg,ClickedVideoListButton,PlayListButton-AW-VideoListButton-15,Section-D1a5-VideoList-AW,15. ??????,AW.15.,AW.15.,AW.15.,AW.15.,AW.15.,AW.15.,AW.15.,AW.15.,AW.15.,AW.15.
Section-D1a5-VideoList-AW,PlayListButton-AW-VideoListButton-16,16. Game of Thrones - Ramin Djawadi - Winds Of Winter,https://www.youtube.com/watch?v=nRKOitVmDhQ,https://img.youtube.com/vi/nRKOitVmDhQ/maxresdefault.jpg,ClickedVideoListButton,PlayListButton-AW-VideoListButton-16,Section-D1a5-VideoList-AW,16. ??????,AW.16.,AW.16.,AW.16.,AW.16.,AW.16.,AW.16.,AW.16.,AW.16.,AW.16.,AW.16.
Section-D1a5-VideoList-AW,PlayListButton-AW-VideoListButton-17,17. Game of Thrones - Ramin Djawadi - Winter Has Come (Live),https://www.youtube.com/watch?v=XWK3iosUOV4,https://img.youtube.com/vi/XWK3iosUOV4/maxresdefault.jpg,ClickedVideoListButton,PlayListButton-AW-VideoListButton-17,Section-D1a5-VideoList-AW,17. ??????,AW.17.,AW.17.,AW.17.,AW.17.,AW.17.,AW.17.,AW.17.,AW.17.,AW.17.,AW.17.
Section-D1a5-VideoList-AW,PlayListButton-AW-VideoListButton-18,18. Game of Thrones - Ramin Djawadi -The Night King,https://www.youtube.com/watch?v=5skX4-S-ooA,https://img.youtube.com/vi/5skX4-S-ooA/maxresdefault.jpg,ClickedVideoListButton,PlayListButton-AW-VideoListButton-18,Section-D1a5-VideoList-AW,18. ??????,AW.18.,AW.18.,AW.18.,AW.18.,AW.18.,AW.18.,AW.18.,AW.18.,AW.18.,AW.18.
Section-D1a5-VideoList-AX,PlayListButton-AX-VideoListButton-01,01. La Casa De Papel (Money Heist) - Bella Ciao,https://www.youtube.com/watch?v=JtPbk7WvHAQ,https://img.youtube.com/vi/JtPbk7WvHAQ/maxresdefault.jpg,ClickedVideoListButton,PlayListButton-AX-VideoListButton-01,Section-D1a5-VideoList-AX,01. ??????,AX.01.,AX.01.,AX.01.,AX.01.,AX.01.,AX.01.,AX.01.,AX.01.,AX.01.,AX.01.
Section-D1a5-VideoList-AX,PlayListButton-AX-VideoListButton-02,02. La Casa De Papel (Money Heist) - Bella Ciao,https://www.youtube.com/watch?v=uveyVkCkflY,https://img.youtube.com/vi/uveyVkCkflY/maxresdefault.jpg,ClickedVideoListButton,PlayListButton-AX-VideoListButton-02,Section-D1a5-VideoList-AX,02. ??????,AX.02.,AX.02.,AX.02.,AX.02.,AX.02.,AX.02.,AX.02.,AX.02.,AX.02.,AX.02.
Section-D1a5-VideoList-AX,PlayListButton-AX-VideoListButton-03,03. La Casa De Papel (Money Heist) - Bella Ciao,https://www.youtube.com/watch?v=p_eq98EINOI,https://img.youtube.com/vi/p_eq98EINOI/maxresdefault.jpg,ClickedVideoListButton,PlayListButton-AX-VideoListButton-03,Section-D1a5-VideoList-AX,03. ??????,AX.03.,AX.03.,AX.03.,AX.03.,AX.03.,AX.03.,AX.03.,AX.03.,AX.03.,AX.03.
Section-D1a5-VideoList-AX,PlayListButton-AX-VideoListButton-04,04. La Casa De Papel (Money Heist) - Bella Ciao,https://www.youtube.com/watch?v=jQASzEhxfNQ,https://img.youtube.com/vi/jQASzEhxfNQ/maxresdefault.jpg,ClickedVideoListButton,PlayListButton-AX-VideoListButton-04,Section-D1a5-VideoList-AX,04. ??????,AX.04.,AX.04.,AX.04.,AX.04.,AX.04.,AX.04.,AX.04.,AX.04.,AX.04.,AX.04.
Section-D1a5-VideoList-AX,PlayListButton-AX-VideoListButton-05,05. La Casa De Papel (Money Heist) - The Funeral,https://www.youtube.com/watch?v=wsMnNyfo3vc,https://img.youtube.com/vi/wsMnNyfo3vc/maxresdefault.jpg,ClickedVideoListButton,PlayListButton-AX-VideoListButton-05,Section-D1a5-VideoList-AX,05. ??????,AX.05.,AX.05.,AX.05.,AX.05.,AX.05.,AX.05.,AX.05.,AX.05.,AX.05.,AX.05.
Section-D1a5-VideoList-AX,PlayListButton-AX-VideoListButton-06,06. La Casa De Papel (Money Heist) - Ti Amo,https://www.youtube.com/watch?v=K3xtWk9VJ5s,https://img.youtube.com/vi/K3xtWk9VJ5s/maxresdefault.jpg,ClickedVideoListButton,PlayListButton-AX-VideoListButton-06,Section-D1a5-VideoList-AX,06. ??????,AX.06.,AX.06.,AX.06.,AX.06.,AX.06.,AX.06.,AX.06.,AX.06.,AX.06.,AX.06.
Section-D1a5-VideoList-AX,PlayListButton-AX-VideoListButton-07,07. La Casa De Papel (Money Heist) - Fix You,https://www.youtube.com/watch?v=2nsxSUQ_x8c,https://img.youtube.com/vi/2nsxSUQ_x8c/maxresdefault.jpg,ClickedVideoListButton,PlayListButton-AX-VideoListButton-07,Section-D1a5-VideoList-AX,07. ??????,AX.07.,AX.07.,AX.07.,AX.07.,AX.07.,AX.07.,AX.07.,AX.07.,AX.07.,AX.07.
Section-D1a5-VideoList-AX,PlayListButton-AX-VideoListButton-08,08. La Casa De Papel (Money Heist) - Becky G - Bella Ciao,https://www.youtube.com/watch?v=l5TMjYj-8MQ,https://img.youtube.com/vi/l5TMjYj-8MQ/maxresdefault.jpg,ClickedVideoListButton,PlayListButton-AX-VideoListButton-08,Section-D1a5-VideoList-AX,08. ??????,AX.08.,AX.08.,AX.08.,AX.08.,AX.08.,AX.08.,AX.08.,AX.08.,AX.08.,AX.08.
Section-D1a5-VideoList-AX,PlayListButton-AX-VideoListButton-09,09. La Casa De Papel (Money Heist) - Delia - Bella Ciao,https://www.youtube.com/watch?v=nJTOD5jjac4,https://img.youtube.com/vi/nJTOD5jjac4/maxresdefault.jpg,ClickedVideoListButton,PlayListButton-AX-VideoListButton-09,Section-D1a5-VideoList-AX,09. ??????,AX.09.,AX.09.,AX.09.,AX.09.,AX.09.,AX.09.,AX.09.,AX.09.,AX.09.,AX.09.
Section-D1a5-VideoList-AX,PlayListButton-AX-VideoListButton-10,10. La Casa De Papel (Money Heist) - Rumba Bass - Bella Ciao,https://www.youtube.com/watch?v=prnfmzQ8-yI,https://img.youtube.com/vi/prnfmzQ8-yI/maxresdefault.jpg,ClickedVideoListButton,PlayListButton-AX-VideoListButton-10,Section-D1a5-VideoList-AX,10. ??????,AX.10.,AX.10.,AX.10.,AX.10.,AX.10.,AX.10.,AX.10.,AX.10.,AX.10.,AX.10.
Section-D1a5-VideoList-AX,PlayListButton-AX-VideoListButton-11,11. La Casa De Papel (Money Heist) - JoeFancy - Bella Ciao,https://www.youtube.com/watch?v=CY1HZF72_fY,https://img.youtube.com/vi/CY1HZF72_fY/maxresdefault.jpg,ClickedVideoListButton,PlayListButton-AX-VideoListButton-11,Section-D1a5-VideoList-AX,11. ??????,AX.11.,AX.11.,AX.11.,AX.11.,AX.11.,AX.11.,AX.11.,AX.11.,AX.11.,AX.11.
Section-D1a5-VideoList-AX,PlayListButton-AX-VideoListButton-12,12. La Casa De Papel (Money Heist) - The End of The Heist,https://www.youtube.com/watch?v=vjnHMZFGRI0,https://img.youtube.com/vi/vjnHMZFGRI0/maxresdefault.jpg,ClickedVideoListButton,PlayListButton-AX-VideoListButton-12,Section-D1a5-VideoList-AX,12. ??????,AX.12.,AX.12.,AX.12.,AX.12.,AX.12.,AX.12.,AX.12.,AX.12.,AX.12.,AX.12.
Section-D1a5-VideoList-AX,PlayListButton-AX-VideoListButton-13,13. La Casa De Papel (Money Heist) - Tokyo's Death,https://www.youtube.com/watch?v=1RS3GO3YllY,https://img.youtube.com/vi/1RS3GO3YllY/maxresdefault.jpg,ClickedVideoListButton,PlayListButton-AX-VideoListButton-13,Section-D1a5-VideoList-AX,13. ??????,AX.13.,AX.13.,AX.13.,AX.13.,AX.13.,AX.13.,AX.13.,AX.13.,AX.13.,AX.13.
Section-D1a5-VideoList-AX,PlayListButton-AX-VideoListButton-14,14. La Casa De Papel (Money Heist) - The End of The Heist,https://www.youtube.com/watch?v=LHuDVf6FzI0,https://img.youtube.com/vi/LHuDVf6FzI0/maxresdefault.jpg,ClickedVideoListButton,PlayListButton-AX-VideoListButton-14,Section-D1a5-VideoList-AX,14. ??????,AX.14.,AX.14.,AX.14.,AX.14.,AX.14.,AX.14.,AX.14.,AX.14.,AX.14.,AX.14.
Section-D1a5-VideoList-AX,PlayListButton-AX-VideoListButton-15,15. Bella Ciao - Esteriore Brothers,https://www.youtube.com/watch?v=A1dkZrpZgjY,https://img.youtube.com/vi/A1dkZrpZgjY/maxresdefault.jpg,ClickedVideoListButton,PlayListButton-AX-VideoListButton-15,Section-D1a5-VideoList-AX,15. ??????,AX.15.,AX.15.,AX.15.,AX.15.,AX.15.,AX.15.,AX.15.,AX.15.,AX.15.,AX.15.
Section-D1a5-VideoList-AX,PlayListButton-AX-VideoListButton-16,"16. Bella Ciao - First Choir Band Of Gujarat (Ahmedabad, India)",https://www.youtube.com/watch?v=SXapeYbS1GY,https://img.youtube.com/vi/SXapeYbS1GY/maxresdefault.jpg,ClickedVideoListButton,PlayListButton-AX-VideoListButton-16,Section-D1a5-VideoList-AX,16. ??????,AX.16.,AX.16.,AX.16.,AX.16.,AX.16.,AX.16.,AX.16.,AX.16.,AX.16.,AX.16.
Section-D1a5-VideoList-AX,PlayListButton-AX-VideoListButton-17,17. Bella Ciao - Balcony Sax Performance (Italy),https://www.youtube.com/watch?v=BSWYSww-RlY,https://img.youtube.com/vi/BSWYSww-RlY/maxresdefault.jpg,ClickedVideoListButton,PlayListButton-AX-VideoListButton-17,Section-D1a5-VideoList-AX,17. ??????,AX.17.,AX.17.,AX.17.,AX.17.,AX.17.,AX.17.,AX.17.,AX.17.,AX.17.,AX.17.
Section-D1a5-VideoList-AX,PlayListButton-AX-VideoListButton-18,18. Bella Ciao - Orchestre Lamoureux,https://www.youtube.com/watch?v=t4QHdlKomOc,https://img.youtube.com/vi/t4QHdlKomOc/maxresdefault.jpg,ClickedVideoListButton,PlayListButton-AX-VideoListButton-18,Section-D1a5-VideoList-AX,18. ??????,AX.18.,AX.18.,AX.18.,AX.18.,AX.18.,AX.18.,AX.18.,AX.18.,AX.18.,AX.18.
Section-D1a5-VideoList-AX,PlayListButton-AX-VideoListButton-19,19. Bella Ciao - Hauser (feat. Caroline Campbell),https://www.youtube.com/watch?v=xlsx9pAY7vI,https://img.youtube.com/vi/xlsx9pAY7vI/maxresdefault.jpg,ClickedVideoListButton,PlayListButton-AX-VideoListButton-19,Section-D1a5-VideoList-AX,19. ??????,AX.19.,AX.19.,AX.19.,AX.19.,AX.19.,AX.19.,AX.19.,AX.19.,AX.19.,AX.19.
Section-D1a5-VideoList-AX,PlayListButton-AX-VideoListButton-20,20. Bella Ciao - The Dutch Tenors,https://www.youtube.com/watch?v=m5BbS5xxf1o,https://img.youtube.com/vi/m5BbS5xxf1o/maxresdefault.jpg,ClickedVideoListButton,PlayListButton-AX-VideoListButton-20,Section-D1a5-VideoList-AX,20. ??????,AX.20.,AX.20.,AX.20.,AX.20.,AX.20.,AX.20.,AX.20.,AX.20.,AX.20.,AX.20.
Section-D1a5-VideoList-AX,PlayListButton-AX-VideoListButton-21,21. Bella Ciao - Peter Buka,https://www.youtube.com/watch?v=Z2h6N_-A8zM,https://img.youtube.com/vi/Z2h6N_-A8zM/maxresdefault.jpg,ClickedVideoListButton,PlayListButton-AX-VideoListButton-21,Section-D1a5-VideoList-AX,21. ??????,AX.21.,AX.21.,AX.21.,AX.21.,AX.21.,AX.21.,AX.21.,AX.21.,AX.21.,AX.21.
Section-D1a5-VideoList-AX,PlayListButton-AX-VideoListButton-22,22. Bella Ciao - Cromatica Chorus (Virtual Choir),https://www.youtube.com/watch?v=zkjDojlqriY,https://img.youtube.com/vi/zkjDojlqriY/maxresdefault.jpg,ClickedVideoListButton,PlayListButton-AX-VideoListButton-22,Section-D1a5-VideoList-AX,22. ??????,AX.22.,AX.22.,AX.22.,AX.22.,AX.22.,AX.22.,AX.22.,AX.22.,AX.22.,AX.22.
Section-D1a5-VideoList-AX,PlayListButton-AX-VideoListButton-23,23. Bella Ciao - Flashmob,https://www.youtube.com/watch?v=xhN55G6KdRk,https://img.youtube.com/vi/xhN55G6KdRk/maxresdefault.jpg,ClickedVideoListButton,PlayListButton-AX-VideoListButton-23,Section-D1a5-VideoList-AX,23. ??????,AX.23.,AX.23.,AX.23.,AX.23.,AX.23.,AX.23.,AX.23.,AX.23.,AX.23.,AX.23.
Section-D1a5-VideoList-AX,PlayListButton-AX-VideoListButton-24,24. Bella ciao - Flashmob,https://www.youtube.com/watch?v=8y8zEzk9-A8,https://img.youtube.com/vi/8y8zEzk9-A8/maxresdefault.jpg,ClickedVideoListButton,PlayListButton-AX-VideoListButton-24,Section-D1a5-VideoList-AX,24. ??????,AX.24.,AX.24.,AX.24.,AX.24.,AX.24.,AX.24.,AX.24.,AX.24.,AX.24.,AX.24.
Section-D1a5-VideoList-AX,PlayListButton-AX-VideoListButton-25,"25. Bella Ciao - Flashmob (Turin/Sardine, Italy)",https://www.youtube.com/watch?v=iDRiZouXOS8,https://img.youtube.com/vi/iDRiZouXOS8/maxresdefault.jpg,ClickedVideoListButton,PlayListButton-AX-VideoListButton-25,Section-D1a5-VideoList-AX,25. ??????,AX.25.,AX.25.,AX.25.,AX.25.,AX.25.,AX.25.,AX.25.,AX.25.,AX.25.,AX.25.
Section-D1a5-VideoList-AX,PlayListButton-AX-VideoListButton-26,26. Bella Ciao - Steve Aoki & Delia (La Casa De Papel - Money Heist),https://www.youtube.com/watch?v=gQMnS1SofWM,https://img.youtube.com/vi/gQMnS1SofWM/maxresdefault.jpg,ClickedVideoListButton,PlayListButton-AX-VideoListButton-26,Section-D1a5-VideoList-AX,26. ??????,AX.26.,AX.26.,AX.26.,AX.26.,AX.26.,AX.26.,AX.26.,AX.26.,AX.26.,AX.26.
Section-D1a5-VideoList-AX,PlayListButton-AX-VideoListButton-27,27. Bella Ciao - Hardwell & Maddix (La Casa De Papel - Money Heist),https://www.youtube.com/watch?v=0bmE9XY3sOc,https://img.youtube.com/vi/0bmE9XY3sOc/maxresdefault.jpg,ClickedVideoListButton,PlayListButton-AX-VideoListButton-27,Section-D1a5-VideoList-AX,27. ??????,AX.27.,AX.27.,AX.27.,AX.27.,AX.27.,AX.27.,AX.27.,AX.27.,AX.27.,AX.27.
Section-D1a5-VideoList-AX,PlayListButton-AX-VideoListButton-28,28. La Casa De Papel (Money Heist) - Netflix Final Event,https://www.youtube.com/watch?v=l3XUssSglXk,https://img.youtube.com/vi/l3XUssSglXk/maxresdefault.jpg,ClickedVideoListButton,PlayListButton-AX-VideoListButton-28,Section-D1a5-VideoList-AX,28. ??????,AX.28.,AX.28.,AX.28.,AX.28.,AX.28.,AX.28.,AX.28.,AX.28.,AX.28.,AX.28.
Section-D1a5-VideoList-AY,PlayListButton-AY-VideoListButton-01,"01. Earth, Wind & Fire - Boogie Wonderland",https://www.youtube.com/watch?v=god7hAPv8f0,https://img.youtube.com/vi/god7hAPv8f0/maxresdefault.jpg,ClickedVideoListButton,PlayListButton-AY-VideoListButton-01,Section-D1a5-VideoList-AY,01. ??????,AY.01.,AY.01.,AY.01.,AY.01.,AY.01.,AY.01.,AY.01.,AY.01.,AY.01.,AY.01.
Section-D1a5-VideoList-AY,PlayListButton-AY-VideoListButton-02,02. Sister Sledge - He's the Greatest Dancer,https://www.youtube.com/watch?v=fLLSwHaYk6k,https://img.youtube.com/vi/fLLSwHaYk6k/maxresdefault.jpg,ClickedVideoListButton,PlayListButton-AY-VideoListButton-02,Section-D1a5-VideoList-AY,02. ??????,AY.02.,AY.02.,AY.02.,AY.02.,AY.02.,AY.02.,AY.02.,AY.02.,AY.02.,AY.02.
Section-D1a5-VideoList-AY,PlayListButton-AY-VideoListButton-03,03. The Brothers Johnson - Stomp!,https://www.youtube.com/watch?v=tPBDMihPRJA,https://img.youtube.com/vi/tPBDMihPRJA/maxresdefault.jpg,ClickedVideoListButton,PlayListButton-AY-VideoListButton-03,Section-D1a5-VideoList-AY,03. ??????,AY.03.,AY.03.,AY.03.,AY.03.,AY.03.,AY.03.,AY.03.,AY.03.,AY.03.,AY.03.
Section-D1a5-VideoList-AY,PlayListButton-AY-VideoListButton-04,04. That's the Way (I like it) - KC & The Sunshine Band,https://www.youtube.com/watch?v=7UWkrEb_i-s,https://img.youtube.com/vi/7UWkrEb_i-s/maxresdefault.jpg,ClickedVideoListButton,PlayListButton-AY-VideoListButton-04,Section-D1a5-VideoList-AY,04. ??????,AY.04.,AY.04.,AY.04.,AY.04.,AY.04.,AY.04.,AY.04.,AY.04.,AY.04.,AY.04.
Section-D1a5-VideoList-AY,PlayListButton-AY-VideoListButton-05,05. McFadden & Whitehead - Ain't No Stoppin' Us Now,https://www.youtube.com/watch?v=lCb360S4ik8,https://img.youtube.com/vi/lCb360S4ik8/maxresdefault.jpg,ClickedVideoListButton,PlayListButton-AY-VideoListButton-05,Section-D1a5-VideoList-AY,05. ??????,AY.05.,AY.05.,AY.05.,AY.05.,AY.05.,AY.05.,AY.05.,AY.05.,AY.05.,AY.05.
Section-D1a5-VideoList-AY,PlayListButton-AY-VideoListButton-06,06. Donna Summer - Bad Girls,https://www.youtube.com/watch?v=Bucljr7jX3I,https://img.youtube.com/vi/Bucljr7jX3I/maxresdefault.jpg,ClickedVideoListButton,PlayListButton-AY-VideoListButton-06,Section-D1a5-VideoList-AY,06. ??????,AY.06.,AY.06.,AY.06.,AY.06.,AY.06.,AY.06.,AY.06.,AY.06.,AY.06.,AY.06.
Section-D1a5-VideoList-AY,PlayListButton-AY-VideoListButton-07,07. Cheryl Lynn - Got To Be Real,https://www.youtube.com/watch?v=pbhiUlra64E,https://img.youtube.com/vi/pbhiUlra64E/maxresdefault.jpg,ClickedVideoListButton,PlayListButton-AY-VideoListButton-07,Section-D1a5-VideoList-AY,07. ??????,AY.07.,AY.07.,AY.07.,AY.07.,AY.07.,AY.07.,AY.07.,AY.07.,AY.07.,AY.07.
Section-D1a5-VideoList-AY,PlayListButton-AY-VideoListButton-08,08. Chic - Le Freak,https://www.youtube.com/watch?v=92GjUmtSecc,https://img.youtube.com/vi/92GjUmtSecc/maxresdefault.jpg,ClickedVideoListButton,PlayListButton-AY-VideoListButton-08,Section-D1a5-VideoList-AY,08. ??????,AY.08.,AY.08.,AY.08.,AY.08.,AY.08.,AY.08.,AY.08.,AY.08.,AY.08.,AY.08.
Section-D1a5-VideoList-AY,PlayListButton-AY-VideoListButton-09,09. Anita Ward - Ring My Bell,https://www.youtube.com/watch?v=AvEcIeWhjyU,https://img.youtube.com/vi/AvEcIeWhjyU/maxresdefault.jpg,ClickedVideoListButton,PlayListButton-AY-VideoListButton-09,Section-D1a5-VideoList-AY,09. ??????,AY.09.,AY.09.,AY.09.,AY.09.,AY.09.,AY.09.,AY.09.,AY.09.,AY.09.,AY.09.
Section-D1a5-VideoList-AY,PlayListButton-AY-VideoListButton-10,10. KC & The Sunshine Band - (Shake Shake Shake) Shake Your Booty,https://www.youtube.com/watch?v=Dm7TdOzGTX8,https://img.youtube.com/vi/Dm7TdOzGTX8/maxresdefault.jpg,ClickedVideoListButton,PlayListButton-AY-VideoListButton-10,Section-D1a5-VideoList-AY,10. ??????,AY.10.,AY.10.,AY.10.,AY.10.,AY.10.,AY.10.,AY.10.,AY.10.,AY.10.,AY.10.
Section-D1a5-VideoList-AY,PlayListButton-AY-VideoListButton-11,11. The Whispers - And the Beat Goes On,https://www.youtube.com/watch?v=slldMEPvUqA,https://img.youtube.com/vi/slldMEPvUqA/maxresdefault.jpg,ClickedVideoListButton,PlayListButton-AY-VideoListButton-11,Section-D1a5-VideoList-AY,11. ??????,AY.11.,AY.11.,AY.11.,AY.11.,AY.11.,AY.11.,AY.11.,AY.11.,AY.11.,AY.11.
Section-D1a5-VideoList-AY,PlayListButton-AY-VideoListButton-12,12. Patrice Rushen - Forget Me Not,https://www.youtube.com/watch?v=35t96MH46Ko,https://img.youtube.com/vi/35t96MH46Ko/maxresdefault.jpg,ClickedVideoListButton,PlayListButton-AY-VideoListButton-12,Section-D1a5-VideoList-AY,12. ??????,AY.12.,AY.12.,AY.12.,AY.12.,AY.12.,AY.12.,AY.12.,AY.12.,AY.12.,AY.12.
Section-D1a5-VideoList-AY,PlayListButton-AY-VideoListButton-13,13. Tavares - Heaven Must Be Missing An Angel,https://www.youtube.com/watch?v=-T4-k46hzYY,https://img.youtube.com/vi/-T4-k46hzYY/maxresdefault.jpg,ClickedVideoListButton,PlayListButton-AY-VideoListButton-13,Section-D1a5-VideoList-AY,13. ??????,AY.13.,AY.13.,AY.13.,AY.13.,AY.13.,AY.13.,AY.13.,AY.13.,AY.13.,AY.13.
Section-D1a5-VideoList-AY,PlayListButton-AY-VideoListButton-14,14. The Trammps - Disco Inferno,https://www.youtube.com/watch?v=u5lSeYd_riw,https://img.youtube.com/vi/u5lSeYd_riw/maxresdefault.jpg,ClickedVideoListButton,PlayListButton-AY-VideoListButton-14,Section-D1a5-VideoList-AY,14. ??????,AY.14.,AY.14.,AY.14.,AY.14.,AY.14.,AY.14.,AY.14.,AY.14.,AY.14.,AY.14.
Section-D1a5-VideoList-AY,PlayListButton-AY-VideoListButton-15,15. The Hues Corporation - Rock The Boat,https://www.youtube.com/watch?v=c-z7ci7a47M,https://img.youtube.com/vi/c-z7ci7a47M/maxresdefault.jpg,ClickedVideoListButton,PlayListButton-AY-VideoListButton-15,Section-D1a5-VideoList-AY,15. ??????,AY.15.,AY.15.,AY.15.,AY.15.,AY.15.,AY.15.,AY.15.,AY.15.,AY.15.,AY.15.
Section-D1a5-VideoList-AY,PlayListButton-AY-VideoListButton-16,16. Shalamar - A Night To Remember,https://www.youtube.com/watch?v=guB_jQkCzCo,https://img.youtube.com/vi/guB_jQkCzCo/maxresdefault.jpg,ClickedVideoListButton,PlayListButton-AY-VideoListButton-16,Section-D1a5-VideoList-AY,16. ??????,AY.16.,AY.16.,AY.16.,AY.16.,AY.16.,AY.16.,AY.16.,AY.16.,AY.16.,AY.16.
Section-D1a5-VideoList-AY,PlayListButton-AY-VideoListButton-17,17. Silver Convention - Get up and boogie,https://www.youtube.com/watch?v=hKGrfC1860o,https://img.youtube.com/vi/hKGrfC1860o/maxresdefault.jpg,ClickedVideoListButton,PlayListButton-AY-VideoListButton-17,Section-D1a5-VideoList-AY,17. ??????,AY.17.,AY.17.,AY.17.,AY.17.,AY.17.,AY.17.,AY.17.,AY.17.,AY.17.,AY.17.
Section-D1a5-VideoList-AY,PlayListButton-AY-VideoListButton-18,18. KC and the Sunshine Band - I'm Your Boogie Man,https://www.youtube.com/watch?v=_Ee3C2m3OXE,https://img.youtube.com/vi/_Ee3C2m3OXE/maxresdefault.jpg,ClickedVideoListButton,PlayListButton-AY-VideoListButton-18,Section-D1a5-VideoList-AY,18. ??????,AY.18.,AY.18.,AY.18.,AY.18.,AY.18.,AY.18.,AY.18.,AY.18.,AY.18.,AY.18.
Section-D1a5-VideoList-AY,PlayListButton-AY-VideoListButton-19,19. Bee Gees - Stayin' Alive,https://www.youtube.com/watch?v=I_izvAbhExY,https://img.youtube.com/vi/I_izvAbhExY/maxresdefault.jpg,ClickedVideoListButton,PlayListButton-AY-VideoListButton-19,Section-D1a5-VideoList-AY,19. ??????,AY.19.,AY.19.,AY.19.,AY.19.,AY.19.,AY.19.,AY.19.,AY.19.,AY.19.,AY.19.
Section-D1a5-VideoList-AY,PlayListButton-AY-VideoListButton-20,20. Bee Gees - Night Fever,https://www.youtube.com/watch?v=-ihs-vT9T3Q,https://img.youtube.com/vi/-ihs-vT9T3Q/maxresdefault.jpg,ClickedVideoListButton,PlayListButton-AY-VideoListButton-20,Section-D1a5-VideoList-AY,20. ??????,AY.20.,AY.20.,AY.20.,AY.20.,AY.20.,AY.20.,AY.20.,AY.20.,AY.20.,AY.20.
Section-D1a5-VideoList-AY,PlayListButton-AY-VideoListButton-21,21. Kool & The Gang - Get Down On It,https://www.youtube.com/watch?v=qchPLaiKocI,https://img.youtube.com/vi/qchPLaiKocI/maxresdefault.jpg,ClickedVideoListButton,PlayListButton-AY-VideoListButton-21,Section-D1a5-VideoList-AY,21. ??????,AY.21.,AY.21.,AY.21.,AY.21.,AY.21.,AY.21.,AY.21.,AY.21.,AY.21.,AY.21.
Section-D1a5-VideoList-AY,PlayListButton-AY-VideoListButton-22,22. Gloria Gaynor - I Will Survive,https://www.youtube.com/watch?v=6dYWe1c3OyU,https://img.youtube.com/vi/6dYWe1c3OyU/maxresdefault.jpg,ClickedVideoListButton,PlayListButton-AY-VideoListButton-22,Section-D1a5-VideoList-AY,22. ??????,AY.22.,AY.22.,AY.22.,AY.22.,AY.22.,AY.22.,AY.22.,AY.22.,AY.22.,AY.22.
Section-D1a5-VideoList-AY,PlayListButton-AY-VideoListButton-23,23. Silver Convention - Fly Robin Fly,https://www.youtube.com/watch?v=wC_kCnm3GYQ,https://img.youtube.com/vi/wC_kCnm3GYQ/maxresdefault.jpg,ClickedVideoListButton,PlayListButton-AY-VideoListButton-23,Section-D1a5-VideoList-AY,23. ??????,AY.23.,AY.23.,AY.23.,AY.23.,AY.23.,AY.23.,AY.23.,AY.23.,AY.23.,AY.23.
Section-D1a5-VideoList-AY,PlayListButton-AY-VideoListButton-24,24. George McCrae - Rock Your Baby,https://www.youtube.com/watch?v=gutE8I0Tk3E,https://img.youtube.com/vi/gutE8I0Tk3E/maxresdefault.jpg,ClickedVideoListButton,PlayListButton-AY-VideoListButton-24,Section-D1a5-VideoList-AY,24. ??????,AY.24.,AY.24.,AY.24.,AY.24.,AY.24.,AY.24.,AY.24.,AY.24.,AY.24.,AY.24.
Section-D1a5-VideoList-AY,PlayListButton-AY-VideoListButton-25,25. Candi Staton - Young Hearts Run Free,https://www.youtube.com/watch?v=wddgskIRVeg,https://img.youtube.com/vi/wddgskIRVeg/maxresdefault.jpg,ClickedVideoListButton,PlayListButton-AY-VideoListButton-25,Section-D1a5-VideoList-AY,25. ??????,AY.25.,AY.25.,AY.25.,AY.25.,AY.25.,AY.25.,AY.25.,AY.25.,AY.25.,AY.25.
Section-D1a5-VideoList-AY,PlayListButton-AY-VideoListButton-26,26. Michael Jackson - Off The Wall,https://www.youtube.com/watch?v=MYPI0HZGVR4,https://img.youtube.com/vi/MYPI0HZGVR4/maxresdefault.jpg,ClickedVideoListButton,PlayListButton-AY-VideoListButton-26,Section-D1a5-VideoList-AY,26. ??????,AY.26.,AY.26.,AY.26.,AY.26.,AY.26.,AY.26.,AY.26.,AY.26.,AY.26.,AY.26.
Section-D1a5-VideoList-AY,PlayListButton-AY-VideoListButton-27,27. Michael Jackson - Rock With You,https://www.youtube.com/watch?v=5X-Mrc2l1d0,https://img.youtube.com/vi/5X-Mrc2l1d0/maxresdefault.jpg,ClickedVideoListButton,PlayListButton-AY-VideoListButton-27,Section-D1a5-VideoList-AY,27. ??????,AY.27.,AY.27.,AY.27.,AY.27.,AY.27.,AY.27.,AY.27.,AY.27.,AY.27.,AY.27.
Section-D1a5-VideoList-AY,PlayListButton-AY-VideoListButton-28,28. ABBA - Dancing Queen,https://www.youtube.com/watch?v=xFrGuyw1V8s,https://img.youtube.com/vi/xFrGuyw1V8s/maxresdefault.jpg,ClickedVideoListButton,PlayListButton-AY-VideoListButton-28,Section-D1a5-VideoList-AY,28. ??????,AY.28.,AY.28.,AY.28.,AY.28.,AY.28.,AY.28.,AY.28.,AY.28.,AY.28.,AY.28.
Section-D1a5-VideoList-AY,PlayListButton-AY-VideoListButton-29,29. The Gap Band - Early In The Morning,https://www.youtube.com/watch?v=aobIboK_z34,https://img.youtube.com/vi/aobIboK_z34/maxresdefault.jpg,ClickedVideoListButton,PlayListButton-AY-VideoListButton-29,Section-D1a5-VideoList-AY,29. ??????,AY.29.,AY.29.,AY.29.,AY.29.,AY.29.,AY.29.,AY.29.,AY.29.,AY.29.,AY.29.
Section-D1a5-VideoList-AY,PlayListButton-AY-VideoListButton-30,30. Odyssey - Native New Yorker,https://www.youtube.com/watch?v=qA7RgCib8kE,https://img.youtube.com/vi/qA7RgCib8kE/maxresdefault.jpg,ClickedVideoListButton,PlayListButton-AY-VideoListButton-30,Section-D1a5-VideoList-AY,30. ??????,AY.30.,AY.30.,AY.30.,AY.30.,AY.30.,AY.30.,AY.30.,AY.30.,AY.30.,AY.30.
Section-D1a5-VideoList-AY,PlayListButton-AY-VideoListButton-31,31. KC & The Sunshine Band - Keep It Comin' Love,https://www.youtube.com/watch?v=dc_pjiCJl3s,https://img.youtube.com/vi/dc_pjiCJl3s/maxresdefault.jpg,ClickedVideoListButton,PlayListButton-AY-VideoListButton-31,Section-D1a5-VideoList-AY,31. ??????,AY.31.,AY.31.,AY.31.,AY.31.,AY.31.,AY.31.,AY.31.,AY.31.,AY.31.,AY.31.
Section-D1a5-VideoList-AY,PlayListButton-AY-VideoListButton-32,32. Diana Ross - Upside Down,https://www.youtube.com/watch?v=F1ehMxQdCtQ,https://img.youtube.com/vi/F1ehMxQdCtQ/maxresdefault.jpg,ClickedVideoListButton,PlayListButton-AY-VideoListButton-32,Section-D1a5-VideoList-AY,32. ??????,AY.32.,AY.32.,AY.32.,AY.32.,AY.32.,AY.32.,AY.32.,AY.32.,AY.32.,AY.32.
Section-D1a5-VideoList-AY,PlayListButton-AY-VideoListButton-33,33. Chaka Khan - I'm Every Woman,https://www.youtube.com/watch?v=DVDCNmdi7QI,https://img.youtube.com/vi/DVDCNmdi7QI/maxresdefault.jpg,ClickedVideoListButton,PlayListButton-AY-VideoListButton-33,Section-D1a5-VideoList-AY,33. ??????,AY.33.,AY.33.,AY.33.,AY.33.,AY.33.,AY.33.,AY.33.,AY.33.,AY.33.,AY.33.
Section-D1a5-VideoList-AY,PlayListButton-AY-VideoListButton-34,34. Cheryl Lynn - Got To Be Real,https://www.youtube.com/watch?v=JR0974sLKaU,https://img.youtube.com/vi/JR0974sLKaU/maxresdefault.jpg,ClickedVideoListButton,PlayListButton-AY-VideoListButton-34,Section-D1a5-VideoList-AY,34. ??????,AY.34.,AY.34.,AY.34.,AY.34.,AY.34.,AY.34.,AY.34.,AY.34.,AY.34.,AY.34.
Section-D1a5-VideoList-AY,PlayListButton-AY-VideoListButton-35,35. Barry White - Never Never Gonna Give Ya Up,https://www.youtube.com/watch?v=K5zP7eQltDE,https://img.youtube.com/vi/K5zP7eQltDE/maxresdefault.jpg,ClickedVideoListButton,PlayListButton-AY-VideoListButton-35,Section-D1a5-VideoList-AY,35. ??????,AY.35.,AY.35.,AY.35.,AY.35.,AY.35.,AY.35.,AY.35.,AY.35.,AY.35.,AY.35.
Section-D1a5-VideoList-AY,PlayListButton-AY-VideoListButton-36,36. Barry White - Can't Get Enough Of Your Love Baby,https://www.youtube.com/watch?v=x0I6mhZ5wMw,https://img.youtube.com/vi/x0I6mhZ5wMw/maxresdefault.jpg,ClickedVideoListButton,PlayListButton-AY-VideoListButton-36,Section-D1a5-VideoList-AY,36. ??????,AY.36.,AY.36.,AY.36.,AY.36.,AY.36.,AY.36.,AY.36.,AY.36.,AY.36.,AY.36.
Section-D1a5-VideoList-AY,PlayListButton-AY-VideoListButton-37,"37. Barry White - You're The First, The Last, My Everything",https://www.youtube.com/watch?v=SRCzskCp5rE,https://img.youtube.com/vi/SRCzskCp5rE/maxresdefault.jpg,ClickedVideoListButton,PlayListButton-AY-VideoListButton-37,Section-D1a5-VideoList-AY,37. ??????,AY.37.,AY.37.,AY.37.,AY.37.,AY.37.,AY.37.,AY.37.,AY.37.,AY.37.,AY.37.
Section-D1a5-VideoList-AZ,PlayListButton-AZ-VideoListButton-01,01. Bananarama - Cruel Summer (Live),https://www.youtube.com/watch?v=6q63AUscigk,https://img.youtube.com/vi/6q63AUscigk/maxresdefault.jpg,ClickedVideoListButton,PlayListButton-AZ-VideoListButton-01,Section-D1a5-VideoList-AZ,01. ??????,AZ.01.,AZ.01.,AZ.01.,AZ.01.,AZ.01.,AZ.01.,AZ.01.,AZ.01.,AZ.01.,AZ.01.
Section-D1a5-VideoList-AZ,PlayListButton-AZ-VideoListButton-02,02. Bananarama - I Heard A Rumour (Live),https://www.youtube.com/watch?v=zUhAS2t5uW4,https://img.youtube.com/vi/zUhAS2t5uW4/maxresdefault.jpg,ClickedVideoListButton,PlayListButton-AZ-VideoListButton-02,Section-D1a5-VideoList-AZ,02. ??????,AZ.02.,AZ.02.,AZ.02.,AZ.02.,AZ.02.,AZ.02.,AZ.02.,AZ.02.,AZ.02.,AZ.02.
Section-D1a5-VideoList-AZ,PlayListButton-AZ-VideoListButton-03,03. Bananarama - Venus (Live),https://www.youtube.com/watch?v=LuUL5_cK26c,https://img.youtube.com/vi/LuUL5_cK26c/maxresdefault.jpg,ClickedVideoListButton,PlayListButton-AZ-VideoListButton-03,Section-D1a5-VideoList-AZ,03. ??????,AZ.03.,AZ.03.,AZ.03.,AZ.03.,AZ.03.,AZ.03.,AZ.03.,AZ.03.,AZ.03.,AZ.03.
Section-D1a5-VideoList-AZ,PlayListButton-AZ-VideoListButton-04,04. Kajagoogoo - Too Shy,https://www.youtube.com/watch?v=rkpG4XApJ28,https://img.youtube.com/vi/rkpG4XApJ28/maxresdefault.jpg,ClickedVideoListButton,PlayListButton-AZ-VideoListButton-04,Section-D1a5-VideoList-AZ,04. ??????,AZ.04.,AZ.04.,AZ.04.,AZ.04.,AZ.04.,AZ.04.,AZ.04.,AZ.04.,AZ.04.,AZ.04.
Section-D1a5-VideoList-AZ,PlayListButton-AZ-VideoListButton-05,05. Rick Astley - Never Gonna Give You Up,https://www.youtube.com/watch?v=dQw4w9WgXcQ,https://img.youtube.com/vi/dQw4w9WgXcQ/maxresdefault.jpg,ClickedVideoListButton,PlayListButton-AZ-VideoListButton-05,Section-D1a5-VideoList-AZ,05. ??????,AZ.05.,AZ.05.,AZ.05.,AZ.05.,AZ.05.,AZ.05.,AZ.05.,AZ.05.,AZ.05.,AZ.05.
Section-D1a5-VideoList-AZ,PlayListButton-AZ-VideoListButton-06,06. Pet Shop Boys - West End Girls,https://www.youtube.com/watch?v=p3j2NYZ8FKs,https://img.youtube.com/vi/p3j2NYZ8FKs/maxresdefault.jpg,ClickedVideoListButton,PlayListButton-AZ-VideoListButton-06,Section-D1a5-VideoList-AZ,06. ??????,AZ.06.,AZ.06.,AZ.06.,AZ.06.,AZ.06.,AZ.06.,AZ.06.,AZ.06.,AZ.06.,AZ.06.
Section-D1a5-VideoList-AZ,PlayListButton-AZ-VideoListButton-07,07. Alphaville - Big In Japan,https://www.youtube.com/watch?v=zAGaU_ddZKU,https://img.youtube.com/vi/zAGaU_ddZKU/maxresdefault.jpg,ClickedVideoListButton,PlayListButton-AZ-VideoListButton-07,Section-D1a5-VideoList-AZ,07. ??????,AZ.07.,AZ.07.,AZ.07.,AZ.07.,AZ.07.,AZ.07.,AZ.07.,AZ.07.,AZ.07.,AZ.07.
Section-D1a5-VideoList-AZ,PlayListButton-AZ-VideoListButton-08,08. Animotion - Obsession,https://www.youtube.com/watch?v=hIs5StN8J-0,https://img.youtube.com/vi/hIs5StN8J-0/maxresdefault.jpg,ClickedVideoListButton,PlayListButton-AZ-VideoListButton-08,Section-D1a5-VideoList-AZ,08. ??????,AZ.08.,AZ.08.,AZ.08.,AZ.08.,AZ.08.,AZ.08.,AZ.08.,AZ.08.,AZ.08.,AZ.08.
Section-D1a5-VideoList-AZ,PlayListButton-AZ-VideoListButton-09,09. Pet Shop Boys - What Have I Done To Deserve This,https://www.youtube.com/watch?v=Wn9E5i7l-Eg,https://img.youtube.com/vi/Wn9E5i7l-Eg/maxresdefault.jpg,ClickedVideoListButton,PlayListButton-AZ-VideoListButton-09,Section-D1a5-VideoList-AZ,09. ??????,AZ.09.,AZ.09.,AZ.09.,AZ.09.,AZ.09.,AZ.09.,AZ.09.,AZ.09.,AZ.09.,AZ.09.
Section-D1a5-VideoList-AZ,PlayListButton-AZ-VideoListButton-10,10. Talk Talk - It's My Life,https://www.youtube.com/watch?v=cFH5JgyZK1I,https://img.youtube.com/vi/cFH5JgyZK1I/maxresdefault.jpg,ClickedVideoListButton,PlayListButton-AZ-VideoListButton-10,Section-D1a5-VideoList-AZ,10. ??????,AZ.10.,AZ.10.,AZ.10.,AZ.10.,AZ.10.,AZ.10.,AZ.10.,AZ.10.,AZ.10.,AZ.10.
Section-D1a5-VideoList-AZ,PlayListButton-AZ-VideoListButton-11,11. Pet Shop Boys - It's A Sin,https://www.youtube.com/watch?v=dRHetRTOD1Q,https://img.youtube.com/vi/dRHetRTOD1Q/maxresdefault.jpg,ClickedVideoListButton,PlayListButton-AZ-VideoListButton-11,Section-D1a5-VideoList-AZ,11. ??????,AZ.11.,AZ.11.,AZ.11.,AZ.11.,AZ.11.,AZ.11.,AZ.11.,AZ.11.,AZ.11.,AZ.11.
Section-D1a5-VideoList-AZ,PlayListButton-AZ-VideoListButton-12,12. ABC - The Look Of Love,https://www.youtube.com/watch?v=cNEdxZURTaI,https://img.youtube.com/vi/cNEdxZURTaI/maxresdefault.jpg,ClickedVideoListButton,PlayListButton-AZ-VideoListButton-12,Section-D1a5-VideoList-AZ,12. ??????,AZ.12.,AZ.12.,AZ.12.,AZ.12.,AZ.12.,AZ.12.,AZ.12.,AZ.12.,AZ.12.,AZ.12.
Section-D1a5-VideoList-AZ,PlayListButton-AZ-VideoListButton-13,13. Frankie Goes To Hollywood - Relax,https://www.youtube.com/watch?v=evEGb04hDWk,https://img.youtube.com/vi/evEGb04hDWk/maxresdefault.jpg,ClickedVideoListButton,PlayListButton-AZ-VideoListButton-13,Section-D1a5-VideoList-AZ,13. ??????,AZ.13.,AZ.13.,AZ.13.,AZ.13.,AZ.13.,AZ.13.,AZ.13.,AZ.13.,AZ.13.,AZ.13.
Section-D1a5-VideoList-AZ,PlayListButton-AZ-VideoListButton-14,14. New Order - True Faith,https://www.youtube.com/watch?v=mfI1S0PKJR8,https://img.youtube.com/vi/mfI1S0PKJR8/maxresdefault.jpg,ClickedVideoListButton,PlayListButton-AZ-VideoListButton-14,Section-D1a5-VideoList-AZ,14. ??????,AZ.14.,AZ.14.,AZ.14.,AZ.14.,AZ.14.,AZ.14.,AZ.14.,AZ.14.,AZ.14.,AZ.14.
Section-D1a5-VideoList-AZ,PlayListButton-AZ-VideoListButton-15,15. Swing Out Sister - Breakout,https://www.youtube.com/watch?v=IIOJdMdS56k,https://img.youtube.com/vi/IIOJdMdS56k/maxresdefault.jpg,ClickedVideoListButton,PlayListButton-AZ-VideoListButton-15,Section-D1a5-VideoList-AZ,15. ??????,AZ.15.,AZ.15.,AZ.15.,AZ.15.,AZ.15.,AZ.15.,AZ.15.,AZ.15.,AZ.15.,AZ.15.
Section-D1a5-VideoList-AZ,PlayListButton-AZ-VideoListButton-16,16. Level 42 - Something About You,https://www.youtube.com/watch?v=zpdQQoc-gkk,https://img.youtube.com/vi/zpdQQoc-gkk/maxresdefault.jpg,ClickedVideoListButton,PlayListButton-AZ-VideoListButton-16,Section-D1a5-VideoList-AZ,16. ??????,AZ.16.,AZ.16.,AZ.16.,AZ.16.,AZ.16.,AZ.16.,AZ.16.,AZ.16.,AZ.16.,AZ.16.
Section-D1a5-VideoList-AZ,PlayListButton-AZ-VideoListButton-17,17. Murray Head - One Night In Bangkok,https://www.youtube.com/watch?v=rgc_LRjlbTU,https://img.youtube.com/vi/rgc_LRjlbTU/maxresdefault.jpg,ClickedVideoListButton,PlayListButton-AZ-VideoListButton-17,Section-D1a5-VideoList-AZ,17. ??????,AZ.17.,AZ.17.,AZ.17.,AZ.17.,AZ.17.,AZ.17.,AZ.17.,AZ.17.,AZ.17.,AZ.17.
Section-D1a5-VideoList-AZ,PlayListButton-AZ-VideoListButton-18,18. The Romantics - Talking in Your Sleep,https://www.youtube.com/watch?v=JmGMzyajA2U,https://img.youtube.com/vi/JmGMzyajA2U/maxresdefault.jpg,ClickedVideoListButton,PlayListButton-AZ-VideoListButton-18,Section-D1a5-VideoList-AZ,18. ??????,AZ.18.,AZ.18.,AZ.18.,AZ.18.,AZ.18.,AZ.18.,AZ.18.,AZ.18.,AZ.18.,AZ.18.
Section-D1a5-VideoList-AZ,PlayListButton-AZ-VideoListButton-19,19. Orchestral Manoeuvres In The Dark - If You Leave,https://www.youtube.com/watch?v=EPmTGFg06zA,https://img.youtube.com/vi/EPmTGFg06zA/maxresdefault.jpg,ClickedVideoListButton,PlayListButton-AZ-VideoListButton-19,Section-D1a5-VideoList-AZ,19. ??????,AZ.19.,AZ.19.,AZ.19.,AZ.19.,AZ.19.,AZ.19.,AZ.19.,AZ.19.,AZ.19.,AZ.19.
Section-D1a5-VideoList-AZ,PlayListButton-AZ-VideoListButton-20,20. Dead Or Alive - You Spin Me Round,https://www.youtube.com/watch?v=PGNiXGX2nLU,https://img.youtube.com/vi/PGNiXGX2nLU/maxresdefault.jpg,ClickedVideoListButton,PlayListButton-AZ-VideoListButton-20,Section-D1a5-VideoList-AZ,20. ??????,AZ.20.,AZ.20.,AZ.20.,AZ.20.,AZ.20.,AZ.20.,AZ.20.,AZ.20.,AZ.20.,AZ.20.
Section-D1a5-VideoList-AZ,PlayListButton-AZ-VideoListButton-21,21. Depeche Mode - Enjoy The Silence (Live),https://www.youtube.com/watch?v=-_3dc6X-Iwo,https://img.youtube.com/vi/-_3dc6X-Iwo/maxresdefault.jpg,ClickedVideoListButton,PlayListButton-AZ-VideoListButton-21,Section-D1a5-VideoList-AZ,21. ??????,AZ.21.,AZ.21.,AZ.21.,AZ.21.,AZ.21.,AZ.21.,AZ.21.,AZ.21.,AZ.21.,AZ.21.
Section-D1a5-VideoList-AZ,PlayListButton-AZ-VideoListButton-22,22. Depeche Mode - Enjoy The Silence (Live),https://www.youtube.com/watch?v=C9WtBo9b3WI,https://img.youtube.com/vi/C9WtBo9b3WI/maxresdefault.jpg,ClickedVideoListButton,PlayListButton-AZ-VideoListButton-22,Section-D1a5-VideoList-AZ,22. ??????,AZ.22.,AZ.22.,AZ.22.,AZ.22.,AZ.22.,AZ.22.,AZ.22.,AZ.22.,AZ.22.,AZ.22.
Section-D1a5-VideoList-AZ,PlayListButton-AZ-VideoListButton-23,23. Depeche Mode - People Are People,https://www.youtube.com/watch?v=kHJl4UM9GSA,https://img.youtube.com/vi/kHJl4UM9GSA/maxresdefault.jpg,ClickedVideoListButton,PlayListButton-AZ-VideoListButton-23,Section-D1a5-VideoList-AZ,23. ??????,AZ.23.,AZ.23.,AZ.23.,AZ.23.,AZ.23.,AZ.23.,AZ.23.,AZ.23.,AZ.23.,AZ.23.
Section-D1a5-VideoList-AZ,PlayListButton-AZ-VideoListButton-24,24. Depeche Mode - Strangelove,https://www.youtube.com/watch?v=MHRabky4Ajc,https://img.youtube.com/vi/MHRabky4Ajc/maxresdefault.jpg,ClickedVideoListButton,PlayListButton-AZ-VideoListButton-24,Section-D1a5-VideoList-AZ,24. ??????,AZ.24.,AZ.24.,AZ.24.,AZ.24.,AZ.24.,AZ.24.,AZ.24.,AZ.24.,AZ.24.,AZ.24.
Section-D1a5-VideoList-AZ,PlayListButton-AZ-VideoListButton-25,25. Human League - Don't You Want Me,https://www.youtube.com/watch?v=uPudE8nDog0,https://img.youtube.com/vi/uPudE8nDog0/maxresdefault.jpg,ClickedVideoListButton,PlayListButton-AZ-VideoListButton-25,Section-D1a5-VideoList-AZ,25. ??????,AZ.25.,AZ.25.,AZ.25.,AZ.25.,AZ.25.,AZ.25.,AZ.25.,AZ.25.,AZ.25.,AZ.25.
Section-D1a5-VideoList-AZ,PlayListButton-AZ-VideoListButton-26,26. Simple Minds - Don't You (Forget About Me),https://www.youtube.com/watch?v=CdqoNKCCt7A,https://img.youtube.com/vi/CdqoNKCCt7A/maxresdefault.jpg,ClickedVideoListButton,PlayListButton-AZ-VideoListButton-26,Section-D1a5-VideoList-AZ,26. ??????,AZ.26.,AZ.26.,AZ.26.,AZ.26.,AZ.26.,AZ.26.,AZ.26.,AZ.26.,AZ.26.,AZ.26.
Section-D1a5-VideoList-AZ,PlayListButton-AZ-VideoListButton-27,27. Simple Minds - Alive And Kicking,https://www.youtube.com/watch?v=ljIQo1OHkTI,https://img.youtube.com/vi/ljIQo1OHkTI/maxresdefault.jpg,ClickedVideoListButton,PlayListButton-AZ-VideoListButton-27,Section-D1a5-VideoList-AZ,27. ??????,AZ.27.,AZ.27.,AZ.27.,AZ.27.,AZ.27.,AZ.27.,AZ.27.,AZ.27.,AZ.27.,AZ.27.
Section-D1a5-VideoList-AZ,PlayListButton-AZ-VideoListButton-28,28. Duran Duran - Come Undone,https://www.youtube.com/watch?v=Epj84QVw2rc,https://img.youtube.com/vi/Epj84QVw2rc/maxresdefault.jpg,ClickedVideoListButton,PlayListButton-AZ-VideoListButton-28,Section-D1a5-VideoList-AZ,28. ??????,AZ.28.,AZ.28.,AZ.28.,AZ.28.,AZ.28.,AZ.28.,AZ.28.,AZ.28.,AZ.28.,AZ.28.
Section-D1a5-VideoList-AZ,PlayListButton-AZ-VideoListButton-29,29. Duran Duran - Save A Prayer,https://www.youtube.com/watch?v=6Uxc9eFcZyM,https://img.youtube.com/vi/6Uxc9eFcZyM/maxresdefault.jpg,ClickedVideoListButton,PlayListButton-AZ-VideoListButton-29,Section-D1a5-VideoList-AZ,29. ??????,AZ.29.,AZ.29.,AZ.29.,AZ.29.,AZ.29.,AZ.29.,AZ.29.,AZ.29.,AZ.29.,AZ.29.
Section-D1a5-VideoList-AZ,PlayListButton-AZ-VideoListButton-30,30. Paul Young - Everytime You Go Away,https://www.youtube.com/watch?v=nfk6sCzRTbM,https://img.youtube.com/vi/nfk6sCzRTbM/maxresdefault.jpg,ClickedVideoListButton,PlayListButton-AZ-VideoListButton-30,Section-D1a5-VideoList-AZ,30. ??????,AZ.30.,AZ.30.,AZ.30.,AZ.30.,AZ.30.,AZ.30.,AZ.30.,AZ.30.,AZ.30.,AZ.30.
Section-D1a5-VideoList-AZ,PlayListButton-AZ-VideoListButton-31,31. Spandau Ballet - True,https://www.youtube.com/watch?v=AR8D2yqgQ1U,https://img.youtube.com/vi/AR8D2yqgQ1U/maxresdefault.jpg,ClickedVideoListButton,PlayListButton-AZ-VideoListButton-31,Section-D1a5-VideoList-AZ,31. ??????,AZ.31.,AZ.31.,AZ.31.,AZ.31.,AZ.31.,AZ.31.,AZ.31.,AZ.31.,AZ.31.,AZ.31.
Section-D1a5-VideoList-AZ,PlayListButton-AZ-VideoListButton-32,32. Crowded House - Don't Dream It's Over,https://www.youtube.com/watch?v=J9gKyRmic20,https://img.youtube.com/vi/J9gKyRmic20/maxresdefault.jpg,ClickedVideoListButton,PlayListButton-AZ-VideoListButton-32,Section-D1a5-VideoList-AZ,32. ??????,AZ.32.,AZ.32.,AZ.32.,AZ.32.,AZ.32.,AZ.32.,AZ.32.,AZ.32.,AZ.32.,AZ.32.
Section-D1a5-VideoList-AZ,PlayListButton-AZ-VideoListButton-33,33. Johnny Hates Jazz - Shattered Dreams,https://www.youtube.com/watch?v=ctwqa3QCwMw,https://img.youtube.com/vi/ctwqa3QCwMw/maxresdefault.jpg,ClickedVideoListButton,PlayListButton-AZ-VideoListButton-33,Section-D1a5-VideoList-AZ,33. ??????,AZ.33.,AZ.33.,AZ.33.,AZ.33.,AZ.33.,AZ.33.,AZ.33.,AZ.33.,AZ.33.,AZ.33.
Section-D1a5-VideoList-AZ,PlayListButton-AZ-VideoListButton-34,34. Billy Idol - Flesh For Fantasy,https://www.youtube.com/watch?v=dw1oM7LBbxE,https://img.youtube.com/vi/dw1oM7LBbxE/maxresdefault.jpg,ClickedVideoListButton,PlayListButton-AZ-VideoListButton-34,Section-D1a5-VideoList-AZ,34. ??????,AZ.34.,AZ.34.,AZ.34.,AZ.34.,AZ.34.,AZ.34.,AZ.34.,AZ.34.,AZ.34.,AZ.34.
Section-D1a5-VideoList-AZ,PlayListButton-AZ-VideoListButton-35,35. Billy Idol - Eyes Without A Face (Live),https://www.youtube.com/watch?v=atUbwMewSno,https://img.youtube.com/vi/atUbwMewSno/maxresdefault.jpg,ClickedVideoListButton,PlayListButton-AZ-VideoListButton-35,Section-D1a5-VideoList-AZ,35. ??????,AZ.35.,AZ.35.,AZ.35.,AZ.35.,AZ.35.,AZ.35.,AZ.35.,AZ.35.,AZ.35.,AZ.35.
Section-D1a5-VideoList-AZ,PlayListButton-AZ-VideoListButton-36,36. Human League - Human,https://www.youtube.com/watch?v=C-MY8r5vWbg,https://img.youtube.com/vi/C-MY8r5vWbg/maxresdefault.jpg,ClickedVideoListButton,PlayListButton-AZ-VideoListButton-36,Section-D1a5-VideoList-AZ,36. ??????,AZ.36.,AZ.36.,AZ.36.,AZ.36.,AZ.36.,AZ.36.,AZ.36.,AZ.36.,AZ.36.,AZ.36.
Section-D1a5-VideoList-AZ,PlayListButton-AZ-VideoListButton-37,37. Dream Academy - Life in a Northern Town,https://www.youtube.com/watch?v=3_onKGR4rIw,https://img.youtube.com/vi/3_onKGR4rIw/maxresdefault.jpg,ClickedVideoListButton,PlayListButton-AZ-VideoListButton-37,Section-D1a5-VideoList-AZ,37. ??????,AZ.37.,AZ.37.,AZ.37.,AZ.37.,AZ.37.,AZ.37.,AZ.37.,AZ.37.,AZ.37.,AZ.37.
Section-D1a5-VideoList-AZ,PlayListButton-AZ-VideoListButton-38,38. Thompson Twins - Hold Me Now,https://www.youtube.com/watch?v=TvzVTRK1nOY,https://img.youtube.com/vi/TvzVTRK1nOY/maxresdefault.jpg,ClickedVideoListButton,PlayListButton-AZ-VideoListButton-38,Section-D1a5-VideoList-AZ,38. ??????,AZ.38.,AZ.38.,AZ.38.,AZ.38.,AZ.38.,AZ.38.,AZ.38.,AZ.38.,AZ.38.,AZ.38.
Section-D1a5-VideoList-AZ,PlayListButton-AZ-VideoListButton-39,39. Thompson Twins - Lay Your Hands On Me,https://www.youtube.com/watch?v=_eozkIGlrww,https://img.youtube.com/vi/_eozkIGlrww/maxresdefault.jpg,ClickedVideoListButton,PlayListButton-AZ-VideoListButton-39,Section-D1a5-VideoList-AZ,39. ??????,AZ.39.,AZ.39.,AZ.39.,AZ.39.,AZ.39.,AZ.39.,AZ.39.,AZ.39.,AZ.39.,AZ.39.
Section-D1a5-VideoList-AZ,PlayListButton-AZ-VideoListButton-40,40. Thompson Twins - Doctor! Doctor!,https://www.youtube.com/watch?v=Pf0_Be5PPPU,https://img.youtube.com/vi/Pf0_Be5PPPU/maxresdefault.jpg,ClickedVideoListButton,PlayListButton-AZ-VideoListButton-40,Section-D1a5-VideoList-AZ,40. ??????,AZ.40.,AZ.40.,AZ.40.,AZ.40.,AZ.40.,AZ.40.,AZ.40.,AZ.40.,AZ.40.,AZ.40.
Section-D1a5-VideoList-AZ,PlayListButton-AZ-VideoListButton-41,41. Tears For Fears - Shout,https://www.youtube.com/watch?v=Ye7FKc1JQe4,https://img.youtube.com/vi/Ye7FKc1JQe4/maxresdefault.jpg,ClickedVideoListButton,PlayListButton-AZ-VideoListButton-41,Section-D1a5-VideoList-AZ,41. ??????,AZ.41.,AZ.41.,AZ.41.,AZ.41.,AZ.41.,AZ.41.,AZ.41.,AZ.41.,AZ.41.,AZ.41.
Section-D1a5-VideoList-AZ,PlayListButton-AZ-VideoListButton-42,42. A Flock Of Seagulls - I Ran (So Far Away),https://www.youtube.com/watch?v=iIpfWORQWhU,https://img.youtube.com/vi/iIpfWORQWhU/maxresdefault.jpg,ClickedVideoListButton,PlayListButton-AZ-VideoListButton-42,Section-D1a5-VideoList-AZ,42. ??????,AZ.42.,AZ.42.,AZ.42.,AZ.42.,AZ.42.,AZ.42.,AZ.42.,AZ.42.,AZ.42.,AZ.42.
Section-D1a5-VideoList-AZ,PlayListButton-AZ-VideoListButton-43,43. The Psychedelic Furs - Love My Way,https://www.youtube.com/watch?v=LGD9i718kBU,https://img.youtube.com/vi/LGD9i718kBU/maxresdefault.jpg,ClickedVideoListButton,PlayListButton-AZ-VideoListButton-43,Section-D1a5-VideoList-AZ,43. ??????,AZ.43.,AZ.43.,AZ.43.,AZ.43.,AZ.43.,AZ.43.,AZ.43.,AZ.43.,AZ.43.,AZ.43.
Section-D1a5-VideoList-AZ,PlayListButton-AZ-VideoListButton-44,44. Howard Jones - Things Can Only Get Better,https://www.youtube.com/watch?v=-OO9LloDSJo,https://img.youtube.com/vi/-OO9LloDSJo/maxresdefault.jpg,ClickedVideoListButton,PlayListButton-AZ-VideoListButton-44,Section-D1a5-VideoList-AZ,44. ??????,AZ.44.,AZ.44.,AZ.44.,AZ.44.,AZ.44.,AZ.44.,AZ.44.,AZ.44.,AZ.44.,AZ.44.
Section-D1a5-VideoList-AZ,PlayListButton-AZ-VideoListButton-45,45. Falco - Rock Me Amadeus,https://www.youtube.com/watch?v=cVikZ8Oe_XA,https://img.youtube.com/vi/cVikZ8Oe_XA/maxresdefault.jpg,ClickedVideoListButton,PlayListButton-AZ-VideoListButton-45,Section-D1a5-VideoList-AZ,45. ??????,AZ.45.,AZ.45.,AZ.45.,AZ.45.,AZ.45.,AZ.45.,AZ.45.,AZ.45.,AZ.45.,AZ.45.
Section-D1a5-VideoList-AZ,PlayListButton-AZ-VideoListButton-46,46. Echo & The Bunnymen - Bring on The Dancing Horses,https://www.youtube.com/watch?v=V_bJf3foa5I,https://img.youtube.com/vi/V_bJf3foa5I/maxresdefault.jpg,ClickedVideoListButton,PlayListButton-AZ-VideoListButton-46,Section-D1a5-VideoList-AZ,46. ??????,AZ.46.,AZ.46.,AZ.46.,AZ.46.,AZ.46.,AZ.46.,AZ.46.,AZ.46.,AZ.46.,AZ.46.
Section-D1a5-VideoList-AZ,PlayListButton-AZ-VideoListButton-47,47. Bananarama - Cruel Summer,https://www.youtube.com/watch?v=l9ml3nyww80,https://img.youtube.com/vi/l9ml3nyww80/maxresdefault.jpg,ClickedVideoListButton,PlayListButton-AZ-VideoListButton-47,Section-D1a5-VideoList-AZ,47. ??????,AZ.47.,AZ.47.,AZ.47.,AZ.47.,AZ.47.,AZ.47.,AZ.47.,AZ.47.,AZ.47.,AZ.47.
Section-D1a5-VideoList-AZ,PlayListButton-AZ-VideoListButton-48,48. Bananarama - I Heard A Rumour,https://www.youtube.com/watch?v=m-DZQ80vEVI,https://img.youtube.com/vi/m-DZQ80vEVI/maxresdefault.jpg,ClickedVideoListButton,PlayListButton-AZ-VideoListButton-48,Section-D1a5-VideoList-AZ,48. ??????,AZ.48.,AZ.48.,AZ.48.,AZ.48.,AZ.48.,AZ.48.,AZ.48.,AZ.48.,AZ.48.,AZ.48.
Section-D1a5-VideoList-AZ,PlayListButton-AZ-VideoListButton-49,49. Bananarama - Venus,https://www.youtube.com/watch?v=d4-1ASpdT1Y,https://img.youtube.com/vi/d4-1ASpdT1Y/maxresdefault.jpg,ClickedVideoListButton,PlayListButton-AZ-VideoListButton-49,Section-D1a5-VideoList-AZ,49. ??????,AZ.49.,AZ.49.,AZ.49.,AZ.49.,AZ.49.,AZ.49.,AZ.49.,AZ.49.,AZ.49.,AZ.49.
Section-D1a5-VideoList-AZ,PlayListButton-AZ-VideoListButton-50,50. Bananarama - Venus (Live At The London Eventim Hammersmith Apollo),https://www.youtube.com/watch?v=LuUL5_cK26c,https://img.youtube.com/vi/LuUL5_cK26c/maxresdefault.jpg,ClickedVideoListButton,PlayListButton-AZ-VideoListButton-50,Section-D1a5-VideoList-AZ,50. ??????,AZ.50.,AZ.50.,AZ.50.,AZ.50.,AZ.50.,AZ.50.,AZ.50.,AZ.50.,AZ.50.,AZ.50.
Section-D1a5-VideoList-AZ,PlayListButton-AZ-VideoListButton-51,51. Pet Shop Boys - West End Girls,https://www.youtube.com/watch?v=IB12A-hxqek,https://img.youtube.com/vi/IB12A-hxqek/maxresdefault.jpg,ClickedVideoListButton,PlayListButton-AZ-VideoListButton-51,Section-D1a5-VideoList-AZ,51. ??????,AZ.51.,AZ.51.,AZ.51.,AZ.51.,AZ.51.,AZ.51.,AZ.51.,AZ.51.,AZ.51.,AZ.51.
Section-D1a5-VideoList-BA,PlayListButton-BA-VideoListButton-01,01. Sirvan Khosravi - Kojai To,https://www.youtube.com/watch?v=L7vwHfmgWGA,https://img.youtube.com/vi/L7vwHfmgWGA/maxresdefault.jpg,ClickedVideoListButton,PlayListButton-BA-VideoListButton-01,Section-D1a5-VideoList-BA,01. ??????,BA.01.,BA.01.,BA.01.,BA.01.,BA.01.,BA.01.,BA.01.,BA.01.,BA.01.,BA.01.
Section-D1a5-VideoList-BA,PlayListButton-BA-VideoListButton-02,02. Sirvan Khosravi - Soojehat Tekrarie,https://www.youtube.com/watch?v=eA_pq03DUqI,https://img.youtube.com/vi/eA_pq03DUqI/maxresdefault.jpg,ClickedVideoListButton,PlayListButton-BA-VideoListButton-02,Section-D1a5-VideoList-BA,02. ??????,BA.02.,BA.02.,BA.02.,BA.02.,BA.02.,BA.02.,BA.02.,BA.02.,BA.02.,BA.02.
Section-D1a5-VideoList-BA,PlayListButton-BA-VideoListButton-03,03. Sirvan Khosravi - Tanha Nazar,https://www.youtube.com/watch?v=FnxraXFNZP8,https://img.youtube.com/vi/FnxraXFNZP8/maxresdefault.jpg,ClickedVideoListButton,PlayListButton-BA-VideoListButton-03,Section-D1a5-VideoList-BA,03. ??????,BA.03.,BA.03.,BA.03.,BA.03.,BA.03.,BA.03.,BA.03.,BA.03.,BA.03.,BA.03.
Section-D1a5-VideoList-BA,PlayListButton-BA-VideoListButton-04,04. Sirvan Khosravi - Mano Bebakhsh,https://www.youtube.com/watch?v=6XqQtaL-2yw,https://img.youtube.com/vi/6XqQtaL-2yw/maxresdefault.jpg,ClickedVideoListButton,PlayListButton-BA-VideoListButton-04,Section-D1a5-VideoList-BA,04. ??????,BA.04.,BA.04.,BA.04.,BA.04.,BA.04.,BA.04.,BA.04.,BA.04.,BA.04.,BA.04.
Section-D1a5-VideoList-BA,PlayListButton-BA-VideoListButton-05,05. Sirvan Khosravi - Divoonegi,https://www.youtube.com/watch?v=PA1jenIhk2s,https://img.youtube.com/vi/PA1jenIhk2s/maxresdefault.jpg,ClickedVideoListButton,PlayListButton-BA-VideoListButton-05,Section-D1a5-VideoList-BA,05. ??????,BA.05.,BA.05.,BA.05.,BA.05.,BA.05.,BA.05.,BA.05.,BA.05.,BA.05.,BA.05.
Section-D1a5-VideoList-BA,PlayListButton-BA-VideoListButton-06,06. Sirvan Khosravi - Khaterate to,https://www.youtube.com/watch?v=bjKTnjoOI5c,https://img.youtube.com/vi/bjKTnjoOI5c/maxresdefault.jpg,ClickedVideoListButton,PlayListButton-BA-VideoListButton-06,Section-D1a5-VideoList-BA,06. ??????,BA.06.,BA.06.,BA.06.,BA.06.,BA.06.,BA.06.,BA.06.,BA.06.,BA.06.,BA.06.
Section-D1a5-VideoList-BA,PlayListButton-BA-VideoListButton-07,07. Sirvan Khosravi - Inja Jaye Moondan Nist,https://www.youtube.com/watch?v=cey8dAE-E3w,https://img.youtube.com/vi/cey8dAE-E3w/maxresdefault.jpg,ClickedVideoListButton,PlayListButton-BA-VideoListButton-07,Section-D1a5-VideoList-BA,07. ??????,BA.07.,BA.07.,BA.07.,BA.07.,BA.07.,BA.07.,BA.07.,BA.07.,BA.07.,BA.07.
Section-D1a5-VideoList-BA,PlayListButton-BA-VideoListButton-08,08. Sirvan Khosravi - Kojai To,https://www.youtube.com/watch?v=TpoNO46zbnc,https://img.youtube.com/vi/TpoNO46zbnc/maxresdefault.jpg,ClickedVideoListButton,PlayListButton-BA-VideoListButton-08,Section-D1a5-VideoList-BA,08. ??????,BA.08.,BA.08.,BA.08.,BA.08.,BA.08.,BA.08.,BA.08.,BA.08.,BA.08.,BA.08.
Section-D1a5-VideoList-BA,PlayListButton-BA-VideoListButton-09,09. Sirvan Khosravi - Be Hamin Zoodi,https://www.youtube.com/watch?v=hI-KCE3P50U,https://img.youtube.com/vi/hI-KCE3P50U/maxresdefault.jpg,ClickedVideoListButton,PlayListButton-BA-VideoListButton-09,Section-D1a5-VideoList-BA,09. ??????,BA.09.,BA.09.,BA.09.,BA.09.,BA.09.,BA.09.,BA.09.,BA.09.,BA.09.,BA.09.
Section-D1a5-VideoList-BA,PlayListButton-BA-VideoListButton-10,10. Sirvan Khosravi - Bargard,https://www.youtube.com/watch?v=5dgPHCuQW8E,https://img.youtube.com/vi/5dgPHCuQW8E/maxresdefault.jpg,ClickedVideoListButton,PlayListButton-BA-VideoListButton-10,Section-D1a5-VideoList-BA,10. ??????,BA.10.,BA.10.,BA.10.,BA.10.,BA.10.,BA.10.,BA.10.,BA.10.,BA.10.,BA.10.
Section-D1a5-VideoList-BA,PlayListButton-BA-VideoListButton-11,11. Sirvan Khosravi - Baroone Payizi,https://www.youtube.com/watch?v=ylnKo4D52ac,https://img.youtube.com/vi/ylnKo4D52ac/maxresdefault.jpg,ClickedVideoListButton,PlayListButton-BA-VideoListButton-11,Section-D1a5-VideoList-BA,11. ??????,BA.11.,BA.11.,BA.11.,BA.11.,BA.11.,BA.11.,BA.11.,BA.11.,BA.11.,BA.11.
Section-D1a5-VideoList-BA,PlayListButton-BA-VideoListButton-12,12. Sirvan Khosravi - Doost Daram Zendegi Ro,https://www.youtube.com/watch?v=R0a2UDQb2Dk,https://img.youtube.com/vi/R0a2UDQb2Dk/maxresdefault.jpg,ClickedVideoListButton,PlayListButton-BA-VideoListButton-12,Section-D1a5-VideoList-BA,12. ??????,BA.12.,BA.12.,BA.12.,BA.12.,BA.12.,BA.12.,BA.12.,BA.12.,BA.12.,BA.12.
Section-D1a5-VideoList-BA,PlayListButton-BA-VideoListButton-13,13. Sirvan Khosravi - Bazam Betab,https://www.youtube.com/watch?v=2YopUgIGM1w,https://img.youtube.com/vi/2YopUgIGM1w/maxresdefault.jpg,ClickedVideoListButton,PlayListButton-BA-VideoListButton-13,Section-D1a5-VideoList-BA,13. ??????,BA.13.,BA.13.,BA.13.,BA.13.,BA.13.,BA.13.,BA.13.,BA.13.,BA.13.,BA.13.
Section-D1a5-VideoList-BA,PlayListButton-BA-VideoListButton-14,14. Sirvan Khosravi - Khaterate To,https://www.youtube.com/watch?v=mjZKwc8YKS8,https://img.youtube.com/vi/mjZKwc8YKS8/maxresdefault.jpg,ClickedVideoListButton,PlayListButton-BA-VideoListButton-14,Section-D1a5-VideoList-BA,14. ??????,BA.14.,BA.14.,BA.14.,BA.14.,BA.14.,BA.14.,BA.14.,BA.14.,BA.14.,BA.14.
Section-D1a5-VideoList-BA,PlayListButton-BA-VideoListButton-15,15. Sirvan Khosravi - Na Naro,https://www.youtube.com/watch?v=-1Mahqn8oTk,https://img.youtube.com/vi/-1Mahqn8oTk/maxresdefault.jpg,ClickedVideoListButton,PlayListButton-BA-VideoListButton-15,Section-D1a5-VideoList-BA,15. ??????,BA.15.,BA.15.,BA.15.,BA.15.,BA.15.,BA.15.,BA.15.,BA.15.,BA.15.,BA.15.
Section-D1a5-VideoList-BA,PlayListButton-BA-VideoListButton-16,16. Xaniar Khosravi - Bedoone To,https://www.youtube.com/watch?v=u6WUy_K0ON4,https://img.youtube.com/vi/u6WUy_K0ON4/maxresdefault.jpg,ClickedVideoListButton,PlayListButton-BA-VideoListButton-16,Section-D1a5-VideoList-BA,16. ??????,BA.16.,BA.16.,BA.16.,BA.16.,BA.16.,BA.16.,BA.16.,BA.16.,BA.16.,BA.16.
Section-D1a5-VideoList-BA,PlayListButton-BA-VideoListButton-17,17. Xaniar Khosravi - Risk,https://www.youtube.com/watch?v=WoGwFrVUyNU,https://img.youtube.com/vi/WoGwFrVUyNU/maxresdefault.jpg,ClickedVideoListButton,PlayListButton-BA-VideoListButton-17,Section-D1a5-VideoList-BA,17. ??????,BA.17.,BA.17.,BA.17.,BA.17.,BA.17.,BA.17.,BA.17.,BA.17.,BA.17.,BA.17.
Section-D1a5-VideoList-BA,PlayListButton-BA-VideoListButton-18,18. Xaniar Khosravi - Yeki Bood Yeki Nabood,https://www.youtube.com/watch?v=jVYQyigeILs,https://img.youtube.com/vi/jVYQyigeILs/maxresdefault.jpg,ClickedVideoListButton,PlayListButton-BA-VideoListButton-18,Section-D1a5-VideoList-BA,18. ??????,BA.18.,BA.18.,BA.18.,BA.18.,BA.18.,BA.18.,BA.18.,BA.18.,BA.18.,BA.18.
Section-D1a5-VideoList-BA,PlayListButton-BA-VideoListButton-19,19. Xaniar Khosravi - Gelofen,https://www.youtube.com/watch?v=1uA3abG8dVk,https://img.youtube.com/vi/1uA3abG8dVk/maxresdefault.jpg,ClickedVideoListButton,PlayListButton-BA-VideoListButton-19,Section-D1a5-VideoList-BA,19. ??????,BA.19.,BA.19.,BA.19.,BA.19.,BA.19.,BA.19.,BA.19.,BA.19.,BA.19.,BA.19.
Section-D1a5-VideoList-BA,PlayListButton-BA-VideoListButton-20,20. Xaniar Khosravi - Man Millionaire Nistam,https://www.youtube.com/watch?v=_4YEJ6uYSDA,https://img.youtube.com/vi/_4YEJ6uYSDA/maxresdefault.jpg,ClickedVideoListButton,PlayListButton-BA-VideoListButton-20,Section-D1a5-VideoList-BA,20. ??????,BA.20.,BA.20.,BA.20.,BA.20.,BA.20.,BA.20.,BA.20.,BA.20.,BA.20.,BA.20.
Section-D1a5-VideoList-BA,PlayListButton-BA-VideoListButton-21,21. Ehaam - Cheshmanat Arezoost,https://www.youtube.com/watch?v=Vwhma7dfjiU,https://img.youtube.com/vi/Vwhma7dfjiU/maxresdefault.jpg,ClickedVideoListButton,PlayListButton-BA-VideoListButton-21,Section-D1a5-VideoList-BA,21. ??????,BA.21.,BA.21.,BA.21.,BA.21.,BA.21.,BA.21.,BA.21.,BA.21.,BA.21.,BA.21.
Section-D1a5-VideoList-BA,PlayListButton-BA-VideoListButton-22,22. Ehaam - Bezan Baran,https://www.youtube.com/watch?v=-bsUwRDlbXk,https://img.youtube.com/vi/-bsUwRDlbXk/maxresdefault.jpg,ClickedVideoListButton,PlayListButton-BA-VideoListButton-22,Section-D1a5-VideoList-BA,22. ??????,BA.22.,BA.22.,BA.22.,BA.22.,BA.22.,BA.22.,BA.22.,BA.22.,BA.22.,BA.22.
Section-D1a5-VideoList-BA,PlayListButton-BA-VideoListButton-23,23. Masih & Arash Ap - Shah Beyt,https://www.youtube.com/watch?v=Moy-w77X22M,https://img.youtube.com/vi/Moy-w77X22M/maxresdefault.jpg,ClickedVideoListButton,PlayListButton-BA-VideoListButton-23,Section-D1a5-VideoList-BA,23. ??????,BA.23.,BA.23.,BA.23.,BA.23.,BA.23.,BA.23.,BA.23.,BA.23.,BA.23.,BA.23.
Section-D1a5-VideoList-BA,PlayListButton-BA-VideoListButton-24,24. Masih & Arash Ap - Range Khoda,https://www.youtube.com/watch?v=WW2ShmY9J48,https://img.youtube.com/vi/WW2ShmY9J48/maxresdefault.jpg,ClickedVideoListButton,PlayListButton-BA-VideoListButton-24,Section-D1a5-VideoList-BA,24. ??????,BA.24.,BA.24.,BA.24.,BA.24.,BA.24.,BA.24.,BA.24.,BA.24.,BA.24.,BA.24.
Section-D1a5-VideoList-BA,PlayListButton-BA-VideoListButton-25,25. Masih & Arash Ap - Akhare Bahar,https://www.youtube.com/watch?v=Brk-wc3G2wE,https://img.youtube.com/vi/Brk-wc3G2wE/maxresdefault.jpg,ClickedVideoListButton,PlayListButton-BA-VideoListButton-25,Section-D1a5-VideoList-BA,25. ??????,BA.25.,BA.25.,BA.25.,BA.25.,BA.25.,BA.25.,BA.25.,BA.25.,BA.25.,BA.25.
Section-D1a5-VideoList-BA,PlayListButton-BA-VideoListButton-26,26. Masih & Arash Ap - Shah Beyt,https://www.youtube.com/watch?v=IaJ8HLqFQo8,https://img.youtube.com/vi/IaJ8HLqFQo8/maxresdefault.jpg,ClickedVideoListButton,PlayListButton-BA-VideoListButton-26,Section-D1a5-VideoList-BA,26. ??????,BA.26.,BA.26.,BA.26.,BA.26.,BA.26.,BA.26.,BA.26.,BA.26.,BA.26.,BA.26.
Section-D1a5-VideoList-BA,PlayListButton-BA-VideoListButton-27,27. MACAN Band - Ye Lahze Negam Kon,https://www.youtube.com/watch?v=RPH5whimnr4,https://img.youtube.com/vi/RPH5whimnr4/maxresdefault.jpg,ClickedVideoListButton,PlayListButton-BA-VideoListButton-27,Section-D1a5-VideoList-BA,27. ??????,BA.27.,BA.27.,BA.27.,BA.27.,BA.27.,BA.27.,BA.27.,BA.27.,BA.27.,BA.27.
Section-D1a5-VideoList-BA,PlayListButton-BA-VideoListButton-28,28. Sohrab Pakzad - Dokhtar Irooni,https://www.youtube.com/watch?v=RDV_934uBfg,https://img.youtube.com/vi/RDV_934uBfg/maxresdefault.jpg,ClickedVideoListButton,PlayListButton-BA-VideoListButton-28,Section-D1a5-VideoList-BA,28. ??????,BA.28.,BA.28.,BA.28.,BA.28.,BA.28.,BA.28.,BA.28.,BA.28.,BA.28.,BA.28.
Section-D1a5-VideoList-BA,PlayListButton-BA-VideoListButton-29,29. Alireza Talischi - Paghadam,https://www.youtube.com/watch?v=z-2af6AuNHw,https://img.youtube.com/vi/z-2af6AuNHw/maxresdefault.jpg,ClickedVideoListButton,PlayListButton-BA-VideoListButton-29,Section-D1a5-VideoList-BA,29. ??????,BA.29.,BA.29.,BA.29.,BA.29.,BA.29.,BA.29.,BA.29.,BA.29.,BA.29.,BA.29.
Section-D1a5-VideoList-BA,PlayListButton-BA-VideoListButton-30,30. Meysam Ebrahimi - Aroosak,https://www.youtube.com/watch?v=sTR-EOOoXHw,https://img.youtube.com/vi/sTR-EOOoXHw/maxresdefault.jpg,ClickedVideoListButton,PlayListButton-BA-VideoListButton-30,Section-D1a5-VideoList-BA,30. ??????,BA.30.,BA.30.,BA.30.,BA.30.,BA.30.,BA.30.,BA.30.,BA.30.,BA.30.,BA.30.
Section-D1a5-VideoList-BA,PlayListButton-BA-VideoListButton-31,31. Behnam Bani - Shabe Eshgh,https://www.youtube.com/watch?v=p4hqzthSVzE,https://img.youtube.com/vi/p4hqzthSVzE/maxresdefault.jpg,ClickedVideoListButton,PlayListButton-BA-VideoListButton-31,Section-D1a5-VideoList-BA,31. ??????,BA.31.,BA.31.,BA.31.,BA.31.,BA.31.,BA.31.,BA.31.,BA.31.,BA.31.,BA.31.
Section-D1a5-VideoList-BA,PlayListButton-BA-VideoListButton-32,32. Reza Malekzadeh - Darya,https://www.youtube.com/watch?v=MVqlRhP_GMM,https://img.youtube.com/vi/MVqlRhP_GMM/maxresdefault.jpg,ClickedVideoListButton,PlayListButton-BA-VideoListButton-32,Section-D1a5-VideoList-BA,32. ??????,BA.32.,BA.32.,BA.32.,BA.32.,BA.32.,BA.32.,BA.32.,BA.32.,BA.32.,BA.32.
Section-D1a5-VideoList-BA,PlayListButton-BA-VideoListButton-33,33. Arman Garshasbi - Shab,https://www.youtube.com/watch?v=8STFEf1BlxU,https://img.youtube.com/vi/8STFEf1BlxU/maxresdefault.jpg,ClickedVideoListButton,PlayListButton-BA-VideoListButton-33,Section-D1a5-VideoList-BA,33. ??????,BA.33.,BA.33.,BA.33.,BA.33.,BA.33.,BA.33.,BA.33.,BA.33.,BA.33.,BA.33.
Section-D1a5-VideoList-BA,PlayListButton-BA-VideoListButton-34,34. Arman Garshasbi - Benshin Tamashayat Konam,https://www.youtube.com/watch?v=etqEoyN-GNM,https://img.youtube.com/vi/etqEoyN-GNM/maxresdefault.jpg,ClickedVideoListButton,PlayListButton-BA-VideoListButton-34,Section-D1a5-VideoList-BA,34. ??????,BA.34.,BA.34.,BA.34.,BA.34.,BA.34.,BA.34.,BA.34.,BA.34.,BA.34.,BA.34.
Section-D1a5-VideoList-BA,PlayListButton-BA-VideoListButton-35,35. Kamyar - Gole Sangam,https://www.youtube.com/watch?v=x5c_RKNH7_8,https://img.youtube.com/vi/x5c_RKNH7_8/maxresdefault.jpg,ClickedVideoListButton,PlayListButton-BA-VideoListButton-35,Section-D1a5-VideoList-BA,35. ??????,BA.35.,BA.35.,BA.35.,BA.35.,BA.35.,BA.35.,BA.35.,BA.35.,BA.35.,BA.35.
Section-D1a5-VideoList-BA,PlayListButton-BA-VideoListButton-36,36. Rana Mansour - Baroon,https://www.youtube.com/watch?v=c--VpxoTAH4,https://img.youtube.com/vi/c--VpxoTAH4/maxresdefault.jpg,ClickedVideoListButton,PlayListButton-BA-VideoListButton-36,Section-D1a5-VideoList-BA,36. ??????,BA.36.,BA.36.,BA.36.,BA.36.,BA.36.,BA.36.,BA.36.,BA.36.,BA.36.,BA.36.
Section-D1a5-VideoList-BA,PlayListButton-BA-VideoListButton-37,37. Rana Mansour - Shohare Pooldar,https://www.youtube.com/watch?v=EyF32O2qdAE,https://img.youtube.com/vi/EyF32O2qdAE/maxresdefault.jpg,ClickedVideoListButton,PlayListButton-BA-VideoListButton-37,Section-D1a5-VideoList-BA,37. ??????,BA.37.,BA.37.,BA.37.,BA.37.,BA.37.,BA.37.,BA.37.,BA.37.,BA.37.,BA.37.
Section-D1a5-VideoList-BA,PlayListButton-BA-VideoListButton-38,38. Rana Mansour - Age Hale Mano Dashti,https://www.youtube.com/watch?v=hHa7nTtbRO0,https://img.youtube.com/vi/hHa7nTtbRO0/maxresdefault.jpg,ClickedVideoListButton,PlayListButton-BA-VideoListButton-38,Section-D1a5-VideoList-BA,38. ??????,BA.38.,BA.38.,BA.38.,BA.38.,BA.38.,BA.38.,BA.38.,BA.38.,BA.38.,BA.38.
Section-D1a5-VideoList-BA,PlayListButton-BA-VideoListButton-39,39. Rana Mansour & Babak Amini - In Eshgh,https://www.youtube.com/watch?v=E05fSqHP9Qg,https://img.youtube.com/vi/E05fSqHP9Qg/maxresdefault.jpg,ClickedVideoListButton,PlayListButton-BA-VideoListButton-39,Section-D1a5-VideoList-BA,39. ??????,BA.39.,BA.39.,BA.39.,BA.39.,BA.39.,BA.39.,BA.39.,BA.39.,BA.39.,BA.39.
Section-D1a5-VideoList-BA,PlayListButton-BA-VideoListButton-40,40. Niaz Nawab - Simorgh,https://www.youtube.com/watch?v=FBXSutXjs-o,https://img.youtube.com/vi/FBXSutXjs-o/maxresdefault.jpg,ClickedVideoListButton,PlayListButton-BA-VideoListButton-40,Section-D1a5-VideoList-BA,40. ??????,BA.40.,BA.40.,BA.40.,BA.40.,BA.40.,BA.40.,BA.40.,BA.40.,BA.40.,BA.40.
Section-D1a5-VideoList-BA,PlayListButton-BA-VideoListButton-41,41. Niaz & Erwin - Jahane Man,https://www.youtube.com/watch?v=5YWmJnG_fxs,https://img.youtube.com/vi/5YWmJnG_fxs/maxresdefault.jpg,ClickedVideoListButton,PlayListButton-BA-VideoListButton-41,Section-D1a5-VideoList-BA,41. ??????,BA.41.,BA.41.,BA.41.,BA.41.,BA.41.,BA.41.,BA.41.,BA.41.,BA.41.,BA.41.
Section-D1a5-VideoList-BA,PlayListButton-BA-VideoListButton-42,42. Donya - Sorry,https://www.youtube.com/watch?v=Fy-ABrIR4II,https://img.youtube.com/vi/Fy-ABrIR4II/maxresdefault.jpg,ClickedVideoListButton,PlayListButton-BA-VideoListButton-42,Section-D1a5-VideoList-BA,42. ??????,BA.42.,BA.42.,BA.42.,BA.42.,BA.42.,BA.42.,BA.42.,BA.42.,BA.42.,BA.42.
Section-D1a5-VideoList-BA,PlayListButton-BA-VideoListButton-43,43. Donya - Koo Ta Biad,https://www.youtube.com/watch?v=XimQlFLENHc,https://img.youtube.com/vi/XimQlFLENHc/maxresdefault.jpg,ClickedVideoListButton,PlayListButton-BA-VideoListButton-43,Section-D1a5-VideoList-BA,43. ??????,BA.43.,BA.43.,BA.43.,BA.43.,BA.43.,BA.43.,BA.43.,BA.43.,BA.43.,BA.43.
Section-D1a5-VideoList-BA,PlayListButton-BA-VideoListButton-44,44. Sina Bathaie - Tehran,https://www.youtube.com/watch?v=b3qdMik_NSE,https://img.youtube.com/vi/b3qdMik_NSE/maxresdefault.jpg,ClickedVideoListButton,PlayListButton-BA-VideoListButton-44,Section-D1a5-VideoList-BA,44. ??????,BA.44.,BA.44.,BA.44.,BA.44.,BA.44.,BA.44.,BA.44.,BA.44.,BA.44.,BA.44.
Section-D1a5-VideoList-BA,PlayListButton-BA-VideoListButton-45,45. Sina Bathaie - Breath of Life Live,https://www.youtube.com/watch?v=tyN1hpQVYSc,https://img.youtube.com/vi/tyN1hpQVYSc/maxresdefault.jpg,ClickedVideoListButton,PlayListButton-BA-VideoListButton-45,Section-D1a5-VideoList-BA,45. ??????,BA.45.,BA.45.,BA.45.,BA.45.,BA.45.,BA.45.,BA.45.,BA.45.,BA.45.,BA.45.
Section-D1a5-VideoList-BA,PlayListButton-BA-VideoListButton-46,46. Mohsen Chavoshi - Fandake Tabdar,https://www.youtube.com/watch?v=0froEz2CKto,https://img.youtube.com/vi/0froEz2CKto/maxresdefault.jpg,ClickedVideoListButton,PlayListButton-BA-VideoListButton-46,Section-D1a5-VideoList-BA,46. ??????,BA.46.,BA.46.,BA.46.,BA.46.,BA.46.,BA.46.,BA.46.,BA.46.,BA.46.,BA.46.
Section-D1a5-VideoList-BA,PlayListButton-BA-VideoListButton-47,47. The Lion Skin - Bamdad Afshar - Pooste Shir,https://www.youtube.com/watch?v=2DePcjg2NAk,https://img.youtube.com/vi/2DePcjg2NAk/maxresdefault.jpg,ClickedVideoListButton,PlayListButton-BA-VideoListButton-47,Section-D1a5-VideoList-BA,47. ??????,BA.47.,BA.47.,BA.47.,BA.47.,BA.47.,BA.47.,BA.47.,BA.47.,BA.47.,BA.47.
Section-D1a5-VideoList-BB,PlayListButton-BB-VideoListButton-01,01. C-Rouge & ArmSymphony - Daredevils of Sassoun (Յարխուշտա),https://www.youtube.com/watch?v=8hQSBJKbKrQ,https://img.youtube.com/vi/8hQSBJKbKrQ/maxresdefault.jpg,ClickedVideoListButton,PlayListButton-BB-VideoListButton-01,Section-D1a5-VideoList-BB,01. ??????,BB.01.,BB.01.,BB.01.,BB.01.,BB.01.,BB.01.,BB.01.,BB.01.,BB.01.,BB.01.
Section-D1a5-VideoList-BB,PlayListButton-BB-VideoListButton-02,02. C-Rouge & ArmSymphony - Invincible Nation (Լեբլեբիջիների խմբերգը),https://www.youtube.com/watch?v=S1FIRydbTWc,https://img.youtube.com/vi/S1FIRydbTWc/maxresdefault.jpg,ClickedVideoListButton,PlayListButton-BB-VideoListButton-02,Section-D1a5-VideoList-BB,02. ??????,BB.02.,BB.02.,BB.02.,BB.02.,BB.02.,BB.02.,BB.02.,BB.02.,BB.02.,BB.02.
Section-D1a5-VideoList-BB,PlayListButton-BB-VideoListButton-03,03. C-Rouge & ArmSymphony - Freedom Fighters (Հայ Ֆետայիներ),https://www.youtube.com/watch?v=9DVr0HXdzfo,https://img.youtube.com/vi/9DVr0HXdzfo/maxresdefault.jpg,ClickedVideoListButton,PlayListButton-BB-VideoListButton-03,Section-D1a5-VideoList-BB,03. ??????,BB.03.,BB.03.,BB.03.,BB.03.,BB.03.,BB.03.,BB.03.,BB.03.,BB.03.,BB.03.
Section-D1a5-VideoList-BB,PlayListButton-BB-VideoListButton-04,04. C-Rouge & ArmSymphony - Kingdom of Cilicia (Կիլիկիա),https://www.youtube.com/watch?v=5X-jtJyryno,https://img.youtube.com/vi/5X-jtJyryno/maxresdefault.jpg,ClickedVideoListButton,PlayListButton-BB-VideoListButton-04,Section-D1a5-VideoList-BB,04. ??????,BB.04.,BB.04.,BB.04.,BB.04.,BB.04.,BB.04.,BB.04.,BB.04.,BB.04.,BB.04.
Section-D1a5-VideoList-BB,PlayListButton-BB-VideoListButton-05,05. C-Rouge & ArmSymphony - Dle Yaman (Դլե Յաման),https://www.youtube.com/watch?v=dae2SC299PI,https://img.youtube.com/vi/dae2SC299PI/maxresdefault.jpg,ClickedVideoListButton,PlayListButton-BB-VideoListButton-05,Section-D1a5-VideoList-BB,05. ??????,BB.05.,BB.05.,BB.05.,BB.05.,BB.05.,BB.05.,BB.05.,BB.05.,BB.05.,BB.05.
Section-D1a5-VideoList-BB,PlayListButton-BB-VideoListButton-06,06. C-Rouge & ArmSymphony - Zartir Vortyag (Զարթիր Որդեակ),https://www.youtube.com/watch?v=aCZazTInEg0,https://img.youtube.com/vi/aCZazTInEg0/maxresdefault.jpg,ClickedVideoListButton,PlayListButton-BB-VideoListButton-06,Section-D1a5-VideoList-BB,06. ??????,BB.06.,BB.06.,BB.06.,BB.06.,BB.06.,BB.06.,BB.06.,BB.06.,BB.06.,BB.06.
Section-D1a5-VideoList-BB,PlayListButton-BB-VideoListButton-07,07. C-Rouge & ArmSymphony - Heroes of Musa Dagh (Չալմը դանգը),https://www.youtube.com/watch?v=MpdmXQwQHO4,https://img.youtube.com/vi/MpdmXQwQHO4/maxresdefault.jpg,ClickedVideoListButton,PlayListButton-BB-VideoListButton-07,Section-D1a5-VideoList-BB,07. ??????,BB.07.,BB.07.,BB.07.,BB.07.,BB.07.,BB.07.,BB.07.,BB.07.,BB.07.,BB.07.
Section-D1a5-VideoList-BB,PlayListButton-BB-VideoListButton-08,08. C-Rouge & ArmSymphony - Children of Goght (Գողթան մանկտիք),https://www.youtube.com/watch?v=QLVTQzqTOHk,https://img.youtube.com/vi/QLVTQzqTOHk/maxresdefault.jpg,ClickedVideoListButton,PlayListButton-BB-VideoListButton-08,Section-D1a5-VideoList-BB,08. ??????,BB.08.,BB.08.,BB.08.,BB.08.,BB.08.,BB.08.,BB.08.,BB.08.,BB.08.,BB.08.
Section-D1a5-VideoList-BB,PlayListButton-BB-VideoListButton-09,09. C-Rouge & ArmSymphony - Vengeance (Թող հնչէ շեփոր),https://www.youtube.com/watch?v=0f8IZw506gM,https://img.youtube.com/vi/0f8IZw506gM/maxresdefault.jpg,ClickedVideoListButton,PlayListButton-BB-VideoListButton-09,Section-D1a5-VideoList-BB,09. ??????,BB.09.,BB.09.,BB.09.,BB.09.,BB.09.,BB.09.,BB.09.,BB.09.,BB.09.,BB.09.
Section-D1a5-VideoList-BB,PlayListButton-BB-VideoListButton-10,"10. C-Rouge & ArmSymphony - Mother of Light (Ուր ես, Մայր իմ)",https://www.youtube.com/watch?v=lf1Vus_5UPg,https://img.youtube.com/vi/lf1Vus_5UPg/maxresdefault.jpg,ClickedVideoListButton,PlayListButton-BB-VideoListButton-10,Section-D1a5-VideoList-BB,10. ??????,BB.10.,BB.10.,BB.10.,BB.10.,BB.10.,BB.10.,BB.10.,BB.10.,BB.10.,BB.10.
Section-D1a5-VideoList-BB,PlayListButton-BB-VideoListButton-11,11. C-Rouge & ArmSymphony - Yeraz (Երազ),https://www.youtube.com/watch?v=mhac74KETgM,https://img.youtube.com/vi/mhac74KETgM/maxresdefault.jpg,ClickedVideoListButton,PlayListButton-BB-VideoListButton-11,Section-D1a5-VideoList-BB,11. ??????,BB.11.,BB.11.,BB.11.,BB.11.,BB.11.,BB.11.,BB.11.,BB.11.,BB.11.,BB.11.
Section-D1a5-VideoList-BB,PlayListButton-BB-VideoListButton-12,12. C-Rouge & ArmSymphony - Kochari (Քոչարի),https://www.youtube.com/watch?v=2ff6wLtydBo,https://img.youtube.com/vi/2ff6wLtydBo/maxresdefault.jpg,ClickedVideoListButton,PlayListButton-BB-VideoListButton-12,Section-D1a5-VideoList-BB,12. ??????,BB.12.,BB.12.,BB.12.,BB.12.,BB.12.,BB.12.,BB.12.,BB.12.,BB.12.,BB.12.
Section-D1a5-VideoList-BB,PlayListButton-BB-VideoListButton-13,13. C-Rouge & ArmSymphony - Shalakho (Շալախո),https://www.youtube.com/watch?v=GfiImVwHzO8,https://img.youtube.com/vi/GfiImVwHzO8/maxresdefault.jpg,ClickedVideoListButton,PlayListButton-BB-VideoListButton-13,Section-D1a5-VideoList-BB,13. ??????,BB.13.,BB.13.,BB.13.,BB.13.,BB.13.,BB.13.,BB.13.,BB.13.,BB.13.,BB.13.
Section-D1a5-VideoList-BB,PlayListButton-BB-VideoListButton-14,"14. C-Rouge & Apo Sahagian - Dzayn Tur, Ov Feda (Ձայն տուր, ո'վ ֆեդա)",https://www.youtube.com/watch?v=xzUZ4dAqEqk,https://img.youtube.com/vi/xzUZ4dAqEqk/maxresdefault.jpg,ClickedVideoListButton,PlayListButton-BB-VideoListButton-14,Section-D1a5-VideoList-BB,14. ??????,BB.14.,BB.14.,BB.14.,BB.14.,BB.14.,BB.14.,BB.14.,BB.14.,BB.14.,BB.14.
Section-D1a5-VideoList-BB,PlayListButton-BB-VideoListButton-15,15. C-Rouge - Black Garden (Artsakh by Ara Gevorgyan),https://www.youtube.com/watch?v=Y16jM4ajcxQ,https://img.youtube.com/vi/Y16jM4ajcxQ/maxresdefault.jpg,ClickedVideoListButton,PlayListButton-BB-VideoListButton-15,Section-D1a5-VideoList-BB,15. ??????,BB.15.,BB.15.,BB.15.,BB.15.,BB.15.,BB.15.,BB.15.,BB.15.,BB.15.,BB.15.
Section-D1a5-VideoList-BB,PlayListButton-BB-VideoListButton-16,"16. C-Rouge & Carmen Balian - Ganchoumem, Ari Ari (Կանչում եմ արի, արի)",https://www.youtube.com/watch?v=zKFrVpTv_Eo,https://img.youtube.com/vi/zKFrVpTv_Eo/maxresdefault.jpg,ClickedVideoListButton,PlayListButton-BB-VideoListButton-16,Section-D1a5-VideoList-BB,16. ??????,BB.16.,BB.16.,BB.16.,BB.16.,BB.16.,BB.16.,BB.16.,BB.16.,BB.16.,BB.16.
Section-D1a5-VideoList-BB,PlayListButton-BB-VideoListButton-17,17. C-Rouge & Carmen Balian - Mardigi Yerke (Մարտիկի Երգը),https://www.youtube.com/watch?v=rvhlYA6BrEA,https://img.youtube.com/vi/rvhlYA6BrEA/maxresdefault.jpg,ClickedVideoListButton,PlayListButton-BB-VideoListButton-17,Section-D1a5-VideoList-BB,17. ??????,BB.17.,BB.17.,BB.17.,BB.17.,BB.17.,BB.17.,BB.17.,BB.17.,BB.17.,BB.17.
Section-D1a5-VideoList-BB,PlayListButton-BB-VideoListButton-18,18. C-Rouge & Sandra Arslanian - Oor eyir Asdvadz (Ո՞ւր էիր Աստված),https://www.youtube.com/watch?v=sHQQnkwYEdg,https://img.youtube.com/vi/sHQQnkwYEdg/maxresdefault.jpg,ClickedVideoListButton,PlayListButton-BB-VideoListButton-18,Section-D1a5-VideoList-BB,18. ??????,BB.18.,BB.18.,BB.18.,BB.18.,BB.18.,BB.18.,BB.18.,BB.18.,BB.18.,BB.18.
Section-D1a5-VideoList-BB,PlayListButton-BB-VideoListButton-19,19. Various Artists - Mez vochinch chi haghti (Մեզ ոչինչ չի հաղթի),https://www.youtube.com/watch?v=zjMy_VIVgew,https://img.youtube.com/vi/zjMy_VIVgew/maxresdefault.jpg,ClickedVideoListButton,PlayListButton-BB-VideoListButton-19,Section-D1a5-VideoList-BB,19. ??????,BB.19.,BB.19.,BB.19.,BB.19.,BB.19.,BB.19.,BB.19.,BB.19.,BB.19.,BB.19.
Section-D1a5-VideoList-BB,PlayListButton-BB-VideoListButton-20,20. Arthur Khachents - Gini Lits (Գինի լից),https://www.youtube.com/watch?v=5t1dVJvx7gQ,https://img.youtube.com/vi/5t1dVJvx7gQ/maxresdefault.jpg,ClickedVideoListButton,PlayListButton-BB-VideoListButton-20,Section-D1a5-VideoList-BB,20. ??????,BB.20.,BB.20.,BB.20.,BB.20.,BB.20.,BB.20.,BB.20.,BB.20.,BB.20.,BB.20.
Section-D1a5-VideoList-BB,PlayListButton-BB-VideoListButton-21,21. Sevak Amroyan - Yarkhushta (Յարխուշտա),https://www.youtube.com/watch?v=Q13BMlWKZWU,https://img.youtube.com/vi/Q13BMlWKZWU/maxresdefault.jpg,ClickedVideoListButton,PlayListButton-BB-VideoListButton-21,Section-D1a5-VideoList-BB,21. ??????,BB.21.,BB.21.,BB.21.,BB.21.,BB.21.,BB.21.,BB.21.,BB.21.,BB.21.,BB.21.
Section-D1a5-VideoList-BB,PlayListButton-BB-VideoListButton-22,22. Sirusho - Zartonk (Զարթոնք),https://www.youtube.com/watch?v=plXH4GeYtes,https://img.youtube.com/vi/plXH4GeYtes/maxresdefault.jpg,ClickedVideoListButton,PlayListButton-BB-VideoListButton-22,Section-D1a5-VideoList-BB,22. ??????,BB.22.,BB.22.,BB.22.,BB.22.,BB.22.,BB.22.,BB.22.,BB.22.,BB.22.,BB.22.
Section-D1a5-VideoList-BB,PlayListButton-BB-VideoListButton-23,23. Sofi Mkheyan - Hayastani Erge,https://www.youtube.com/watch?v=P6s5xSTUDqk,https://img.youtube.com/vi/P6s5xSTUDqk/maxresdefault.jpg,ClickedVideoListButton,PlayListButton-BB-VideoListButton-23,Section-D1a5-VideoList-BB,23. ??????,BB.23.,BB.23.,BB.23.,BB.23.,BB.23.,BB.23.,BB.23.,BB.23.,BB.23.,BB.23.
Section-D1a5-VideoList-BB,PlayListButton-BB-VideoListButton-24,24. Saro Tovmasyan & Artur Grigoryan - Kyanq u Kriv (Կյանք ու Կոիվ),https://www.youtube.com/watch?v=FxsJmlHCaz4,https://img.youtube.com/vi/FxsJmlHCaz4/maxresdefault.jpg,ClickedVideoListButton,PlayListButton-BB-VideoListButton-24,Section-D1a5-VideoList-BB,24. ??????,BB.24.,BB.24.,BB.24.,BB.24.,BB.24.,BB.24.,BB.24.,BB.24.,BB.24.,BB.24.
Section-D1a5-VideoList-BB,PlayListButton-BB-VideoListButton-25,25. Arthur Grigoryan & Ruslan - Kyanq u Kriv (Կյանք ու Կոիվ),https://www.youtube.com/watch?v=CpLkubCyxrk,https://img.youtube.com/vi/CpLkubCyxrk/maxresdefault.jpg,ClickedVideoListButton,PlayListButton-BB-VideoListButton-25,Section-D1a5-VideoList-BB,25. ??????,BB.25.,BB.25.,BB.25.,BB.25.,BB.25.,BB.25.,BB.25.,BB.25.,BB.25.,BB.25.
Section-D1a5-VideoList-BB,PlayListButton-BB-VideoListButton-26,26. Ruslan & Artur Grigoryan - Kyanq U Kriv (Կյանք ու Կռիվ),https://www.youtube.com/watch?v=GVbAY0YDVNo,https://img.youtube.com/vi/GVbAY0YDVNo/maxresdefault.jpg,ClickedVideoListButton,PlayListButton-BB-VideoListButton-26,Section-D1a5-VideoList-BB,26. ??????,BB.26.,BB.26.,BB.26.,BB.26.,BB.26.,BB.26.,BB.26.,BB.26.,BB.26.,BB.26.
Section-D1a5-VideoList-BB,PlayListButton-BB-VideoListButton-27,27. Masha Mnjoyan - Hayastan Ashxarh,https://www.youtube.com/watch?v=pzJmPGJvYjI,https://img.youtube.com/vi/pzJmPGJvYjI/maxresdefault.jpg,ClickedVideoListButton,PlayListButton-BB-VideoListButton-27,Section-D1a5-VideoList-BB,27. ??????,BB.27.,BB.27.,BB.27.,BB.27.,BB.27.,BB.27.,BB.27.,BB.27.,BB.27.,BB.27.
Section-D1a5-VideoList-BB,PlayListButton-BB-VideoListButton-28,28. Zhanna Davtyan - Gulo,https://www.youtube.com/watch?v=IY1bZz-SWdQ,https://img.youtube.com/vi/IY1bZz-SWdQ/maxresdefault.jpg,ClickedVideoListButton,PlayListButton-BB-VideoListButton-28,Section-D1a5-VideoList-BB,28. ??????,BB.28.,BB.28.,BB.28.,BB.28.,BB.28.,BB.28.,BB.28.,BB.28.,BB.28.,BB.28.
Section-D1a5-VideoList-BC,PlayListButton-BC-VideoListButton-01,01. Vig Zartman - God Bless Armenia,https://www.youtube.com/watch?v=CncTUA4vsdg,https://img.youtube.com/vi/CncTUA4vsdg/maxresdefault.jpg,ClickedVideoListButton,PlayListButton-BC-VideoListButton-01,Section-D1a5-VideoList-BC,01. ??????,BC.01.,BC.01.,BC.01.,BC.01.,BC.01.,BC.01.,BC.01.,BC.01.,BC.01.,BC.01.
Section-D1a5-VideoList-BC,PlayListButton-BC-VideoListButton-02,02. Karen Margaryan - Sardarapat,https://www.youtube.com/watch?v=F1HBJndayyQ,https://img.youtube.com/vi/F1HBJndayyQ/maxresdefault.jpg,ClickedVideoListButton,PlayListButton-BC-VideoListButton-02,Section-D1a5-VideoList-BC,02. ??????,BC.02.,BC.02.,BC.02.,BC.02.,BC.02.,BC.02.,BC.02.,BC.02.,BC.02.,BC.02.
Section-D1a5-VideoList-BC,PlayListButton-BC-VideoListButton-03,03. KOHAR With Stars of Armenia - Ddmajazz,https://www.youtube.com/watch?v=hvz1pDSa4kk,https://img.youtube.com/vi/hvz1pDSa4kk/maxresdefault.jpg,ClickedVideoListButton,PlayListButton-BC-VideoListButton-03,Section-D1a5-VideoList-BC,03. ??????,BC.03.,BC.03.,BC.03.,BC.03.,BC.03.,BC.03.,BC.03.,BC.03.,BC.03.,BC.03.
Section-D1a5-VideoList-BC,PlayListButton-BC-VideoListButton-04,04. Ara Gevorgyan - Yerevan,https://www.youtube.com/watch?v=nCDGi21OVh4,https://img.youtube.com/vi/nCDGi21OVh4/maxresdefault.jpg,ClickedVideoListButton,PlayListButton-BC-VideoListButton-04,Section-D1a5-VideoList-BC,04. ??????,BC.04.,BC.04.,BC.04.,BC.04.,BC.04.,BC.04.,BC.04.,BC.04.,BC.04.,BC.04.
Section-D1a5-VideoList-BC,PlayListButton-BC-VideoListButton-05,05. Pink Martini - Ov Sirun Sirun,https://www.youtube.com/watch?v=OH1_ZM0yexw,https://img.youtube.com/vi/OH1_ZM0yexw/maxresdefault.jpg,ClickedVideoListButton,PlayListButton-BC-VideoListButton-05,Section-D1a5-VideoList-BC,05. ??????,BC.05.,BC.05.,BC.05.,BC.05.,BC.05.,BC.05.,BC.05.,BC.05.,BC.05.,BC.05.
Section-D1a5-VideoList-BC,PlayListButton-BC-VideoListButton-06,06. Vigen Hovsepyan - Kanchum Em Ari Ari,https://www.youtube.com/watch?v=C8WmXN_NVWo,https://img.youtube.com/vi/C8WmXN_NVWo/maxresdefault.jpg,ClickedVideoListButton,PlayListButton-BC-VideoListButton-06,Section-D1a5-VideoList-BC,06. ??????,BC.06.,BC.06.,BC.06.,BC.06.,BC.06.,BC.06.,BC.06.,BC.06.,BC.06.,BC.06.
Section-D1a5-VideoList-BC,PlayListButton-BC-VideoListButton-07,07. Vigen Hovsepyan - Gulo,https://www.youtube.com/watch?v=2c-OOnB5Pw8,https://img.youtube.com/vi/2c-OOnB5Pw8/maxresdefault.jpg,ClickedVideoListButton,PlayListButton-BC-VideoListButton-07,Section-D1a5-VideoList-BC,07. ??????,BC.07.,BC.07.,BC.07.,BC.07.,BC.07.,BC.07.,BC.07.,BC.07.,BC.07.,BC.07.
Section-D1a5-VideoList-BC,PlayListButton-BC-VideoListButton-08,08. Vigen Hovsepyan - Zulo (Komitas),https://www.youtube.com/watch?v=cOkMzy4Ie2M,https://img.youtube.com/vi/cOkMzy4Ie2M/maxresdefault.jpg,ClickedVideoListButton,PlayListButton-BC-VideoListButton-08,Section-D1a5-VideoList-BC,08. ??????,BC.08.,BC.08.,BC.08.,BC.08.,BC.08.,BC.08.,BC.08.,BC.08.,BC.08.,BC.08.
Section-D1a5-VideoList-BC,PlayListButton-BC-VideoListButton-09,09. Vigen Hovsepyan - El Ur,https://www.youtube.com/watch?v=NoQuhMjvw5w,https://img.youtube.com/vi/NoQuhMjvw5w/maxresdefault.jpg,ClickedVideoListButton,PlayListButton-BC-VideoListButton-09,Section-D1a5-VideoList-BC,09. ??????,BC.09.,BC.09.,BC.09.,BC.09.,BC.09.,BC.09.,BC.09.,BC.09.,BC.09.,BC.09.
Section-D1a5-VideoList-BC,PlayListButton-BC-VideoListButton-10,10. Vigen Hovsepyan - Tal Tala,https://www.youtube.com/watch?v=3_-YXvv8f8k,https://img.youtube.com/vi/3_-YXvv8f8k/maxresdefault.jpg,ClickedVideoListButton,PlayListButton-BC-VideoListButton-10,Section-D1a5-VideoList-BC,10. ??????,BC.10.,BC.10.,BC.10.,BC.10.,BC.10.,BC.10.,BC.10.,BC.10.,BC.10.,BC.10.
Section-D1a5-VideoList-BC,PlayListButton-BC-VideoListButton-11,11. Vigen Hovsepyan - Yerazi Im Yerkir,https://www.youtube.com/watch?v=HpWv2TMv_xE,https://img.youtube.com/vi/HpWv2TMv_xE/maxresdefault.jpg,ClickedVideoListButton,PlayListButton-BC-VideoListButton-11,Section-D1a5-VideoList-BC,11. ??????,BC.11.,BC.11.,BC.11.,BC.11.,BC.11.,BC.11.,BC.11.,BC.11.,BC.11.,BC.11.
Section-D1a5-VideoList-BC,PlayListButton-BC-VideoListButton-12,12. Vigen Hovsepyan & NemRoot Project - Kanchum Em Ari Ari,https://www.youtube.com/watch?v=F14eZgahp_k,https://img.youtube.com/vi/F14eZgahp_k/maxresdefault.jpg,ClickedVideoListButton,PlayListButton-BC-VideoListButton-12,Section-D1a5-VideoList-BC,12. ??????,BC.12.,BC.12.,BC.12.,BC.12.,BC.12.,BC.12.,BC.12.,BC.12.,BC.12.,BC.12.
Section-D1a5-VideoList-BC,PlayListButton-BC-VideoListButton-13,13. Hayat Project - Gtnim Yaris,https://www.youtube.com/watch?v=0uzCIB2BVEM,https://img.youtube.com/vi/0uzCIB2BVEM/maxresdefault.jpg,ClickedVideoListButton,PlayListButton-BC-VideoListButton-13,Section-D1a5-VideoList-BC,13. ??????,BC.13.,BC.13.,BC.13.,BC.13.,BC.13.,BC.13.,BC.13.,BC.13.,BC.13.,BC.13.
Section-D1a5-VideoList-BC,PlayListButton-BC-VideoListButton-14,14. Hayat Project - This is LOVE,https://www.youtube.com/watch?v=Dz1K-ZpOBW4,https://img.youtube.com/vi/Dz1K-ZpOBW4/maxresdefault.jpg,ClickedVideoListButton,PlayListButton-BC-VideoListButton-14,Section-D1a5-VideoList-BC,14. ??????,BC.14.,BC.14.,BC.14.,BC.14.,BC.14.,BC.14.,BC.14.,BC.14.,BC.14.,BC.14.
Section-D1a5-VideoList-BC,PlayListButton-BC-VideoListButton-15,"15. Hayat Project - Yes Ko Artsakhn Em, Du Im Hayastane",https://www.youtube.com/watch?v=u1Ztv_jp9Dw,https://img.youtube.com/vi/u1Ztv_jp9Dw/maxresdefault.jpg,ClickedVideoListButton,PlayListButton-BC-VideoListButton-15,Section-D1a5-VideoList-BC,15. ??????,BC.15.,BC.15.,BC.15.,BC.15.,BC.15.,BC.15.,BC.15.,BC.15.,BC.15.,BC.15.
Section-D1a5-VideoList-BC,PlayListButton-BC-VideoListButton-16,16. Ladaniva - Here's to you Ararat,https://www.youtube.com/watch?v=3_JwkSBzZqM,https://img.youtube.com/vi/3_JwkSBzZqM/maxresdefault.jpg,ClickedVideoListButton,PlayListButton-BC-VideoListButton-16,Section-D1a5-VideoList-BC,16. ??????,BC.16.,BC.16.,BC.16.,BC.16.,BC.16.,BC.16.,BC.16.,BC.16.,BC.16.,BC.16.
Section-D1a5-VideoList-BC,PlayListButton-BC-VideoListButton-17,17. KarenSevak Band & Zara Markosyan - Siro Husher,https://www.youtube.com/watch?v=4y3sTDEYVYU,https://img.youtube.com/vi/4y3sTDEYVYU/maxresdefault.jpg,ClickedVideoListButton,PlayListButton-BC-VideoListButton-17,Section-D1a5-VideoList-BC,17. ??????,BC.17.,BC.17.,BC.17.,BC.17.,BC.17.,BC.17.,BC.17.,BC.17.,BC.17.,BC.17.
Section-D1a5-VideoList-BC,PlayListButton-BC-VideoListButton-18,18. KarenSevak Band & Zara Markosyan - Yerevan,https://www.youtube.com/watch?v=1iyHp_8kO3k,https://img.youtube.com/vi/1iyHp_8kO3k/maxresdefault.jpg,ClickedVideoListButton,PlayListButton-BC-VideoListButton-18,Section-D1a5-VideoList-BC,18. ??????,BC.18.,BC.18.,BC.18.,BC.18.,BC.18.,BC.18.,BC.18.,BC.18.,BC.18.,BC.18.
Section-D1a5-VideoList-BC,PlayListButton-BC-VideoListButton-19,19. Tatev Asatryan - Tun Im Hayreni,https://www.youtube.com/watch?v=YDs9k797fAI,https://img.youtube.com/vi/YDs9k797fAI/maxresdefault.jpg,ClickedVideoListButton,PlayListButton-BC-VideoListButton-19,Section-D1a5-VideoList-BC,19. ??????,BC.19.,BC.19.,BC.19.,BC.19.,BC.19.,BC.19.,BC.19.,BC.19.,BC.19.,BC.19.
Section-D1a5-VideoList-BC,PlayListButton-BC-VideoListButton-20,20. Tatev Asatryan - Yerevans,https://www.youtube.com/watch?v=lntCSoPZWUo,https://img.youtube.com/vi/lntCSoPZWUo/maxresdefault.jpg,ClickedVideoListButton,PlayListButton-BC-VideoListButton-20,Section-D1a5-VideoList-BC,20. ??????,BC.20.,BC.20.,BC.20.,BC.20.,BC.20.,BC.20.,BC.20.,BC.20.,BC.20.,BC.20.
Section-D1a5-VideoList-BC,PlayListButton-BC-VideoListButton-21,"21. Narek Makaryan, Yeraz Im Yerkir Hayreni",https://www.youtube.com/watch?v=SWZm4oiqPb4,https://img.youtube.com/vi/SWZm4oiqPb4/maxresdefault.jpg,ClickedVideoListButton,PlayListButton-BC-VideoListButton-21,Section-D1a5-VideoList-BC,21. ??????,BC.21.,BC.21.,BC.21.,BC.21.,BC.21.,BC.21.,BC.21.,BC.21.,BC.21.,BC.21.
Section-D1a5-VideoList-BC,PlayListButton-BC-VideoListButton-22,22. Sofi Mkheyan - Leblebijineri Khmberge (Լեբլեբիջիների Խմբերգը),https://www.youtube.com/watch?v=sd_8-QzIQvY,https://img.youtube.com/vi/sd_8-QzIQvY/maxresdefault.jpg,ClickedVideoListButton,PlayListButton-BC-VideoListButton-22,Section-D1a5-VideoList-BC,22. ??????,BC.22.,BC.22.,BC.22.,BC.22.,BC.22.,BC.22.,BC.22.,BC.22.,BC.22.,BC.22.
Section-D1a5-VideoList-BC,PlayListButton-BC-VideoListButton-23,23. Razmik Amyan - Ashugh Razo,https://www.youtube.com/watch?v=QPWIBqcsFbA,https://img.youtube.com/vi/QPWIBqcsFbA/maxresdefault.jpg,ClickedVideoListButton,PlayListButton-BC-VideoListButton-23,Section-D1a5-VideoList-BC,23. ??????,BC.23.,BC.23.,BC.23.,BC.23.,BC.23.,BC.23.,BC.23.,BC.23.,BC.23.,BC.23.
Section-D1a5-VideoList-BC,PlayListButton-BC-VideoListButton-24,24. Arpi - Sari Sirun Yar,https://www.youtube.com/watch?v=1FM5f7Fe-Vg,https://img.youtube.com/vi/1FM5f7Fe-Vg/maxresdefault.jpg,ClickedVideoListButton,PlayListButton-BC-VideoListButton-24,Section-D1a5-VideoList-BC,24. ??????,BC.24.,BC.24.,BC.24.,BC.24.,BC.24.,BC.24.,BC.24.,BC.24.,BC.24.,BC.24.
Section-D1a5-VideoList-BC,PlayListButton-BC-VideoListButton-25,25. Arpi - Tzitiki Oror,https://www.youtube.com/watch?v=MYjfsds656E,https://img.youtube.com/vi/MYjfsds656E/maxresdefault.jpg,ClickedVideoListButton,PlayListButton-BC-VideoListButton-25,Section-D1a5-VideoList-BC,25. ??????,BC.25.,BC.25.,BC.25.,BC.25.,BC.25.,BC.25.,BC.25.,BC.25.,BC.25.,BC.25.
Section-D1a5-VideoList-BC,PlayListButton-BC-VideoListButton-26,26. Me Project - 10 Milion Hay,https://www.youtube.com/watch?v=uBFvCWYtSh4,https://img.youtube.com/vi/uBFvCWYtSh4/maxresdefault.jpg,ClickedVideoListButton,PlayListButton-BC-VideoListButton-26,Section-D1a5-VideoList-BC,26. ??????,BC.26.,BC.26.,BC.26.,BC.26.,BC.26.,BC.26.,BC.26.,BC.26.,BC.26.,BC.26.
Section-D1a5-VideoList-BC,PlayListButton-BC-VideoListButton-27,27. Arpa - Getashen,https://www.youtube.com/watch?v=fvdGDlq7l10,https://img.youtube.com/vi/fvdGDlq7l10/maxresdefault.jpg,ClickedVideoListButton,PlayListButton-BC-VideoListButton-27,Section-D1a5-VideoList-BC,27. ??????,BC.27.,BC.27.,BC.27.,BC.27.,BC.27.,BC.27.,BC.27.,BC.27.,BC.27.,BC.27.
Section-D1a5-VideoList-BC,PlayListButton-BC-VideoListButton-28,28. Lusine Zakarian - Ur Es Mayr Im,https://www.youtube.com/watch?v=5Jvj93gczrg,https://img.youtube.com/vi/5Jvj93gczrg/maxresdefault.jpg,ClickedVideoListButton,PlayListButton-BC-VideoListButton-28,Section-D1a5-VideoList-BC,28. ??????,BC.28.,BC.28.,BC.28.,BC.28.,BC.28.,BC.28.,BC.28.,BC.28.,BC.28.,BC.28.
Section-D1a5-VideoList-BC,PlayListButton-BC-VideoListButton-29,29. Various - Millions of Lives,https://www.youtube.com/watch?v=DEA_wIy48iI,https://img.youtube.com/vi/DEA_wIy48iI/maxresdefault.jpg,ClickedVideoListButton,PlayListButton-BC-VideoListButton-29,Section-D1a5-VideoList-BC,29. ??????,BC.29.,BC.29.,BC.29.,BC.29.,BC.29.,BC.29.,BC.29.,BC.29.,BC.29.,BC.29.
Section-D1a5-VideoList-BC,PlayListButton-BC-VideoListButton-30,"30. Hayat Project - Yes Ko Artsakhn Em, Du Im Hayastane",https://www.youtube.com/watch?v=YF8cEuBaabk,https://img.youtube.com/vi/YF8cEuBaabk/maxresdefault.jpg,ClickedVideoListButton,PlayListButton-BC-VideoListButton-30,Section-D1a5-VideoList-BC,30. ??????,BC.30.,BC.30.,BC.30.,BC.30.,BC.30.,BC.30.,BC.30.,BC.30.,BC.30.,BC.30.
Section-D1a5-VideoList-BC,PlayListButton-BC-VideoListButton-31,31. Vig Zartman - God Bless Armenia (feat. Amberd Dance Ensemble),https://www.youtube.com/watch?v=7wE1R0sFk98,https://img.youtube.com/vi/7wE1R0sFk98/maxresdefault.jpg,ClickedVideoListButton,PlayListButton-BC-VideoListButton-31,Section-D1a5-VideoList-BC,31. ??????,BC.31.,BC.31.,BC.31.,BC.31.,BC.31.,BC.31.,BC.31.,BC.31.,BC.31.,BC.31.
Section-D1a5-VideoList-BC,PlayListButton-BC-VideoListButton-32,32. BERT Dance Ensemble,https://www.youtube.com/watch?v=YljMXi9HARc,https://img.youtube.com/vi/YljMXi9HARc/maxresdefault.jpg,ClickedVideoListButton,PlayListButton-BC-VideoListButton-32,Section-D1a5-VideoList-BC,32. ??????,BC.32.,BC.32.,BC.32.,BC.32.,BC.32.,BC.32.,BC.32.,BC.32.,BC.32.,BC.32.
Section-D1a5-VideoList-BD,PlayListButton-BD-VideoListButton-01,01. Apo Sahagian & Arpi & DerHova - Hani Tani,https://www.youtube.com/watch?v=sxszPRJnG6I,https://img.youtube.com/vi/sxszPRJnG6I/maxresdefault.jpg,ClickedVideoListButton,PlayListButton-BD-VideoListButton-01,Section-D1a5-VideoList-BD,01. ??????,BD.01.,BD.01.,BD.01.,BD.01.,BD.01.,BD.01.,BD.01.,BD.01.,BD.01.,BD.01.
Section-D1a5-VideoList-BD,PlayListButton-BD-VideoListButton-02,02. Apo Sahagian & Ani Kharatyan - Karin Tak,https://www.youtube.com/watch?v=fM-AISkVOd8,https://img.youtube.com/vi/fM-AISkVOd8/maxresdefault.jpg,ClickedVideoListButton,PlayListButton-BD-VideoListButton-02,Section-D1a5-VideoList-BD,02. ??????,BD.02.,BD.02.,BD.02.,BD.02.,BD.02.,BD.02.,BD.02.,BD.02.,BD.02.,BD.02.
Section-D1a5-VideoList-BD,PlayListButton-BD-VideoListButton-03,03. Apo Sahagian & Arthur Khachents - Kyass Qiss,https://www.youtube.com/watch?v=s0vIULzMd-E,https://img.youtube.com/vi/s0vIULzMd-E/maxresdefault.jpg,ClickedVideoListButton,PlayListButton-BD-VideoListButton-03,Section-D1a5-VideoList-BD,03. ??????,BD.03.,BD.03.,BD.03.,BD.03.,BD.03.,BD.03.,BD.03.,BD.03.,BD.03.,BD.03.
Section-D1a5-VideoList-BD,PlayListButton-BD-VideoListButton-04,04. Ani Christy - Im Lrutyun,https://www.youtube.com/watch?v=lMN3SKvXD7w,https://img.youtube.com/vi/lMN3SKvXD7w/maxresdefault.jpg,ClickedVideoListButton,PlayListButton-BD-VideoListButton-04,Section-D1a5-VideoList-BD,04. ??????,BD.04.,BD.04.,BD.04.,BD.04.,BD.04.,BD.04.,BD.04.,BD.04.,BD.04.,BD.04.
Section-D1a5-VideoList-BD,PlayListButton-BD-VideoListButton-05,05. Ani Christy - Yerazum,https://www.youtube.com/watch?v=nUZg8p5XD-0,https://img.youtube.com/vi/nUZg8p5XD-0/maxresdefault.jpg,ClickedVideoListButton,PlayListButton-BD-VideoListButton-05,Section-D1a5-VideoList-BD,05. ??????,BD.05.,BD.05.,BD.05.,BD.05.,BD.05.,BD.05.,BD.05.,BD.05.,BD.05.,BD.05.
Section-D1a5-VideoList-BD,PlayListButton-BD-VideoListButton-06,06. Ani Christy - Im Lrutyun,https://www.youtube.com/watch?v=eRmZR4TfVu4,https://img.youtube.com/vi/eRmZR4TfVu4/maxresdefault.jpg,ClickedVideoListButton,PlayListButton-BD-VideoListButton-06,Section-D1a5-VideoList-BD,06. ??????,BD.06.,BD.06.,BD.06.,BD.06.,BD.06.,BD.06.,BD.06.,BD.06.,BD.06.,BD.06.
Section-D1a5-VideoList-BD,PlayListButton-BD-VideoListButton-07,07. Ani Christy - Norits,https://www.youtube.com/watch?v=j9g46NKAt9M,https://img.youtube.com/vi/j9g46NKAt9M/maxresdefault.jpg,ClickedVideoListButton,PlayListButton-BD-VideoListButton-07,Section-D1a5-VideoList-BD,07. ??????,BD.07.,BD.07.,BD.07.,BD.07.,BD.07.,BD.07.,BD.07.,BD.07.,BD.07.,BD.07.
Section-D1a5-VideoList-BD,PlayListButton-BD-VideoListButton-08,08. Ani Christy - Ov Em Yes,https://www.youtube.com/watch?v=m1947qe1vWM,https://img.youtube.com/vi/m1947qe1vWM/maxresdefault.jpg,ClickedVideoListButton,PlayListButton-BD-VideoListButton-08,Section-D1a5-VideoList-BD,08. ??????,BD.08.,BD.08.,BD.08.,BD.08.,BD.08.,BD.08.,BD.08.,BD.08.,BD.08.,BD.08.
Section-D1a5-VideoList-BD,PlayListButton-BD-VideoListButton-09,09. PROJECT LA - Veradardz,https://www.youtube.com/watch?v=13qM5834x8w,https://img.youtube.com/vi/13qM5834x8w/maxresdefault.jpg,ClickedVideoListButton,PlayListButton-BD-VideoListButton-09,Section-D1a5-VideoList-BD,09. ??????,BD.09.,BD.09.,BD.09.,BD.09.,BD.09.,BD.09.,BD.09.,BD.09.,BD.09.,BD.09.
Section-D1a5-VideoList-BD,PlayListButton-BD-VideoListButton-10,10. PROJECT LA - Ashnan Meghedi,https://www.youtube.com/watch?v=S1mTdneL0a0,https://img.youtube.com/vi/S1mTdneL0a0/maxresdefault.jpg,ClickedVideoListButton,PlayListButton-BD-VideoListButton-10,Section-D1a5-VideoList-BD,10. ??????,BD.10.,BD.10.,BD.10.,BD.10.,BD.10.,BD.10.,BD.10.,BD.10.,BD.10.,BD.10.
Section-D1a5-VideoList-BD,PlayListButton-BD-VideoListButton-11,11. Armo - Ush E Hima,https://www.youtube.com/watch?v=g70AIDha47E,https://img.youtube.com/vi/g70AIDha47E/maxresdefault.jpg,ClickedVideoListButton,PlayListButton-BD-VideoListButton-11,Section-D1a5-VideoList-BD,11. ??????,BD.11.,BD.11.,BD.11.,BD.11.,BD.11.,BD.11.,BD.11.,BD.11.,BD.11.,BD.11.
Section-D1a5-VideoList-BD,PlayListButton-BD-VideoListButton-12,12. Masha Mnjoyan - Yes Qonn Em,https://www.youtube.com/watch?v=pZ-AQxJin2o,https://img.youtube.com/vi/pZ-AQxJin2o/maxresdefault.jpg,ClickedVideoListButton,PlayListButton-BD-VideoListButton-12,Section-D1a5-VideoList-BD,12. ??????,BD.12.,BD.12.,BD.12.,BD.12.,BD.12.,BD.12.,BD.12.,BD.12.,BD.12.,BD.12.
Section-D1a5-VideoList-BD,PlayListButton-BD-VideoListButton-13,13. Sofi Mkheyan - Khorotik Morotik (feat. Vigen Hovsepyan & DerHova),https://www.youtube.com/watch?v=aTZVXgApNnQ,https://img.youtube.com/vi/aTZVXgApNnQ/maxresdefault.jpg,ClickedVideoListButton,PlayListButton-BD-VideoListButton-13,Section-D1a5-VideoList-BD,13. ??????,BD.13.,BD.13.,BD.13.,BD.13.,BD.13.,BD.13.,BD.13.,BD.13.,BD.13.,BD.13.
Section-D1a5-VideoList-BD,PlayListButton-BD-VideoListButton-14,14. Sofi Mkheyan - Mi Qich (feat. Vigen Hovsepyan),https://www.youtube.com/watch?v=C2TtWaNN1P0,https://img.youtube.com/vi/C2TtWaNN1P0/maxresdefault.jpg,ClickedVideoListButton,PlayListButton-BD-VideoListButton-14,Section-D1a5-VideoList-BD,14. ??????,BD.14.,BD.14.,BD.14.,BD.14.,BD.14.,BD.14.,BD.14.,BD.14.,BD.14.,BD.14.
Section-D1a5-VideoList-BD,PlayListButton-BD-VideoListButton-15,15. Sofi Mkheyan - Gna Galis Em,https://www.youtube.com/watch?v=nSxjdtFjGts,https://img.youtube.com/vi/nSxjdtFjGts/maxresdefault.jpg,ClickedVideoListButton,PlayListButton-BD-VideoListButton-15,Section-D1a5-VideoList-BD,15. ??????,BD.15.,BD.15.,BD.15.,BD.15.,BD.15.,BD.15.,BD.15.,BD.15.,BD.15.,BD.15.
Section-D1a5-VideoList-BD,PlayListButton-BD-VideoListButton-16,16. Razmik Amyan - Chuni Ashkharhe Qez Nman,https://www.youtube.com/watch?v=CH4-9UAFqAM,https://img.youtube.com/vi/CH4-9UAFqAM/maxresdefault.jpg,ClickedVideoListButton,PlayListButton-BD-VideoListButton-16,Section-D1a5-VideoList-BD,16. ??????,BD.16.,BD.16.,BD.16.,BD.16.,BD.16.,BD.16.,BD.16.,BD.16.,BD.16.,BD.16.
Section-D1a5-VideoList-BD,PlayListButton-BD-VideoListButton-17,17. Zaruhi Babayan - Vonts Dimanam (feat. Felo 3.33),https://www.youtube.com/watch?v=vSDz53-A0qo,https://img.youtube.com/vi/vSDz53-A0qo/maxresdefault.jpg,ClickedVideoListButton,PlayListButton-BD-VideoListButton-17,Section-D1a5-VideoList-BD,17. ??????,BD.17.,BD.17.,BD.17.,BD.17.,BD.17.,BD.17.,BD.17.,BD.17.,BD.17.,BD.17.
Section-D1a5-VideoList-BD,PlayListButton-BD-VideoListButton-18,18. Nerses Avetisyan - Ser,https://www.youtube.com/watch?v=wTCC505TxOg,https://img.youtube.com/vi/wTCC505TxOg/maxresdefault.jpg,ClickedVideoListButton,PlayListButton-BD-VideoListButton-18,Section-D1a5-VideoList-BD,18. ??????,BD.18.,BD.18.,BD.18.,BD.18.,BD.18.,BD.18.,BD.18.,BD.18.,BD.18.,BD.18.
Section-D1a5-VideoList-BD,PlayListButton-BD-VideoListButton-19,19. Eleven Green - Takanq,https://www.youtube.com/watch?v=p2FLWpW6Sqg,https://img.youtube.com/vi/p2FLWpW6Sqg/maxresdefault.jpg,ClickedVideoListButton,PlayListButton-BD-VideoListButton-19,Section-D1a5-VideoList-BD,19. ??????,BD.19.,BD.19.,BD.19.,BD.19.,BD.19.,BD.19.,BD.19.,BD.19.,BD.19.,BD.19.
Section-D1a5-VideoList-BD,PlayListButton-BD-VideoListButton-20,20. Sirusho - Erotas,https://www.youtube.com/watch?v=NkghpZSyr24,https://img.youtube.com/vi/NkghpZSyr24/maxresdefault.jpg,ClickedVideoListButton,PlayListButton-BD-VideoListButton-20,Section-D1a5-VideoList-BD,20. ??????,BD.20.,BD.20.,BD.20.,BD.20.,BD.20.,BD.20.,BD.20.,BD.20.,BD.20.,BD.20.
Section-D1a5-VideoList-BD,PlayListButton-BD-VideoListButton-21,21. Sirusho - Vuy Aman (feat. Sebu (Capital Cities)),https://www.youtube.com/watch?v=bZOQpdrwTnU,https://img.youtube.com/vi/bZOQpdrwTnU/maxresdefault.jpg,ClickedVideoListButton,PlayListButton-BD-VideoListButton-21,Section-D1a5-VideoList-BD,21. ??????,BD.21.,BD.21.,BD.21.,BD.21.,BD.21.,BD.21.,BD.21.,BD.21.,BD.21.,BD.21.
Section-D1a5-VideoList-BD,PlayListButton-BD-VideoListButton-22,22. Rana Mansour - Yeraz,https://www.youtube.com/watch?v=JlQaL_mhVXE,https://img.youtube.com/vi/JlQaL_mhVXE/maxresdefault.jpg,ClickedVideoListButton,PlayListButton-BD-VideoListButton-22,Section-D1a5-VideoList-BD,22. ??????,BD.22.,BD.22.,BD.22.,BD.22.,BD.22.,BD.22.,BD.22.,BD.22.,BD.22.,BD.22.
Section-D1a5-VideoList-BD,PlayListButton-BD-VideoListButton-23,23. Lilit Pipoyan - Mi Lar,https://www.youtube.com/watch?v=Xtg8vHn5jrM,https://img.youtube.com/vi/Xtg8vHn5jrM/maxresdefault.jpg,ClickedVideoListButton,PlayListButton-BD-VideoListButton-23,Section-D1a5-VideoList-BD,23. ??????,BD.23.,BD.23.,BD.23.,BD.23.,BD.23.,BD.23.,BD.23.,BD.23.,BD.23.,BD.23.
Section-D1a5-VideoList-BD,PlayListButton-BD-VideoListButton-24,24. Maria Amirkhanian - Aynpes Uzum Em,https://www.youtube.com/watch?v=s85aScJzKWw,https://img.youtube.com/vi/s85aScJzKWw/maxresdefault.jpg,ClickedVideoListButton,PlayListButton-BD-VideoListButton-24,Section-D1a5-VideoList-BD,24. ??????,BD.24.,BD.24.,BD.24.,BD.24.,BD.24.,BD.24.,BD.24.,BD.24.,BD.24.,BD.24.
Section-D1a5-VideoList-BD,PlayListButton-BD-VideoListButton-25,25. Maria Amirkhanian - Du Inchpes Mi Astgh,https://www.youtube.com/watch?v=xHK2cFomn5Q,https://img.youtube.com/vi/xHK2cFomn5Q/maxresdefault.jpg,ClickedVideoListButton,PlayListButton-BD-VideoListButton-25,Section-D1a5-VideoList-BD,25. ??????,BD.25.,BD.25.,BD.25.,BD.25.,BD.25.,BD.25.,BD.25.,BD.25.,BD.25.,BD.25.
Section-D1a5-VideoList-BD,PlayListButton-BD-VideoListButton-26,26. Maria Amirkhanian - Du Im Yergn Es,https://www.youtube.com/watch?v=W89qOYGN13k,https://img.youtube.com/vi/W89qOYGN13k/maxresdefault.jpg,ClickedVideoListButton,PlayListButton-BD-VideoListButton-26,Section-D1a5-VideoList-BD,26. ??????,BD.26.,BD.26.,BD.26.,BD.26.,BD.26.,BD.26.,BD.26.,BD.26.,BD.26.,BD.26.
Section-D1a5-VideoList-BD,PlayListButton-BD-VideoListButton-27,27. Maria Amirkhanian - Baleni,https://www.youtube.com/watch?v=DsGGJkrEYNw,https://img.youtube.com/vi/DsGGJkrEYNw/maxresdefault.jpg,ClickedVideoListButton,PlayListButton-BD-VideoListButton-27,Section-D1a5-VideoList-BD,27. ??????,BD.27.,BD.27.,BD.27.,BD.27.,BD.27.,BD.27.,BD.27.,BD.27.,BD.27.,BD.27.
Section-D1a5-VideoList-BD,PlayListButton-BD-VideoListButton-28,28. Arpi Alto - Hamayak,https://www.youtube.com/watch?v=thcP6zYseKU,https://img.youtube.com/vi/thcP6zYseKU/maxresdefault.jpg,ClickedVideoListButton,PlayListButton-BD-VideoListButton-28,Section-D1a5-VideoList-BD,28. ??????,BD.28.,BD.28.,BD.28.,BD.28.,BD.28.,BD.28.,BD.28.,BD.28.,BD.28.,BD.28.
Section-D1a5-VideoList-BD,PlayListButton-BD-VideoListButton-29,29. Arpi Alto - Sareri Hovin Mernem,https://www.youtube.com/watch?v=zFCawv_8OOc,https://img.youtube.com/vi/zFCawv_8OOc/maxresdefault.jpg,ClickedVideoListButton,PlayListButton-BD-VideoListButton-29,Section-D1a5-VideoList-BD,29. ??????,BD.29.,BD.29.,BD.29.,BD.29.,BD.29.,BD.29.,BD.29.,BD.29.,BD.29.,BD.29.
Section-D1a5-VideoList-BD,PlayListButton-BD-VideoListButton-30,30. Arpi Alto - Im Sokhak,https://www.youtube.com/watch?v=F-3q60ziHHQ,https://img.youtube.com/vi/F-3q60ziHHQ/maxresdefault.jpg,ClickedVideoListButton,PlayListButton-BD-VideoListButton-30,Section-D1a5-VideoList-BD,30. ??????,BD.30.,BD.30.,BD.30.,BD.30.,BD.30.,BD.30.,BD.30.,BD.30.,BD.30.,BD.30.
Section-D1a5-VideoList-BD,PlayListButton-BD-VideoListButton-31,31. Vigen Hovsepyan - Viente Años,https://www.youtube.com/watch?v=iwJc9xi-Bh4,https://img.youtube.com/vi/iwJc9xi-Bh4/maxresdefault.jpg,ClickedVideoListButton,PlayListButton-BD-VideoListButton-31,Section-D1a5-VideoList-BD,31. ??????,BD.31.,BD.31.,BD.31.,BD.31.,BD.31.,BD.31.,BD.31.,BD.31.,BD.31.,BD.31.
Section-D1a5-VideoList-BD,PlayListButton-BD-VideoListButton-32,32. Vigen Hovsepyan & D.A.V. Project,https://www.youtube.com/watch?v=eB1xIRkaERI,https://img.youtube.com/vi/eB1xIRkaERI/maxresdefault.jpg,ClickedVideoListButton,PlayListButton-BD-VideoListButton-32,Section-D1a5-VideoList-BD,32. ??????,BD.32.,BD.32.,BD.32.,BD.32.,BD.32.,BD.32.,BD.32.,BD.32.,BD.32.,BD.32.
Section-D1a5-VideoList-BD,PlayListButton-BD-VideoListButton-33,33. Serjo - Vaspurakan,https://www.youtube.com/watch?v=dgpi5Urzhxs,https://img.youtube.com/vi/dgpi5Urzhxs/maxresdefault.jpg,ClickedVideoListButton,PlayListButton-BD-VideoListButton-33,Section-D1a5-VideoList-BD,33. ??????,BD.33.,BD.33.,BD.33.,BD.33.,BD.33.,BD.33.,BD.33.,BD.33.,BD.33.,BD.33.
Section-D1a5-VideoList-BD,PlayListButton-BD-VideoListButton-34,34. Misho & Emmy - Mut A,https://www.youtube.com/watch?v=FvEb-gS-cho,https://img.youtube.com/vi/FvEb-gS-cho/maxresdefault.jpg,ClickedVideoListButton,PlayListButton-BD-VideoListButton-34,Section-D1a5-VideoList-BD,34. ??????,BD.34.,BD.34.,BD.34.,BD.34.,BD.34.,BD.34.,BD.34.,BD.34.,BD.34.,BD.34.
Section-D1a5-VideoList-BD,PlayListButton-BD-VideoListButton-35,35. Misho - Qo Hamar,https://www.youtube.com/watch?v=rXHzOISfgr8,https://img.youtube.com/vi/rXHzOISfgr8/maxresdefault.jpg,ClickedVideoListButton,PlayListButton-BD-VideoListButton-35,Section-D1a5-VideoList-BD,35. ??????,BD.35.,BD.35.,BD.35.,BD.35.,BD.35.,BD.35.,BD.35.,BD.35.,BD.35.,BD.35.
Section-D1a5-VideoList-BD,PlayListButton-BD-VideoListButton-36,36. Misho - U Klini,https://www.youtube.com/watch?v=hwHh_V8P3Zg,https://img.youtube.com/vi/hwHh_V8P3Zg/maxresdefault.jpg,ClickedVideoListButton,PlayListButton-BD-VideoListButton-36,Section-D1a5-VideoList-BD,36. ??????,BD.36.,BD.36.,BD.36.,BD.36.,BD.36.,BD.36.,BD.36.,BD.36.,BD.36.,BD.36.
Section-D1a5-VideoList-BD,PlayListButton-BD-VideoListButton-37,37. Narek (Mets Hayq) - Born In Armenia (feat. HT Hayko),https://www.youtube.com/watch?v=4XdiYmkUewk,https://img.youtube.com/vi/4XdiYmkUewk/maxresdefault.jpg,ClickedVideoListButton,PlayListButton-BD-VideoListButton-37,Section-D1a5-VideoList-BD,37. ??????,BD.37.,BD.37.,BD.37.,BD.37.,BD.37.,BD.37.,BD.37.,BD.37.,BD.37.,BD.37.
Section-D1a5-VideoList-BD,PlayListButton-BD-VideoListButton-38,38. H.A.Y.Q. - Qami Pchi,https://www.youtube.com/watch?v=BBVormp60N0,https://img.youtube.com/vi/BBVormp60N0/maxresdefault.jpg,ClickedVideoListButton,PlayListButton-BD-VideoListButton-38,Section-D1a5-VideoList-BD,38. ??????,BD.38.,BD.38.,BD.38.,BD.38.,BD.38.,BD.38.,BD.38.,BD.38.,BD.38.,BD.38.
Section-D1a5-VideoList-BD,PlayListButton-BD-VideoListButton-39,39. HT Hayko - Siro Hasak,https://www.youtube.com/watch?v=vMChFCNwWvE,https://img.youtube.com/vi/vMChFCNwWvE/maxresdefault.jpg,ClickedVideoListButton,PlayListButton-BD-VideoListButton-39,Section-D1a5-VideoList-BD,39. ??????,BD.39.,BD.39.,BD.39.,BD.39.,BD.39.,BD.39.,BD.39.,BD.39.,BD.39.,BD.39.
Section-D1a5-VideoList-BD,PlayListButton-BD-VideoListButton-40,40. HT Hayko - Taxi,https://www.youtube.com/watch?v=FEzOgs5tWyY,https://img.youtube.com/vi/FEzOgs5tWyY/maxresdefault.jpg,ClickedVideoListButton,PlayListButton-BD-VideoListButton-40,Section-D1a5-VideoList-BD,40. ??????,BD.40.,BD.40.,BD.40.,BD.40.,BD.40.,BD.40.,BD.40.,BD.40.,BD.40.,BD.40.
Section-D1a5-VideoList-BD,PlayListButton-BD-VideoListButton-41,41. HT Hayko - Antsats Etap,https://www.youtube.com/watch?v=RFiOZvaWW0M,https://img.youtube.com/vi/RFiOZvaWW0M/maxresdefault.jpg,ClickedVideoListButton,PlayListButton-BD-VideoListButton-41,Section-D1a5-VideoList-BD,41. ??????,BD.41.,BD.41.,BD.41.,BD.41.,BD.41.,BD.41.,BD.41.,BD.41.,BD.41.,BD.41.
Section-D1a5-VideoList-BD,PlayListButton-BD-VideoListButton-42,42. HT Hayko - Qochari,https://www.youtube.com/watch?v=HDzGOs_0bsI,https://img.youtube.com/vi/HDzGOs_0bsI/maxresdefault.jpg,ClickedVideoListButton,PlayListButton-BD-VideoListButton-42,Section-D1a5-VideoList-BD,42. ??????,BD.42.,BD.42.,BD.42.,BD.42.,BD.42.,BD.42.,BD.42.,BD.42.,BD.42.,BD.42.
Section-D1a5-VideoList-BD,PlayListButton-BD-VideoListButton-43,43. HT Hayko - Yes Hognel Em (feat. David Badalyan),https://www.youtube.com/watch?v=SA8Q4svDrFk,https://img.youtube.com/vi/SA8Q4svDrFk/maxresdefault.jpg,ClickedVideoListButton,PlayListButton-BD-VideoListButton-43,Section-D1a5-VideoList-BD,43. ??????,BD.43.,BD.43.,BD.43.,BD.43.,BD.43.,BD.43.,BD.43.,BD.43.,BD.43.,BD.43.
Section-D1a5-VideoList-BE,PlayListButton-BE-VideoListButton-01,01. Miqayel Voskanyan & Friends (MVF Band) - Mokats Shuken,https://www.youtube.com/watch?v=1hKgT05JCJQ,https://img.youtube.com/vi/1hKgT05JCJQ/maxresdefault.jpg,ClickedVideoListButton,PlayListButton-BE-VideoListButton-01,Section-D1a5-VideoList-BE,01. ??????,BE.01.,BE.01.,BE.01.,BE.01.,BE.01.,BE.01.,BE.01.,BE.01.,BE.01.,BE.01.
Section-D1a5-VideoList-BE,PlayListButton-BE-VideoListButton-02,02. Arni Rock - Drdo (feat. Miqayel Voskanyan),https://www.youtube.com/watch?v=EGI-7IxeoyQ,https://img.youtube.com/vi/EGI-7IxeoyQ/maxresdefault.jpg,ClickedVideoListButton,PlayListButton-BE-VideoListButton-02,Section-D1a5-VideoList-BE,02. ??????,BE.02.,BE.02.,BE.02.,BE.02.,BE.02.,BE.02.,BE.02.,BE.02.,BE.02.,BE.02.
Section-D1a5-VideoList-BE,PlayListButton-BE-VideoListButton-03,03. DJ Donz - EthnogroovE (feat. Miqayel Voskanyan),https://www.youtube.com/watch?v=aDmPYim57b0,https://img.youtube.com/vi/aDmPYim57b0/maxresdefault.jpg,ClickedVideoListButton,PlayListButton-BE-VideoListButton-03,Section-D1a5-VideoList-BE,03. ??????,BE.03.,BE.03.,BE.03.,BE.03.,BE.03.,BE.03.,BE.03.,BE.03.,BE.03.,BE.03.
Section-D1a5-VideoList-BE,PlayListButton-BE-VideoListButton-04,04. Miqayel Voskanyan - Ne me quitte pas,https://www.youtube.com/watch?v=5WgAPvSXWwA,https://img.youtube.com/vi/5WgAPvSXWwA/maxresdefault.jpg,ClickedVideoListButton,PlayListButton-BE-VideoListButton-04,Section-D1a5-VideoList-BE,04. ??????,BE.04.,BE.04.,BE.04.,BE.04.,BE.04.,BE.04.,BE.04.,BE.04.,BE.04.,BE.04.
Section-D1a5-VideoList-BE,PlayListButton-BE-VideoListButton-05,05. Miqayel Voskanyan & Friends (MVF Band) - Awakening (feat. Hover ... Choir),https://www.youtube.com/watch?v=CqoKvX8A5CM,https://img.youtube.com/vi/CqoKvX8A5CM/maxresdefault.jpg,ClickedVideoListButton,PlayListButton-BE-VideoListButton-05,Section-D1a5-VideoList-BE,05. ??????,BE.05.,BE.05.,BE.05.,BE.05.,BE.05.,BE.05.,BE.05.,BE.05.,BE.05.,BE.05.
Section-D1a5-VideoList-BE,PlayListButton-BE-VideoListButton-06,06. Miqayel Voskanyan & Friends (MVF Band) - Flirt (feat. DJ Beatman),https://www.youtube.com/watch?v=hbNR1xradI0,https://img.youtube.com/vi/hbNR1xradI0/maxresdefault.jpg,ClickedVideoListButton,PlayListButton-BE-VideoListButton-06,Section-D1a5-VideoList-BE,06. ??????,BE.06.,BE.06.,BE.06.,BE.06.,BE.06.,BE.06.,BE.06.,BE.06.,BE.06.,BE.06.
Section-D1a5-VideoList-BE,PlayListButton-BE-VideoListButton-07,07. Miqayel Voskanyan & Friends (MVF Band) - Makhmur Aghjik,https://www.youtube.com/watch?v=WduBmvueWlc,https://img.youtube.com/vi/WduBmvueWlc/maxresdefault.jpg,ClickedVideoListButton,PlayListButton-BE-VideoListButton-07,Section-D1a5-VideoList-BE,07. ??????,BE.07.,BE.07.,BE.07.,BE.07.,BE.07.,BE.07.,BE.07.,BE.07.,BE.07.,BE.07.
Section-D1a5-VideoList-BE,PlayListButton-BE-VideoListButton-08,08. Miqayel Voskanyan & Friends (MVF Band) - Sari Aghchik,https://www.youtube.com/watch?v=k9G5E1_ww3c,https://img.youtube.com/vi/k9G5E1_ww3c/maxresdefault.jpg,ClickedVideoListButton,PlayListButton-BE-VideoListButton-08,Section-D1a5-VideoList-BE,08. ??????,BE.08.,BE.08.,BE.08.,BE.08.,BE.08.,BE.08.,BE.08.,BE.08.,BE.08.,BE.08.
Section-D1a5-VideoList-BE,PlayListButton-BE-VideoListButton-09,09. Miqayel Voskanyan & Friends (MVF Band) - Sunrise (feat. Hover ... Choir),https://www.youtube.com/watch?v=Yvu7x8HdnA0,https://img.youtube.com/vi/Yvu7x8HdnA0/maxresdefault.jpg,ClickedVideoListButton,PlayListButton-BE-VideoListButton-09,Section-D1a5-VideoList-BE,09. ??????,BE.09.,BE.09.,BE.09.,BE.09.,BE.09.,BE.09.,BE.09.,BE.09.,BE.09.,BE.09.
Section-D1a5-VideoList-BE,PlayListButton-BE-VideoListButton-10,10. Miqayel Voskanyan & Friends (MVF Band) - Tonatsar (feat. Jazzel),https://www.youtube.com/watch?v=-d1g6XyHBrA,https://img.youtube.com/vi/-d1g6XyHBrA/maxresdefault.jpg,ClickedVideoListButton,PlayListButton-BE-VideoListButton-10,Section-D1a5-VideoList-BE,10. ??????,BE.10.,BE.10.,BE.10.,BE.10.,BE.10.,BE.10.,BE.10.,BE.10.,BE.10.,BE.10.
Section-D1a5-VideoList-BE,PlayListButton-BE-VideoListButton-11,11. Miqayel Voskanyan & Friends (MVF Band) - Zoma Zoma (Komitas),https://www.youtube.com/watch?v=yIMbxj-p0hA,https://img.youtube.com/vi/yIMbxj-p0hA/maxresdefault.jpg,ClickedVideoListButton,PlayListButton-BE-VideoListButton-11,Section-D1a5-VideoList-BE,11. ??????,BE.11.,BE.11.,BE.11.,BE.11.,BE.11.,BE.11.,BE.11.,BE.11.,BE.11.,BE.11.
Section-D1a5-VideoList-BE,PlayListButton-BE-VideoListButton-12,12. Miqayel Voskanyan & Friends (MVF Band) - The Dance of Insomnia,https://www.youtube.com/watch?v=JEHo6L1Vnf8,https://img.youtube.com/vi/JEHo6L1Vnf8/maxresdefault.jpg,ClickedVideoListButton,PlayListButton-BE-VideoListButton-12,Section-D1a5-VideoList-BE,12. ??????,BE.12.,BE.12.,BE.12.,BE.12.,BE.12.,BE.12.,BE.12.,BE.12.,BE.12.,BE.12.
Section-D1a5-VideoList-BE,PlayListButton-BE-VideoListButton-13,13. Amiryan Mish - Music Heals My Soul,https://www.youtube.com/watch?v=qJhAmret5-0,https://img.youtube.com/vi/qJhAmret5-0/maxresdefault.jpg,ClickedVideoListButton,PlayListButton-BE-VideoListButton-13,Section-D1a5-VideoList-BE,13. ??????,BE.13.,BE.13.,BE.13.,BE.13.,BE.13.,BE.13.,BE.13.,BE.13.,BE.13.,BE.13.
Section-D1a5-VideoList-BE,PlayListButton-BE-VideoListButton-14,14. Raff Harutyunyan - Yerevan,https://www.youtube.com/watch?v=-Zn4HvRgy-c,https://img.youtube.com/vi/-Zn4HvRgy-c/maxresdefault.jpg,ClickedVideoListButton,PlayListButton-BE-VideoListButton-14,Section-D1a5-VideoList-BE,14. ??????,BE.14.,BE.14.,BE.14.,BE.14.,BE.14.,BE.14.,BE.14.,BE.14.,BE.14.,BE.14.
Section-D1a5-VideoList-BE,PlayListButton-BE-VideoListButton-15,15. yellowheart - Hangist (feat. D'Litte),https://www.youtube.com/watch?v=-95INDl-uAY,https://img.youtube.com/vi/-95INDl-uAY/maxresdefault.jpg,ClickedVideoListButton,PlayListButton-BE-VideoListButton-15,Section-D1a5-VideoList-BE,15. ??????,BE.15.,BE.15.,BE.15.,BE.15.,BE.15.,BE.15.,BE.15.,BE.15.,BE.15.,BE.15.
Section-D1a5-VideoList-BE,PlayListButton-BE-VideoListButton-16,16. yellowheart - Oosh Klini,https://www.youtube.com/watch?v=tE1_715Z5Mg,https://img.youtube.com/vi/tE1_715Z5Mg/maxresdefault.jpg,ClickedVideoListButton,PlayListButton-BE-VideoListButton-16,Section-D1a5-VideoList-BE,16. ??????,BE.16.,BE.16.,BE.16.,BE.16.,BE.16.,BE.16.,BE.16.,BE.16.,BE.16.,BE.16.
Section-D1a5-VideoList-BE,PlayListButton-BE-VideoListButton-17,17. yellowheart - Vardaguyn (feat. Rosa Linn),https://www.youtube.com/watch?v=2cGqZM7FRh0,https://img.youtube.com/vi/2cGqZM7FRh0/maxresdefault.jpg,ClickedVideoListButton,PlayListButton-BE-VideoListButton-17,Section-D1a5-VideoList-BE,17. ??????,BE.17.,BE.17.,BE.17.,BE.17.,BE.17.,BE.17.,BE.17.,BE.17.,BE.17.,BE.17.
Section-D1a5-VideoList-BE,PlayListButton-BE-VideoListButton-18,18. D'Litte - Axjik Chxjik,https://www.youtube.com/watch?v=BBt87hIo_T4,https://img.youtube.com/vi/BBt87hIo_T4/maxresdefault.jpg,ClickedVideoListButton,PlayListButton-BE-VideoListButton-18,Section-D1a5-VideoList-BE,18. ??????,BE.18.,BE.18.,BE.18.,BE.18.,BE.18.,BE.18.,BE.18.,BE.18.,BE.18.,BE.18.
Section-D1a5-VideoList-BE,PlayListButton-BE-VideoListButton-19,"19. D'Litte - Tsar (feat. x gorgeouz beats, Areg Mkhoyan)",https://www.youtube.com/watch?v=hK_yv5xgTMc,https://img.youtube.com/vi/hK_yv5xgTMc/maxresdefault.jpg,ClickedVideoListButton,PlayListButton-BE-VideoListButton-19,Section-D1a5-VideoList-BE,19. ??????,BE.19.,BE.19.,BE.19.,BE.19.,BE.19.,BE.19.,BE.19.,BE.19.,BE.19.,BE.19.
Section-D1a5-VideoList-BE,PlayListButton-BE-VideoListButton-20,20. D'Litte - Tun (feat. Enomenal),https://www.youtube.com/watch?v=XtbnP9OGG-Y,https://img.youtube.com/vi/XtbnP9OGG-Y/maxresdefault.jpg,ClickedVideoListButton,PlayListButton-BE-VideoListButton-20,Section-D1a5-VideoList-BE,20. ??????,BE.20.,BE.20.,BE.20.,BE.20.,BE.20.,BE.20.,BE.20.,BE.20.,BE.20.,BE.20.
Section-D1a5-VideoList-BE,PlayListButton-BE-VideoListButton-21,21. Brunette - Gisher,https://www.youtube.com/watch?v=FFfTuCz93jY,https://img.youtube.com/vi/FFfTuCz93jY/maxresdefault.jpg,ClickedVideoListButton,PlayListButton-BE-VideoListButton-21,Section-D1a5-VideoList-BE,21. ??????,BE.21.,BE.21.,BE.21.,BE.21.,BE.21.,BE.21.,BE.21.,BE.21.,BE.21.,BE.21.
Section-D1a5-VideoList-BE,PlayListButton-BE-VideoListButton-22,22. Floyd Artak Knyazyan - Khelagar Ser - (feat. Ruzan Knyazyan),https://www.youtube.com/watch?v=foMjNIer8aE,https://img.youtube.com/vi/foMjNIer8aE/maxresdefault.jpg,ClickedVideoListButton,PlayListButton-BE-VideoListButton-22,Section-D1a5-VideoList-BE,22. ??????,BE.22.,BE.22.,BE.22.,BE.22.,BE.22.,BE.22.,BE.22.,BE.22.,BE.22.,BE.22.
Section-D1a5-VideoList-BE,PlayListButton-BE-VideoListButton-23,23. Floyd Artak Knyazyan - Masterpiece,https://www.youtube.com/watch?v=djLQgkFznbA,https://img.youtube.com/vi/djLQgkFznbA/maxresdefault.jpg,ClickedVideoListButton,PlayListButton-BE-VideoListButton-23,Section-D1a5-VideoList-BE,23. ??????,BE.23.,BE.23.,BE.23.,BE.23.,BE.23.,BE.23.,BE.23.,BE.23.,BE.23.,BE.23.
Section-D1a5-VideoList-BE,PlayListButton-BE-VideoListButton-24,"24. Floyd Artak Knyazyan - Menk Kgank - (feat. Roubina, Sona, Nona, Luiza, Elen)",https://www.youtube.com/watch?v=N1l7EfG_198,https://img.youtube.com/vi/N1l7EfG_198/maxresdefault.jpg,ClickedVideoListButton,PlayListButton-BE-VideoListButton-24,Section-D1a5-VideoList-BE,24. ??????,BE.24.,BE.24.,BE.24.,BE.24.,BE.24.,BE.24.,BE.24.,BE.24.,BE.24.,BE.24.
Section-D1a5-VideoList-BE,PlayListButton-BE-VideoListButton-25,25. Floyd Artak Knyazyan - Take Me Back - (feat. Roubina Arakelyan),https://www.youtube.com/watch?v=XTsN4K8yzMU,https://img.youtube.com/vi/XTsN4K8yzMU/maxresdefault.jpg,ClickedVideoListButton,PlayListButton-BE-VideoListButton-25,Section-D1a5-VideoList-BE,25. ??????,BE.25.,BE.25.,BE.25.,BE.25.,BE.25.,BE.25.,BE.25.,BE.25.,BE.25.,BE.25.
Section-D1a5-VideoList-BE,PlayListButton-BE-VideoListButton-26,26. Tigran Zhamkochyan - Far Away From Me,https://www.youtube.com/watch?v=0dHUeMr7Zkg,https://img.youtube.com/vi/0dHUeMr7Zkg/maxresdefault.jpg,ClickedVideoListButton,PlayListButton-BE-VideoListButton-26,Section-D1a5-VideoList-BE,26. ??????,BE.26.,BE.26.,BE.26.,BE.26.,BE.26.,BE.26.,BE.26.,BE.26.,BE.26.,BE.26.
Section-D1a5-VideoList-BE,PlayListButton-BE-VideoListButton-27,27. Tigran Zhamkochyan - Knerem,https://www.youtube.com/watch?v=RAJZv8O0vew,https://img.youtube.com/vi/RAJZv8O0vew/maxresdefault.jpg,ClickedVideoListButton,PlayListButton-BE-VideoListButton-27,Section-D1a5-VideoList-BE,27. ??????,BE.27.,BE.27.,BE.27.,BE.27.,BE.27.,BE.27.,BE.27.,BE.27.,BE.27.,BE.27.
Section-D1a5-VideoList-BE,PlayListButton-BE-VideoListButton-28,28. Tigran Hamasyan - The Apple Orchard of Saghmosavank (Live at Berklee),https://www.youtube.com/watch?v=-VOZLG-FlvI,https://img.youtube.com/vi/-VOZLG-FlvI/maxresdefault.jpg,ClickedVideoListButton,PlayListButton-BE-VideoListButton-28,Section-D1a5-VideoList-BE,28. ??????,BE.28.,BE.28.,BE.28.,BE.28.,BE.28.,BE.28.,BE.28.,BE.28.,BE.28.,BE.28.
Section-D1a5-VideoList-BE,PlayListButton-BE-VideoListButton-29,29. Sirusho & Sebu - Vuy Aman (C-Rouge remix),https://www.youtube.com/watch?v=MX-uamwbduY,https://img.youtube.com/vi/MX-uamwbduY/maxresdefault.jpg,ClickedVideoListButton,PlayListButton-BE-VideoListButton-29,Section-D1a5-VideoList-BE,29. ??????,BE.29.,BE.29.,BE.29.,BE.29.,BE.29.,BE.29.,BE.29.,BE.29.,BE.29.,BE.29.
Section-D1a5-VideoList-BE,PlayListButton-BE-VideoListButton-30,30. C-Rouge & Roy Malakian & Carmen Balian - Winds of the North,https://www.youtube.com/watch?v=aMfnNkJHZAc,https://img.youtube.com/vi/aMfnNkJHZAc/maxresdefault.jpg,ClickedVideoListButton,PlayListButton-BE-VideoListButton-30,Section-D1a5-VideoList-BE,30. ??????,BE.30.,BE.30.,BE.30.,BE.30.,BE.30.,BE.30.,BE.30.,BE.30.,BE.30.,BE.30.
Section-D1a5-VideoList-BE,PlayListButton-BE-VideoListButton-31,31. Arman Peshtmaljyan - Ays Gisher (feat. Meghu),https://www.youtube.com/watch?v=QB5DtkGVFbg,https://img.youtube.com/vi/QB5DtkGVFbg/maxresdefault.jpg,ClickedVideoListButton,PlayListButton-BE-VideoListButton-31,Section-D1a5-VideoList-BE,31. ??????,BE.31.,BE.31.,BE.31.,BE.31.,BE.31.,BE.31.,BE.31.,BE.31.,BE.31.,BE.31.
Section-D1a5-VideoList-BE,PlayListButton-BE-VideoListButton-32,32. Arman Peshtmaljyan - Andzrevits Heto (feat. Susie Hunna),https://www.youtube.com/watch?v=ZOCOE54PILQ,https://img.youtube.com/vi/ZOCOE54PILQ/maxresdefault.jpg,ClickedVideoListButton,PlayListButton-BE-VideoListButton-32,Section-D1a5-VideoList-BE,32. ??????,BE.32.,BE.32.,BE.32.,BE.32.,BE.32.,BE.32.,BE.32.,BE.32.,BE.32.,BE.32.
Section-D1a5-VideoList-BE,PlayListButton-BE-VideoListButton-33,33. Arman Peshtmaljyan - Zartir Nazelis (Komitas remix),https://www.youtube.com/watch?v=_lVw5jC9-Ts,https://img.youtube.com/vi/_lVw5jC9-Ts/maxresdefault.jpg,ClickedVideoListButton,PlayListButton-BE-VideoListButton-33,Section-D1a5-VideoList-BE,33. ??????,BE.33.,BE.33.,BE.33.,BE.33.,BE.33.,BE.33.,BE.33.,BE.33.,BE.33.,BE.33.
Section-D1a5-VideoList-BE,PlayListButton-BE-VideoListButton-34,34. Arman Peshtmaljyan - Ay Tsamov Aghjik (feat. Zhanna Davtyan),https://www.youtube.com/watch?v=lf2CRAhXk_8,https://img.youtube.com/vi/lf2CRAhXk_8/maxresdefault.jpg,ClickedVideoListButton,PlayListButton-BE-VideoListButton-34,Section-D1a5-VideoList-BE,34. ??????,BE.34.,BE.34.,BE.34.,BE.34.,BE.34.,BE.34.,BE.34.,BE.34.,BE.34.,BE.34.
Section-D1a5-VideoList-BE,PlayListButton-BE-VideoListButton-35,35. Davit Melkonyan - Private Story,https://www.youtube.com/watch?v=sDMFK8FXUI0,https://img.youtube.com/vi/sDMFK8FXUI0/maxresdefault.jpg,ClickedVideoListButton,PlayListButton-BE-VideoListButton-35,Section-D1a5-VideoList-BE,35. ??????,BE.35.,BE.35.,BE.35.,BE.35.,BE.35.,BE.35.,BE.35.,BE.35.,BE.35.,BE.35.
Section-D1a5-VideoList-BF,PlayListButton-BF-VideoListButton-01,"01. Unsung Poems - Patuhanis Tak, Indz Mi Khndrir... (G Emin & H Tumanyan remix)",https://www.youtube.com/watch?v=ecLFWYseQcE,https://img.youtube.com/vi/ecLFWYseQcE/maxresdefault.jpg,ClickedVideoListButton,PlayListButton-BF-VideoListButton-01,Section-D1a5-VideoList-BF,01. ??????,BF.01.,BF.01.,BF.01.,BF.01.,BF.01.,BF.01.,BF.01.,BF.01.,BF.01.,BF.01.
Section-D1a5-VideoList-BF,PlayListButton-BF-VideoListButton-02,02. Unsung Poems - Sentimental Yerg (Vahan Teryan remix),https://www.youtube.com/watch?v=VvGhaDTOhbY,https://img.youtube.com/vi/VvGhaDTOhbY/maxresdefault.jpg,ClickedVideoListButton,PlayListButton-BF-VideoListButton-02,Section-D1a5-VideoList-BF,02. ??????,BF.02.,BF.02.,BF.02.,BF.02.,BF.02.,BF.02.,BF.02.,BF.02.,BF.02.,BF.02.
Section-D1a5-VideoList-BF,PlayListButton-BF-VideoListButton-03,03. Unsung Poems - Tsankutiun (Vahan Teryan remix),https://www.youtube.com/watch?v=Ir0MMouEdUE,https://img.youtube.com/vi/Ir0MMouEdUE/maxresdefault.jpg,ClickedVideoListButton,PlayListButton-BF-VideoListButton-03,Section-D1a5-VideoList-BF,03. ??????,BF.03.,BF.03.,BF.03.,BF.03.,BF.03.,BF.03.,BF.03.,BF.03.,BF.03.,BF.03.
Section-D1a5-VideoList-BF,PlayListButton-BF-VideoListButton-04,04. Unsung Poems - Handipumi Arahet (Vahan Teryan remix),https://www.youtube.com/watch?v=ZtxIdmfaoow,https://img.youtube.com/vi/ZtxIdmfaoow/maxresdefault.jpg,ClickedVideoListButton,PlayListButton-BF-VideoListButton-04,Section-D1a5-VideoList-BF,04. ??????,BF.04.,BF.04.,BF.04.,BF.04.,BF.04.,BF.04.,BF.04.,BF.04.,BF.04.,BF.04.
Section-D1a5-VideoList-BF,PlayListButton-BF-VideoListButton-05,05. Unsung Poems - Yev Mi Irikun... (Yeghishe Charents remix),https://www.youtube.com/watch?v=ScE_s-K4ZSA,https://img.youtube.com/vi/ScE_s-K4ZSA/maxresdefault.jpg,ClickedVideoListButton,PlayListButton-BF-VideoListButton-05,Section-D1a5-VideoList-BF,05. ??????,BF.05.,BF.05.,BF.05.,BF.05.,BF.05.,BF.05.,BF.05.,BF.05.,BF.05.,BF.05.
Section-D1a5-VideoList-BF,PlayListButton-BF-VideoListButton-06,06. Unsung Poems - Voch Mer Sireln Er Nman Sirelu (Silva Kaputikyan remix),https://www.youtube.com/watch?v=Qek6mI2lyH8,https://img.youtube.com/vi/Qek6mI2lyH8/maxresdefault.jpg,ClickedVideoListButton,PlayListButton-BF-VideoListButton-06,Section-D1a5-VideoList-BF,06. ??????,BF.06.,BF.06.,BF.06.,BF.06.,BF.06.,BF.06.,BF.06.,BF.06.,BF.06.,BF.06.
Section-D1a5-VideoList-BF,PlayListButton-BF-VideoListButton-07,07. Unsung Poems - Mekhakner (Folk remix),https://www.youtube.com/watch?v=5LFq9vRHwsU,https://img.youtube.com/vi/5LFq9vRHwsU/maxresdefault.jpg,ClickedVideoListButton,PlayListButton-BF-VideoListButton-07,Section-D1a5-VideoList-BF,07. ??????,BF.07.,BF.07.,BF.07.,BF.07.,BF.07.,BF.07.,BF.07.,BF.07.,BF.07.,BF.07.
Section-D1a5-VideoList-BF,PlayListButton-BF-VideoListButton-08,08. Unsung Poems - Pntrum Es Du (Hamo Sahyan remix),https://www.youtube.com/watch?v=3snM4h9fzQc,https://img.youtube.com/vi/3snM4h9fzQc/maxresdefault.jpg,ClickedVideoListButton,PlayListButton-BF-VideoListButton-08,Section-D1a5-VideoList-BF,08. ??????,BF.08.,BF.08.,BF.08.,BF.08.,BF.08.,BF.08.,BF.08.,BF.08.,BF.08.,BF.08.
Section-D1a5-VideoList-BF,PlayListButton-BF-VideoListButton-09,09. Unsung Poems - Du (Paryur Sevak remix),https://www.youtube.com/watch?v=Ucag2ua0gh8,https://img.youtube.com/vi/Ucag2ua0gh8/maxresdefault.jpg,ClickedVideoListButton,PlayListButton-BF-VideoListButton-09,Section-D1a5-VideoList-BF,09. ??????,BF.09.,BF.09.,BF.09.,BF.09.,BF.09.,BF.09.,BF.09.,BF.09.,BF.09.,BF.09.
Section-D1a5-VideoList-BF,PlayListButton-BF-VideoListButton-10,10. Unsung Poems - Ushatsats Ser (Vahan Teryan remix),https://www.youtube.com/watch?v=N6g4NcI2BZY,https://img.youtube.com/vi/N6g4NcI2BZY/maxresdefault.jpg,ClickedVideoListButton,PlayListButton-BF-VideoListButton-10,Section-D1a5-VideoList-BF,10. ??????,BF.10.,BF.10.,BF.10.,BF.10.,BF.10.,BF.10.,BF.10.,BF.10.,BF.10.,BF.10.
Section-D1a5-VideoList-BF,PlayListButton-BF-VideoListButton-11,11. Unsung Poems - Ko Achkeri Dem Im Achere Kur (Vahan Teryan remix),https://www.youtube.com/watch?v=WCSOunxMdyY,https://img.youtube.com/vi/WCSOunxMdyY/maxresdefault.jpg,ClickedVideoListButton,PlayListButton-BF-VideoListButton-11,Section-D1a5-VideoList-BF,11. ??????,BF.11.,BF.11.,BF.11.,BF.11.,BF.11.,BF.11.,BF.11.,BF.11.,BF.11.,BF.11.
Section-D1a5-VideoList-BF,PlayListButton-BF-VideoListButton-12,12. Unsung Poems - Hrazhesht (Hovhannes Tumanyan remix),https://www.youtube.com/watch?v=p6tT1tzWRbc,https://img.youtube.com/vi/p6tT1tzWRbc/maxresdefault.jpg,ClickedVideoListButton,PlayListButton-BF-VideoListButton-12,Section-D1a5-VideoList-BF,12. ??????,BF.12.,BF.12.,BF.12.,BF.12.,BF.12.,BF.12.,BF.12.,BF.12.,BF.12.,BF.12.
Section-D1a5-VideoList-BF,PlayListButton-BF-VideoListButton-13,13. Unsung Poems - Kez Handipelis (Vahagn Davtyan remix),https://www.youtube.com/watch?v=KQ6J2k4qKZU,https://img.youtube.com/vi/KQ6J2k4qKZU/maxresdefault.jpg,ClickedVideoListButton,PlayListButton-BF-VideoListButton-13,Section-D1a5-VideoList-BF,13. ??????,BF.13.,BF.13.,BF.13.,BF.13.,BF.13.,BF.13.,BF.13.,BF.13.,BF.13.,BF.13.
Section-D1a5-VideoList-BF,PlayListButton-BF-VideoListButton-14,14. Unsung Poems - Sin Khoskeri Mej (Vahan Teryan remix),https://www.youtube.com/watch?v=G3UuvDKPuSs,https://img.youtube.com/vi/G3UuvDKPuSs/maxresdefault.jpg,ClickedVideoListButton,PlayListButton-BF-VideoListButton-14,Section-D1a5-VideoList-BF,14. ??????,BF.14.,BF.14.,BF.14.,BF.14.,BF.14.,BF.14.,BF.14.,BF.14.,BF.14.,BF.14.
Section-D1a5-VideoList-BF,PlayListButton-BF-VideoListButton-15,15. Unsung Poems - Ananun Ser & Karot & Hrajesht (Vahan Teryan remix),https://www.youtube.com/watch?v=9TllkmXA87Q,https://img.youtube.com/vi/9TllkmXA87Q/maxresdefault.jpg,ClickedVideoListButton,PlayListButton-BF-VideoListButton-15,Section-D1a5-VideoList-BF,15. ??????,BF.15.,BF.15.,BF.15.,BF.15.,BF.15.,BF.15.,BF.15.,BF.15.,BF.15.,BF.15.
Section-D1a5-VideoList-BF,PlayListButton-BF-VideoListButton-16,16. Unsung Poems - Yerkar Gisherner (Hovhannes Tumanyan remix),https://www.youtube.com/watch?v=bl-gMm4_tWs,https://img.youtube.com/vi/bl-gMm4_tWs/maxresdefault.jpg,ClickedVideoListButton,PlayListButton-BF-VideoListButton-16,Section-D1a5-VideoList-BF,16. ??????,BF.16.,BF.16.,BF.16.,BF.16.,BF.16.,BF.16.,BF.16.,BF.16.,BF.16.,BF.16.
Section-D1a5-VideoList-BF,PlayListButton-BF-VideoListButton-17,17. Unsung Poems - Du Antsordi Pes (Avetik Isahakyan remix),https://www.youtube.com/watch?v=zjoz7NHJ8dk,https://img.youtube.com/vi/zjoz7NHJ8dk/maxresdefault.jpg,ClickedVideoListButton,PlayListButton-BF-VideoListButton-17,Section-D1a5-VideoList-BF,17. ??????,BF.17.,BF.17.,BF.17.,BF.17.,BF.17.,BF.17.,BF.17.,BF.17.,BF.17.,BF.17.
Section-D1a5-VideoList-BF,PlayListButton-BF-VideoListButton-18,18. Unsung Poems - Aytsi Em Galis Kez Mot Yes Hajakh (Avetik Isahakyan remix),https://www.youtube.com/watch?v=vwob68xG8cU,https://img.youtube.com/vi/vwob68xG8cU/maxresdefault.jpg,ClickedVideoListButton,PlayListButton-BF-VideoListButton-18,Section-D1a5-VideoList-BF,18. ??????,BF.18.,BF.18.,BF.18.,BF.18.,BF.18.,BF.18.,BF.18.,BF.18.,BF.18.,BF.18.
Section-D1a5-VideoList-BF,PlayListButton-BF-VideoListButton-19,19. Unsung Poems - Heru Es Anhas Im Luse Yeraz (Vahan Teryan remix),https://www.youtube.com/watch?v=S01xtR9GLag,https://img.youtube.com/vi/S01xtR9GLag/maxresdefault.jpg,ClickedVideoListButton,PlayListButton-BF-VideoListButton-19,Section-D1a5-VideoList-BF,19. ??????,BF.19.,BF.19.,BF.19.,BF.19.,BF.19.,BF.19.,BF.19.,BF.19.,BF.19.,BF.19.
Section-D1a5-VideoList-BF,PlayListButton-BF-VideoListButton-20,20. Unsung Poems - Kristos Haryav Akh Yev Ays Hots (Hovhannes Tumanyan remix),https://www.youtube.com/watch?v=Bdll7cN0ecc,https://img.youtube.com/vi/Bdll7cN0ecc/maxresdefault.jpg,ClickedVideoListButton,PlayListButton-BF-VideoListButton-20,Section-D1a5-VideoList-BF,20. ??????,BF.20.,BF.20.,BF.20.,BF.20.,BF.20.,BF.20.,BF.20.,BF.20.,BF.20.,BF.20.
Section-D1a5-VideoList-BF,PlayListButton-BF-VideoListButton-21,21. Unsung Poems - Aravot (Yeghishe Charents remix),https://www.youtube.com/watch?v=sYHU-R_-JtA,https://img.youtube.com/vi/sYHU-R_-JtA/maxresdefault.jpg,ClickedVideoListButton,PlayListButton-BF-VideoListButton-21,Section-D1a5-VideoList-BF,21. ??????,BF.21.,BF.21.,BF.21.,BF.21.,BF.21.,BF.21.,BF.21.,BF.21.,BF.21.,BF.21.
Section-D1a5-VideoList-BF,PlayListButton-BF-VideoListButton-22,"22. Unsung Poems - Depi Yerkinke..., Yerazi Pes Anush (Yeghishe Charents remix)",https://www.youtube.com/watch?v=yyTmfbGMdeo,https://img.youtube.com/vi/yyTmfbGMdeo/maxresdefault.jpg,ClickedVideoListButton,PlayListButton-BF-VideoListButton-22,Section-D1a5-VideoList-BF,22. ??????,BF.22.,BF.22.,BF.22.,BF.22.,BF.22.,BF.22.,BF.22.,BF.22.,BF.22.,BF.22.
Section-D1a5-VideoList-BF,PlayListButton-BF-VideoListButton-23,23. Unsung Poems - Yerg (Vahan Teryan remix),https://www.youtube.com/watch?v=LReutTu8KVo,https://img.youtube.com/vi/LReutTu8KVo/maxresdefault.jpg,ClickedVideoListButton,PlayListButton-BF-VideoListButton-23,Section-D1a5-VideoList-BF,23. ??????,BF.23.,BF.23.,BF.23.,BF.23.,BF.23.,BF.23.,BF.23.,BF.23.,BF.23.,BF.23.
Section-D1a5-VideoList-BF,PlayListButton-BF-VideoListButton-24,24. Unsung Poems - Yerb (Folk remix),https://www.youtube.com/watch?v=m49Q462qboc,https://img.youtube.com/vi/m49Q462qboc/maxresdefault.jpg,ClickedVideoListButton,PlayListButton-BF-VideoListButton-24,Section-D1a5-VideoList-BF,24. ??????,BF.24.,BF.24.,BF.24.,BF.24.,BF.24.,BF.24.,BF.24.,BF.24.,BF.24.,BF.24.
Section-D1a5-VideoList-BF,PlayListButton-BF-VideoListButton-25,25. Unsung Poems - Khrjitum (Hovhannes Tumanyan remix),https://www.youtube.com/watch?v=W7JdjDGVGpc,https://img.youtube.com/vi/W7JdjDGVGpc/maxresdefault.jpg,ClickedVideoListButton,PlayListButton-BF-VideoListButton-25,Section-D1a5-VideoList-BF,25. ??????,BF.25.,BF.25.,BF.25.,BF.25.,BF.25.,BF.25.,BF.25.,BF.25.,BF.25.,BF.25.
Section-D1a5-VideoList-BF,PlayListButton-BF-VideoListButton-26,26. Unsung Poems - Mna Eli Mna (Charles Aznavour remix),https://www.youtube.com/watch?v=Z_VEudaaC88,https://img.youtube.com/vi/Z_VEudaaC88/maxresdefault.jpg,ClickedVideoListButton,PlayListButton-BF-VideoListButton-26,Section-D1a5-VideoList-BF,26. ??????,BF.26.,BF.26.,BF.26.,BF.26.,BF.26.,BF.26.,BF.26.,BF.26.,BF.26.,BF.26.
Section-D1a5-VideoList-BF,PlayListButton-BF-VideoListButton-27,27. Unsung Poems - Achkers Pakem (Karen Gevorgyan remix cover),https://www.youtube.com/watch?v=Ay0Q9GY4mwM,https://img.youtube.com/vi/Ay0Q9GY4mwM/maxresdefault.jpg,ClickedVideoListButton,PlayListButton-BF-VideoListButton-27,Section-D1a5-VideoList-BF,27. ??????,BF.27.,BF.27.,BF.27.,BF.27.,BF.27.,BF.27.,BF.27.,BF.27.,BF.27.,BF.27.
Section-D1a5-VideoList-BF,PlayListButton-BF-VideoListButton-28,28. Unsung Poems - Srtit Banalin (Tatul Avoyan remix cover),https://www.youtube.com/watch?v=SSxEopQowZA,https://img.youtube.com/vi/SSxEopQowZA/maxresdefault.jpg,ClickedVideoListButton,PlayListButton-BF-VideoListButton-28,Section-D1a5-VideoList-BF,28. ??????,BF.28.,BF.28.,BF.28.,BF.28.,BF.28.,BF.28.,BF.28.,BF.28.,BF.28.,BF.28.
Section-D1a5-VideoList-BF,PlayListButton-BF-VideoListButton-29,29. Unsung Poems - Astvats Indz Mi Champa Tur (Spitaktsi Hayko remix cover),https://www.youtube.com/watch?v=-ZPajQgOoUo,https://img.youtube.com/vi/-ZPajQgOoUo/maxresdefault.jpg,ClickedVideoListButton,PlayListButton-BF-VideoListButton-29,Section-D1a5-VideoList-BF,29. ??????,BF.29.,BF.29.,BF.29.,BF.29.,BF.29.,BF.29.,BF.29.,BF.29.,BF.29.,BF.29.
Section-D1a5-VideoList-BF,PlayListButton-BF-VideoListButton-30,30. Unsung Poems - Du Amachkot Mi Akhchik Es (Tatul Avoyan remix cover),https://www.youtube.com/watch?v=0m6cCLTBOuA,https://img.youtube.com/vi/0m6cCLTBOuA/maxresdefault.jpg,ClickedVideoListButton,PlayListButton-BF-VideoListButton-30,Section-D1a5-VideoList-BF,30. ??????,BF.30.,BF.30.,BF.30.,BF.30.,BF.30.,BF.30.,BF.30.,BF.30.,BF.30.,BF.30.
Section-D1a5-VideoList-BF,PlayListButton-BF-VideoListButton-31,31. Unsung Poems - Sev Acher (Harut Pambukchian remix cover),https://www.youtube.com/watch?v=mC127dTBKHk,https://img.youtube.com/vi/mC127dTBKHk/maxresdefault.jpg,ClickedVideoListButton,PlayListButton-BF-VideoListButton-31,Section-D1a5-VideoList-BF,31. ??????,BF.31.,BF.31.,BF.31.,BF.31.,BF.31.,BF.31.,BF.31.,BF.31.,BF.31.,BF.31.
Section-D1a5-VideoList-BF,PlayListButton-BF-VideoListButton-32,32. Unsung Poems - Im Yergs (Vahan Totovents remix),https://www.youtube.com/watch?v=f4PwOXsg2uA,https://img.youtube.com/vi/f4PwOXsg2uA/maxresdefault.jpg,ClickedVideoListButton,PlayListButton-BF-VideoListButton-32,Section-D1a5-VideoList-BF,32. ??????,BF.32.,BF.32.,BF.32.,BF.32.,BF.32.,BF.32.,BF.32.,BF.32.,BF.32.,BF.32.
Section-D1a5-VideoList-BF,PlayListButton-BF-VideoListButton-33,33. Unsung Poems - Ashnan Tertmutiun (Vahan Teryan remix),https://www.youtube.com/watch?v=rKWJo_bi8tw,https://img.youtube.com/vi/rKWJo_bi8tw/maxresdefault.jpg,ClickedVideoListButton,PlayListButton-BF-VideoListButton-33,Section-D1a5-VideoList-BF,33. ??????,BF.33.,BF.33.,BF.33.,BF.33.,BF.33.,BF.33.,BF.33.,BF.33.,BF.33.,BF.33.
Section-D1a5-VideoList-BF,PlayListButton-BF-VideoListButton-34,34. Unsung Poems - Moratsvats Varder (Hovhannes Tumanyan remix),https://www.youtube.com/watch?v=H_4n9TooMWY,https://img.youtube.com/vi/H_4n9TooMWY/maxresdefault.jpg,ClickedVideoListButton,PlayListButton-BF-VideoListButton-34,Section-D1a5-VideoList-BF,34. ??????,BF.34.,BF.34.,BF.34.,BF.34.,BF.34.,BF.34.,BF.34.,BF.34.,BF.34.,BF.34.
Section-D1a5-VideoList-BF,PlayListButton-BF-VideoListButton-35,35. Unsung Poems - Moratsvats Varder (Hovhannes Tumanyan remix),https://www.youtube.com/watch?v=1AaRcZKHUBQ,https://img.youtube.com/vi/1AaRcZKHUBQ/maxresdefault.jpg,ClickedVideoListButton,PlayListButton-BF-VideoListButton-35,Section-D1a5-VideoList-BF,35. ??????,BF.35.,BF.35.,BF.35.,BF.35.,BF.35.,BF.35.,BF.35.,BF.35.,BF.35.,BF.35.
Section-D1a5-VideoList-BF,PlayListButton-BF-VideoListButton-36,36. Unsung Poems - Garune kapretsne (Misak Metsarents remix),https://www.youtube.com/watch?v=T2lTvZpIFkQ,https://img.youtube.com/vi/T2lTvZpIFkQ/maxresdefault.jpg,ClickedVideoListButton,PlayListButton-BF-VideoListButton-36,Section-D1a5-VideoList-BF,36. ??????,BF.36.,BF.36.,BF.36.,BF.36.,BF.36.,BF.36.,BF.36.,BF.36.,BF.36.,BF.36.
Section-D1a5-VideoList-BF,PlayListButton-BF-VideoListButton-37,37. Unsung Poems - Ches Asi Voch Mi Barov (Hamo Sahyan remix),https://www.youtube.com/watch?v=eChHUFN1H0E,https://img.youtube.com/vi/eChHUFN1H0E/maxresdefault.jpg,ClickedVideoListButton,PlayListButton-BF-VideoListButton-37,Section-D1a5-VideoList-BF,37. ??????,BF.37.,BF.37.,BF.37.,BF.37.,BF.37.,BF.37.,BF.37.,BF.37.,BF.37.,BF.37.
Section-D1a5-VideoList-BG,PlayListButton-BG-VideoListButton-01,01. Nigaryan AI Music - Arants Kez (Paruyr Sevak remix),https://www.youtube.com/watch?v=23NdhiHmqmA,https://img.youtube.com/vi/23NdhiHmqmA/maxresdefault.jpg,ClickedVideoListButton,PlayListButton-BG-VideoListButton-01,Section-D1a5-VideoList-BG,01. ??????,BG.01.,BG.01.,BG.01.,BG.01.,BG.01.,BG.01.,BG.01.,BG.01.,BG.01.,BG.01.
Section-D1a5-VideoList-BG,PlayListButton-BG-VideoListButton-02,02. Nigaryan AI Music - Gjvel (Paruyr Sevak remix),https://www.youtube.com/watch?v=iyd1StNHBuQ,https://img.youtube.com/vi/iyd1StNHBuQ/maxresdefault.jpg,ClickedVideoListButton,PlayListButton-BG-VideoListButton-02,Section-D1a5-VideoList-BG,02. ??????,BG.02.,BG.02.,BG.02.,BG.02.,BG.02.,BG.02.,BG.02.,BG.02.,BG.02.,BG.02.
Section-D1a5-VideoList-BG,PlayListButton-BG-VideoListButton-03,03. Nigaryan AI Music - Anjigyar Yar (Gusan Sheram remix),https://www.youtube.com/watch?v=oZ5wu6wRaPU,https://img.youtube.com/vi/oZ5wu6wRaPU/maxresdefault.jpg,ClickedVideoListButton,PlayListButton-BG-VideoListButton-03,Section-D1a5-VideoList-BG,03. ??????,BG.03.,BG.03.,BG.03.,BG.03.,BG.03.,BG.03.,BG.03.,BG.03.,BG.03.,BG.03.
Section-D1a5-VideoList-BG,PlayListButton-BG-VideoListButton-04,04. Nigaryan AI Music - Hov Arek Sarer (Komitas remix),https://www.youtube.com/watch?v=0tvZ_VXvCsg,https://img.youtube.com/vi/0tvZ_VXvCsg/maxresdefault.jpg,ClickedVideoListButton,PlayListButton-BG-VideoListButton-04,Section-D1a5-VideoList-BG,04. ??????,BG.04.,BG.04.,BG.04.,BG.04.,BG.04.,BG.04.,BG.04.,BG.04.,BG.04.,BG.04.
Section-D1a5-VideoList-BG,PlayListButton-BG-VideoListButton-05,05. Nigaryan AI Music - Tamam Ashkharh (Sayat-Nova remix),https://www.youtube.com/watch?v=jTv_SLBUNWQ,https://img.youtube.com/vi/jTv_SLBUNWQ/maxresdefault.jpg,ClickedVideoListButton,PlayListButton-BG-VideoListButton-05,Section-D1a5-VideoList-BG,05. ??????,BG.05.,BG.05.,BG.05.,BG.05.,BG.05.,BG.05.,BG.05.,BG.05.,BG.05.,BG.05.
Section-D1a5-VideoList-BG,PlayListButton-BG-VideoListButton-06,06. Nigaryan AI Music - Ashxarhums Ax Chim Qashi (Sayat-Nova remix),https://www.youtube.com/watch?v=5dPSnpNR7b0,https://img.youtube.com/vi/5dPSnpNR7b0/maxresdefault.jpg,ClickedVideoListButton,PlayListButton-BG-VideoListButton-06,Section-D1a5-VideoList-BG,06. ??????,BG.06.,BG.06.,BG.06.,BG.06.,BG.06.,BG.06.,BG.06.,BG.06.,BG.06.,BG.06.
Section-D1a5-VideoList-BG,PlayListButton-BG-VideoListButton-07,07. Nigaryan AI Music - Horovel (Komitas remix),https://www.youtube.com/watch?v=Ww1yBO5eFbU,https://img.youtube.com/vi/Ww1yBO5eFbU/maxresdefault.jpg,ClickedVideoListButton,PlayListButton-BG-VideoListButton-07,Section-D1a5-VideoList-BG,07. ??????,BG.07.,BG.07.,BG.07.,BG.07.,BG.07.,BG.07.,BG.07.,BG.07.,BG.07.,BG.07.
Section-D1a5-VideoList-BG,PlayListButton-BG-VideoListButton-08,08. Nigaryan AI Music - Kamancha (Sayat-Nova remix),https://www.youtube.com/watch?v=NeL5IKT3n7Y,https://img.youtube.com/vi/NeL5IKT3n7Y/maxresdefault.jpg,ClickedVideoListButton,PlayListButton-BG-VideoListButton-08,Section-D1a5-VideoList-BG,08. ??????,BG.08.,BG.08.,BG.08.,BG.08.,BG.08.,BG.08.,BG.08.,BG.08.,BG.08.,BG.08.
Section-D1a5-VideoList-BG,PlayListButton-BG-VideoListButton-09,09. Nigaryan AI Music - Du Indz Kpntres (Nairi Zaryan remix),https://www.youtube.com/watch?v=c6ArZBUbSEU,https://img.youtube.com/vi/c6ArZBUbSEU/maxresdefault.jpg,ClickedVideoListButton,PlayListButton-BG-VideoListButton-09,Section-D1a5-VideoList-BG,09. ??????,BG.09.,BG.09.,BG.09.,BG.09.,BG.09.,BG.09.,BG.09.,BG.09.,BG.09.,BG.09.
Section-D1a5-VideoList-BG,PlayListButton-BG-VideoListButton-10,10. Nigaryan AI Music - Aragil (A. Grashi remix),https://www.youtube.com/watch?v=68mqCC71B8c,https://img.youtube.com/vi/68mqCC71B8c/maxresdefault.jpg,ClickedVideoListButton,PlayListButton-BG-VideoListButton-10,Section-D1a5-VideoList-BG,10. ??????,BG.10.,BG.10.,BG.10.,BG.10.,BG.10.,BG.10.,BG.10.,BG.10.,BG.10.,BG.10.
Section-D1a5-VideoList-BG,PlayListButton-BG-VideoListButton-11,11. Nigaryan AI Music - Nazani (Sayat-Nova remix),https://www.youtube.com/watch?v=4OR_LtkpBy0,https://img.youtube.com/vi/4OR_LtkpBy0/maxresdefault.jpg,ClickedVideoListButton,PlayListButton-BG-VideoListButton-11,Section-D1a5-VideoList-BG,11. ??????,BG.11.,BG.11.,BG.11.,BG.11.,BG.11.,BG.11.,BG.11.,BG.11.,BG.11.,BG.11.
Section-D1a5-VideoList-BG,PlayListButton-BG-VideoListButton-12,12. Nigaryan AI Music - Lorva Gutanerg (Komitas remix),https://www.youtube.com/watch?v=e3Nn9RiZ5Yc,https://img.youtube.com/vi/e3Nn9RiZ5Yc/maxresdefault.jpg,ClickedVideoListButton,PlayListButton-BG-VideoListButton-12,Section-D1a5-VideoList-BG,12. ??????,BG.12.,BG.12.,BG.12.,BG.12.,BG.12.,BG.12.,BG.12.,BG.12.,BG.12.,BG.12.
Section-D1a5-VideoList-BG,PlayListButton-BG-VideoListButton-13,13. Nigaryan AI Music - Giqor (Folk remix),https://www.youtube.com/watch?v=R95NgC-hv-Q,https://img.youtube.com/vi/R95NgC-hv-Q/maxresdefault.jpg,ClickedVideoListButton,PlayListButton-BG-VideoListButton-13,Section-D1a5-VideoList-BG,13. ??????,BG.13.,BG.13.,BG.13.,BG.13.,BG.13.,BG.13.,BG.13.,BG.13.,BG.13.,BG.13.
Section-D1a5-VideoList-BG,PlayListButton-BG-VideoListButton-14,14. Nigaryan AI Music - Ginetun (Folk remix),https://www.youtube.com/watch?v=azAtpp9pQwg,https://img.youtube.com/vi/azAtpp9pQwg/maxresdefault.jpg,ClickedVideoListButton,PlayListButton-BG-VideoListButton-14,Section-D1a5-VideoList-BG,14. ??????,BG.14.,BG.14.,BG.14.,BG.14.,BG.14.,BG.14.,BG.14.,BG.14.,BG.14.,BG.14.
Section-D1a5-VideoList-BG,PlayListButton-BG-VideoListButton-15,15. Nigaryan AI Music - Kanchum Em (Folk remix),https://www.youtube.com/watch?v=P1Vxi_HfPhw,https://img.youtube.com/vi/P1Vxi_HfPhw/maxresdefault.jpg,ClickedVideoListButton,PlayListButton-BG-VideoListButton-15,Section-D1a5-VideoList-BG,15. ??????,BG.15.,BG.15.,BG.15.,BG.15.,BG.15.,BG.15.,BG.15.,BG.15.,BG.15.,BG.15.
Section-D1a5-VideoList-BG,PlayListButton-BG-VideoListButton-16,16. Nigaryan AI Music - Es Ov Indz Anicec (Araqsya Varderesyan remix cover),https://www.youtube.com/watch?v=EYWoB125YYU,https://img.youtube.com/vi/EYWoB125YYU/maxresdefault.jpg,ClickedVideoListButton,PlayListButton-BG-VideoListButton-16,Section-D1a5-VideoList-BG,16. ??????,BG.16.,BG.16.,BG.16.,BG.16.,BG.16.,BG.16.,BG.16.,BG.16.,BG.16.,BG.16.
Section-D1a5-VideoList-BG,PlayListButton-BG-VideoListButton-17,17. Nigaryan AI Music - Im Axpers (Tatul Avoyan remix cover),https://www.youtube.com/watch?v=oqq2O51jW7k,https://img.youtube.com/vi/oqq2O51jW7k/maxresdefault.jpg,ClickedVideoListButton,PlayListButton-BG-VideoListButton-17,Section-D1a5-VideoList-BG,17. ??????,BG.17.,BG.17.,BG.17.,BG.17.,BG.17.,BG.17.,BG.17.,BG.17.,BG.17.,BG.17.
Section-D1a5-VideoList-BG,PlayListButton-BG-VideoListButton-18,18. Nigaryan AI Music - Jur Em Caxum (Harout Pamboukjian remix cover),https://www.youtube.com/watch?v=_wEHOOzkeJE,https://img.youtube.com/vi/_wEHOOzkeJE/maxresdefault.jpg,ClickedVideoListButton,PlayListButton-BG-VideoListButton-18,Section-D1a5-VideoList-BG,18. ??????,BG.18.,BG.18.,BG.18.,BG.18.,BG.18.,BG.18.,BG.18.,BG.18.,BG.18.,BG.18.
Section-D1a5-VideoList-BG,PlayListButton-BG-VideoListButton-19,19. Nigaryan AI Music - Im Hasake (Alik Gyunashyan remix cover),https://www.youtube.com/watch?v=_tMCnc7h7X4,https://img.youtube.com/vi/_tMCnc7h7X4/maxresdefault.jpg,ClickedVideoListButton,PlayListButton-BG-VideoListButton-19,Section-D1a5-VideoList-BG,19. ??????,BG.19.,BG.19.,BG.19.,BG.19.,BG.19.,BG.19.,BG.19.,BG.19.,BG.19.,BG.19.
Section-D1a5-VideoList-BG,PlayListButton-BG-VideoListButton-20,20. Nigaryan AI Music - Veradartsru Indz Meghedin (Arno Babajanyan remix),https://www.youtube.com/watch?v=0sIvj043Bqo,https://img.youtube.com/vi/0sIvj043Bqo/maxresdefault.jpg,ClickedVideoListButton,PlayListButton-BG-VideoListButton-20,Section-D1a5-VideoList-BG,20. ??????,BG.20.,BG.20.,BG.20.,BG.20.,BG.20.,BG.20.,BG.20.,BG.20.,BG.20.,BG.20.
Section-D1a5-VideoList-BG,PlayListButton-BG-VideoListButton-21,21. Nigaryan AI Music - Nocturne (Arno Babajanyan remix),https://www.youtube.com/watch?v=6HdfT4mzL_A,https://img.youtube.com/vi/6HdfT4mzL_A/maxresdefault.jpg,ClickedVideoListButton,PlayListButton-BG-VideoListButton-21,Section-D1a5-VideoList-BG,21. ??????,BG.21.,BG.21.,BG.21.,BG.21.,BG.21.,BG.21.,BG.21.,BG.21.,BG.21.,BG.21.
Section-D1a5-VideoList-BG,PlayListButton-BG-VideoListButton-22,22. Nigaryan AI Music - Hayi Acher (Robert Amirkhanyan remix),https://www.youtube.com/watch?v=EWTu3fnGaE4,https://img.youtube.com/vi/EWTu3fnGaE4/maxresdefault.jpg,ClickedVideoListButton,PlayListButton-BG-VideoListButton-22,Section-D1a5-VideoList-BG,22. ??????,BG.22.,BG.22.,BG.22.,BG.22.,BG.22.,BG.22.,BG.22.,BG.22.,BG.22.,BG.22.
Section-D1a5-VideoList-BG,PlayListButton-BG-VideoListButton-23,23. Nigaryan AI Music - Yerevani Sirun Aghchik (remix),https://www.youtube.com/watch?v=06BSljWG5gA,https://img.youtube.com/vi/06BSljWG5gA/maxresdefault.jpg,ClickedVideoListButton,PlayListButton-BG-VideoListButton-23,Section-D1a5-VideoList-BG,23. ??????,BG.23.,BG.23.,BG.23.,BG.23.,BG.23.,BG.23.,BG.23.,BG.23.,BG.23.,BG.23.
Section-D1a5-VideoList-BG,PlayListButton-BG-VideoListButton-24,24. Nigaryan AI Music - Arajin Siro Yerge (Arno Babajanyan remix),https://www.youtube.com/watch?v=oxF1hBwCnAA,https://img.youtube.com/vi/oxF1hBwCnAA/maxresdefault.jpg,ClickedVideoListButton,PlayListButton-BG-VideoListButton-24,Section-D1a5-VideoList-BG,24. ??????,BG.24.,BG.24.,BG.24.,BG.24.,BG.24.,BG.24.,BG.24.,BG.24.,BG.24.,BG.24.
Section-D1a5-VideoList-BG,PlayListButton-BG-VideoListButton-25,25. Nigaryan AI Music - Tamam Ashkharh (Sayat-Nova remix),https://www.youtube.com/watch?v=-HzD8DSO1Kk,https://img.youtube.com/vi/-HzD8DSO1Kk/maxresdefault.jpg,ClickedVideoListButton,PlayListButton-BG-VideoListButton-25,Section-D1a5-VideoList-BG,25. ??????,BG.25.,BG.25.,BG.25.,BG.25.,BG.25.,BG.25.,BG.25.,BG.25.,BG.25.,BG.25.
Section-D1a5-VideoList-BG,PlayListButton-BG-VideoListButton-26,26. Nigaryan AI Music - Blbuli Hid (Sayat-Nova remix),https://www.youtube.com/watch?v=RWo0b_AobFc,https://img.youtube.com/vi/RWo0b_AobFc/maxresdefault.jpg,ClickedVideoListButton,PlayListButton-BG-VideoListButton-26,Section-D1a5-VideoList-BG,26. ??????,BG.26.,BG.26.,BG.26.,BG.26.,BG.26.,BG.26.,BG.26.,BG.26.,BG.26.,BG.26.
Section-D1a5-VideoList-BG,PlayListButton-BG-VideoListButton-27,27. Nigaryan AI Music - Alagyaz (Komitas remix),https://www.youtube.com/watch?v=E21BZFCaDHs,https://img.youtube.com/vi/E21BZFCaDHs/maxresdefault.jpg,ClickedVideoListButton,PlayListButton-BG-VideoListButton-27,Section-D1a5-VideoList-BG,27. ??????,BG.27.,BG.27.,BG.27.,BG.27.,BG.27.,BG.27.,BG.27.,BG.27.,BG.27.,BG.27.
Section-D1a5-VideoList-BG,PlayListButton-BG-VideoListButton-28,28. Nigaryan AI Music - Krunk (Komitas remix),https://www.youtube.com/watch?v=Q_lIRvC-Anw,https://img.youtube.com/vi/Q_lIRvC-Anw/maxresdefault.jpg,ClickedVideoListButton,PlayListButton-BG-VideoListButton-28,Section-D1a5-VideoList-BG,28. ??????,BG.28.,BG.28.,BG.28.,BG.28.,BG.28.,BG.28.,BG.28.,BG.28.,BG.28.,BG.28.
Section-D1a5-VideoList-BH,PlayListButton-BH-VideoListButton-01,01. Navasard - Sari Sirun Yar (Folk remix),https://www.youtube.com/watch?v=yOsA3XoWoS8,https://img.youtube.com/vi/yOsA3XoWoS8/maxresdefault.jpg,ClickedVideoListButton,PlayListButton-BH-VideoListButton-01,Section-D1a5-VideoList-BH,01. ??????,BH.01.,BH.01.,BH.01.,BH.01.,BH.01.,BH.01.,BH.01.,BH.01.,BH.01.,BH.01.
Section-D1a5-VideoList-BH,PlayListButton-BH-VideoListButton-02,02. Navasard - Sari Jampov (Folk remix),https://www.youtube.com/watch?v=iQjAraGNr2s,https://img.youtube.com/vi/iQjAraGNr2s/maxresdefault.jpg,ClickedVideoListButton,PlayListButton-BH-VideoListButton-02,Section-D1a5-VideoList-BH,02. ??????,BH.02.,BH.02.,BH.02.,BH.02.,BH.02.,BH.02.,BH.02.,BH.02.,BH.02.,BH.02.
Section-D1a5-VideoList-BH,PlayListButton-BH-VideoListButton-03,03. Navasard - Hogu Hayelin (Original remix),https://www.youtube.com/watch?v=gqfkmpbQb-M,https://img.youtube.com/vi/gqfkmpbQb-M/maxresdefault.jpg,ClickedVideoListButton,PlayListButton-BH-VideoListButton-03,Section-D1a5-VideoList-BH,03. ??????,BH.03.,BH.03.,BH.03.,BH.03.,BH.03.,BH.03.,BH.03.,BH.03.,BH.03.,BH.03.
Section-D1a5-VideoList-BH,PlayListButton-BH-VideoListButton-04,04. Navasard - Akh Ninar (Folk remix),https://www.youtube.com/watch?v=8eQgsvwEDgs,https://img.youtube.com/vi/8eQgsvwEDgs/maxresdefault.jpg,ClickedVideoListButton,PlayListButton-BH-VideoListButton-04,Section-D1a5-VideoList-BH,04. ??????,BH.04.,BH.04.,BH.04.,BH.04.,BH.04.,BH.04.,BH.04.,BH.04.,BH.04.,BH.04.
Section-D1a5-VideoList-BH,PlayListButton-BH-VideoListButton-05,05. Navasard - Qo Patcharov (Paruyr Sevak remix),https://www.youtube.com/watch?v=FnMShDM82Kg,https://img.youtube.com/vi/FnMShDM82Kg/maxresdefault.jpg,ClickedVideoListButton,PlayListButton-BH-VideoListButton-05,Section-D1a5-VideoList-BH,05. ??????,BH.05.,BH.05.,BH.05.,BH.05.,BH.05.,BH.05.,BH.05.,BH.05.,BH.05.,BH.05.
Section-D1a5-VideoList-BH,PlayListButton-BH-VideoListButton-06,06. Navasard - Im Khaghagh Yereko (Vahan Teryan remix),https://www.youtube.com/watch?v=8WK2iLaOQ40,https://img.youtube.com/vi/8WK2iLaOQ40/maxresdefault.jpg,ClickedVideoListButton,PlayListButton-BH-VideoListButton-06,Section-D1a5-VideoList-BH,06. ??????,BH.06.,BH.06.,BH.06.,BH.06.,BH.06.,BH.06.,BH.06.,BH.06.,BH.06.,BH.06.
Section-D1a5-VideoList-BH,PlayListButton-BH-VideoListButton-07,07. Navasard - Du Hpart Es (Vahan Teryan remix),https://www.youtube.com/watch?v=92efI1iJypg,https://img.youtube.com/vi/92efI1iJypg/maxresdefault.jpg,ClickedVideoListButton,PlayListButton-BH-VideoListButton-07,Section-D1a5-VideoList-BH,07. ??????,BH.07.,BH.07.,BH.07.,BH.07.,BH.07.,BH.07.,BH.07.,BH.07.,BH.07.,BH.07.
Section-D1a5-VideoList-BH,PlayListButton-BH-VideoListButton-08,08. Navasard - Uzum Em (Paruyr Sevak remix),https://www.youtube.com/watch?v=Ptp_PdVpiHY,https://img.youtube.com/vi/Ptp_PdVpiHY/maxresdefault.jpg,ClickedVideoListButton,PlayListButton-BH-VideoListButton-08,Section-D1a5-VideoList-BH,08. ??????,BH.08.,BH.08.,BH.08.,BH.08.,BH.08.,BH.08.,BH.08.,BH.08.,BH.08.,BH.08.
Section-D1a5-VideoList-BH,PlayListButton-BH-VideoListButton-09,09. Navasard - Tamam Ashkharh Ptut Eka (Sayat-Nova remix),https://www.youtube.com/watch?v=B2mqoPneh8o,https://img.youtube.com/vi/B2mqoPneh8o/maxresdefault.jpg,ClickedVideoListButton,PlayListButton-BH-VideoListButton-09,Section-D1a5-VideoList-BH,09. ??????,BH.09.,BH.09.,BH.09.,BH.09.,BH.09.,BH.09.,BH.09.,BH.09.,BH.09.,BH.09.
Section-D1a5-VideoList-BH,PlayListButton-BH-VideoListButton-10,10. Navasard - Ashkharhumas (Sayat-Nova remix),https://www.youtube.com/watch?v=FogXAsKH64Q,https://img.youtube.com/vi/FogXAsKH64Q/maxresdefault.jpg,ClickedVideoListButton,PlayListButton-BH-VideoListButton-10,Section-D1a5-VideoList-BH,10. ??????,BH.10.,BH.10.,BH.10.,BH.10.,BH.10.,BH.10.,BH.10.,BH.10.,BH.10.,BH.10.
Section-D1a5-VideoList-BH,PlayListButton-BH-VideoListButton-11,11. Navasard - Yis Qu Ghimetn Chim Gidi (Sayat-Nova remix),https://www.youtube.com/watch?v=Sd5uQxUhVcY,https://img.youtube.com/vi/Sd5uQxUhVcY/maxresdefault.jpg,ClickedVideoListButton,PlayListButton-BH-VideoListButton-11,Section-D1a5-VideoList-BH,11. ??????,BH.11.,BH.11.,BH.11.,BH.11.,BH.11.,BH.11.,BH.11.,BH.11.,BH.11.,BH.11.
Section-D1a5-VideoList-BH,PlayListButton-BH-VideoListButton-12,12. Navasard - Kamancha (Sayat-Nova remix),https://www.youtube.com/watch?v=8UY_SISobZY,https://img.youtube.com/vi/8UY_SISobZY/maxresdefault.jpg,ClickedVideoListButton,PlayListButton-BH-VideoListButton-12,Section-D1a5-VideoList-BH,12. ??????,BH.12.,BH.12.,BH.12.,BH.12.,BH.12.,BH.12.,BH.12.,BH.12.,BH.12.,BH.12.
Section-D1a5-VideoList-BH,PlayListButton-BH-VideoListButton-13,13. Navasard - Kujn Ara (Komitas remix),https://www.youtube.com/watch?v=DxaKU5OIakc,https://img.youtube.com/vi/DxaKU5OIakc/maxresdefault.jpg,ClickedVideoListButton,PlayListButton-BH-VideoListButton-13,Section-D1a5-VideoList-BH,13. ??????,BH.13.,BH.13.,BH.13.,BH.13.,BH.13.,BH.13.,BH.13.,BH.13.,BH.13.,BH.13.
Section-D1a5-VideoList-BH,PlayListButton-BH-VideoListButton-14,14. Navasard - Kele Lao (Folk remix),https://www.youtube.com/watch?v=SkwOaLSdlzo,https://img.youtube.com/vi/SkwOaLSdlzo/maxresdefault.jpg,ClickedVideoListButton,PlayListButton-BH-VideoListButton-14,Section-D1a5-VideoList-BH,14. ??????,BH.14.,BH.14.,BH.14.,BH.14.,BH.14.,BH.14.,BH.14.,BH.14.,BH.14.,BH.14.
Section-D1a5-VideoList-BH,PlayListButton-BH-VideoListButton-15,15. Navasard - Alagyaz (Folk remix),https://www.youtube.com/watch?v=m8oXMPmsTr4,https://img.youtube.com/vi/m8oXMPmsTr4/maxresdefault.jpg,ClickedVideoListButton,PlayListButton-BH-VideoListButton-15,Section-D1a5-VideoList-BH,15. ??????,BH.15.,BH.15.,BH.15.,BH.15.,BH.15.,BH.15.,BH.15.,BH.15.,BH.15.,BH.15.
Section-D1a5-VideoList-BH,PlayListButton-BH-VideoListButton-16,16. Navasard - Arajin Ser (Paruyr Sevak remix),https://www.youtube.com/watch?v=_MbfS2bRjGs,https://img.youtube.com/vi/_MbfS2bRjGs/maxresdefault.jpg,ClickedVideoListButton,PlayListButton-BH-VideoListButton-16,Section-D1a5-VideoList-BH,16. ??????,BH.16.,BH.16.,BH.16.,BH.16.,BH.16.,BH.16.,BH.16.,BH.16.,BH.16.,BH.16.
Section-D1a5-VideoList-BH,PlayListButton-BH-VideoListButton-17,17. Navasard - Dun En Glkhen (Sayat-Nova remix),https://www.youtube.com/watch?v=bPoXlMcFx4c,https://img.youtube.com/vi/bPoXlMcFx4c/maxresdefault.jpg,ClickedVideoListButton,PlayListButton-BH-VideoListButton-17,Section-D1a5-VideoList-BH,17. ??????,BH.17.,BH.17.,BH.17.,BH.17.,BH.17.,BH.17.,BH.17.,BH.17.,BH.17.,BH.17.
Section-D1a5-VideoList-BH,PlayListButton-BH-VideoListButton-18,18. Navasard - Na Mi Naz Uni (Folk remix),https://www.youtube.com/watch?v=eCrZ6bCe2Wc,https://img.youtube.com/vi/eCrZ6bCe2Wc/maxresdefault.jpg,ClickedVideoListButton,PlayListButton-BH-VideoListButton-18,Section-D1a5-VideoList-BH,18. ??????,BH.18.,BH.18.,BH.18.,BH.18.,BH.18.,BH.18.,BH.18.,BH.18.,BH.18.,BH.18.
Section-D1a5-VideoList-BH,PlayListButton-BH-VideoListButton-19,19. Navasard - Zar Znge (Folk remix),https://www.youtube.com/watch?v=gPnMz8FfnzY,https://img.youtube.com/vi/gPnMz8FfnzY/maxresdefault.jpg,ClickedVideoListButton,PlayListButton-BH-VideoListButton-19,Section-D1a5-VideoList-BH,19. ??????,BH.19.,BH.19.,BH.19.,BH.19.,BH.19.,BH.19.,BH.19.,BH.19.,BH.19.,BH.19.
Section-D1a5-VideoList-BH,PlayListButton-BH-VideoListButton-20,20. Navasard - Hov Arek (Komitas remix),https://www.youtube.com/watch?v=CYvgj2h3BzI,https://img.youtube.com/vi/CYvgj2h3BzI/maxresdefault.jpg,ClickedVideoListButton,PlayListButton-BH-VideoListButton-20,Section-D1a5-VideoList-BH,20. ??????,BH.20.,BH.20.,BH.20.,BH.20.,BH.20.,BH.20.,BH.20.,BH.20.,BH.20.,BH.20.
Section-D1a5-VideoList-BH,PlayListButton-BH-VideoListButton-21,21. Navasard - Im Anush Tavigh (R. Patkanian remix),https://www.youtube.com/watch?v=UYE6vwwiUYg,https://img.youtube.com/vi/UYE6vwwiUYg/maxresdefault.jpg,ClickedVideoListButton,PlayListButton-BH-VideoListButton-21,Section-D1a5-VideoList-BH,21. ??????,BH.21.,BH.21.,BH.21.,BH.21.,BH.21.,BH.21.,BH.21.,BH.21.,BH.21.,BH.21.
Section-D1a5-VideoList-BH,PlayListButton-BH-VideoListButton-22,"22. Navasard - Hogu Sov, Yes dzez asum em (Avetik Isahakyan remix)",https://www.youtube.com/watch?v=VtBHFYdOcS4,https://img.youtube.com/vi/VtBHFYdOcS4/maxresdefault.jpg,ClickedVideoListButton,PlayListButton-BH-VideoListButton-22,Section-D1a5-VideoList-BH,22. ??????,BH.22.,BH.22.,BH.22.,BH.22.,BH.22.,BH.22.,BH.22.,BH.22.,BH.22.,BH.22.
Section-D1a5-VideoList-BH,PlayListButton-BH-VideoListButton-23,23. Navasard - Gozal (Folk remix),https://www.youtube.com/watch?v=PnVHpcY7vzA,https://img.youtube.com/vi/PnVHpcY7vzA/maxresdefault.jpg,ClickedVideoListButton,PlayListButton-BH-VideoListButton-23,Section-D1a5-VideoList-BH,23. ??????,BH.23.,BH.23.,BH.23.,BH.23.,BH.23.,BH.23.,BH.23.,BH.23.,BH.23.,BH.23.
Section-D1a5-VideoList-BH,PlayListButton-BH-VideoListButton-24,24. Navasard - Lareri Artsunke (Original remix),https://www.youtube.com/watch?v=-5hxxt5pMFk,https://img.youtube.com/vi/-5hxxt5pMFk/maxresdefault.jpg,ClickedVideoListButton,PlayListButton-BH-VideoListButton-24,Section-D1a5-VideoList-BH,24. ??????,BH.24.,BH.24.,BH.24.,BH.24.,BH.24.,BH.24.,BH.24.,BH.24.,BH.24.,BH.24.
Section-D1a5-VideoList-BH,PlayListButton-BH-VideoListButton-25,25. Navasard - Kamancha (Sayat-Nova remix),https://www.youtube.com/watch?v=oNZsFQinQq4,https://img.youtube.com/vi/oNZsFQinQq4/maxresdefault.jpg,ClickedVideoListButton,PlayListButton-BH-VideoListButton-25,Section-D1a5-VideoList-BH,25. ??????,BH.25.,BH.25.,BH.25.,BH.25.,BH.25.,BH.25.,BH.25.,BH.25.,BH.25.,BH.25.
Section-D1a5-VideoList-BH,PlayListButton-BH-VideoListButton-26,26. Navasard - Dzakhord Orer (Ashugh Jivani remix),https://www.youtube.com/watch?v=0OqNlcTwCTw,https://img.youtube.com/vi/0OqNlcTwCTw/maxresdefault.jpg,ClickedVideoListButton,PlayListButton-BH-VideoListButton-26,Section-D1a5-VideoList-BH,26. ??????,BH.26.,BH.26.,BH.26.,BH.26.,BH.26.,BH.26.,BH.26.,BH.26.,BH.26.,BH.26.
Section-D1a5-VideoList-BH,PlayListButton-BH-VideoListButton-27,27. Navasard - Bingyol (Folk remix),https://www.youtube.com/watch?v=8Qrmy9YhJ7s,https://img.youtube.com/vi/8Qrmy9YhJ7s/maxresdefault.jpg,ClickedVideoListButton,PlayListButton-BH-VideoListButton-27,Section-D1a5-VideoList-BH,27. ??????,BH.27.,BH.27.,BH.27.,BH.27.,BH.27.,BH.27.,BH.27.,BH.27.,BH.27.,BH.27.
Section-D1a5-VideoList-BH,PlayListButton-BH-VideoListButton-28,28. Navasard - Yeraz Im Yerkir (Original remix),https://www.youtube.com/watch?v=1SpBywL-QuM,https://img.youtube.com/vi/1SpBywL-QuM/maxresdefault.jpg,ClickedVideoListButton,PlayListButton-BH-VideoListButton-28,Section-D1a5-VideoList-BH,28. ??????,BH.28.,BH.28.,BH.28.,BH.28.,BH.28.,BH.28.,BH.28.,BH.28.,BH.28.,BH.28.
Section-D1a5-VideoList-BH,PlayListButton-BH-VideoListButton-29,29. Navasard - Lusnak Gisher (Folk remix),https://www.youtube.com/watch?v=xycOSrDNe9E,https://img.youtube.com/vi/xycOSrDNe9E/maxresdefault.jpg,ClickedVideoListButton,PlayListButton-BH-VideoListButton-29,Section-D1a5-VideoList-BH,29. ??????,BH.29.,BH.29.,BH.29.,BH.29.,BH.29.,BH.29.,BH.29.,BH.29.,BH.29.,BH.29.
Section-D1a5-VideoList-BH,PlayListButton-BH-VideoListButton-30,30. Navasard - Qaghenq Khaghoghy (Folk remix),https://www.youtube.com/watch?v=MuBlvUwtjF4,https://img.youtube.com/vi/MuBlvUwtjF4/maxresdefault.jpg,ClickedVideoListButton,PlayListButton-BH-VideoListButton-30,Section-D1a5-VideoList-BH,30. ??????,BH.30.,BH.30.,BH.30.,BH.30.,BH.30.,BH.30.,BH.30.,BH.30.,BH.30.,BH.30.
Section-D1a5-VideoList-BI,PlayListButton-BI-VideoListButton-01,01. Hye Pulse - Karot (Adiss Harmandian remix cover),https://www.youtube.com/watch?v=vA5syFknlec,https://img.youtube.com/vi/vA5syFknlec/maxresdefault.jpg,ClickedVideoListButton,PlayListButton-BI-VideoListButton-01,Section-D1a5-VideoList-BI,01. ??????,BI.01.,BI.01.,BI.01.,BI.01.,BI.01.,BI.01.,BI.01.,BI.01.,BI.01.,BI.01.
Section-D1a5-VideoList-BI,PlayListButton-BI-VideoListButton-02,02. Hye Pulse - Mekhakner (Adiss Harmandian remix cover),https://www.youtube.com/watch?v=MQWwjBYQhBg,https://img.youtube.com/vi/MQWwjBYQhBg/maxresdefault.jpg,ClickedVideoListButton,PlayListButton-BI-VideoListButton-02,Section-D1a5-VideoList-BI,02. ??????,BI.02.,BI.02.,BI.02.,BI.02.,BI.02.,BI.02.,BI.02.,BI.02.,BI.02.,BI.02.
Section-D1a5-VideoList-BI,PlayListButton-BI-VideoListButton-03,03. Hye Pulse - Vortegh Gtnem Kez (Khachatur Avetisyan & Ludvig Duryan remix),https://www.youtube.com/watch?v=BIgw_sxEg84,https://img.youtube.com/vi/BIgw_sxEg84/maxresdefault.jpg,ClickedVideoListButton,PlayListButton-BI-VideoListButton-03,Section-D1a5-VideoList-BI,03. ??????,BI.03.,BI.03.,BI.03.,BI.03.,BI.03.,BI.03.,BI.03.,BI.03.,BI.03.,BI.03.
Section-D1a5-VideoList-BI,PlayListButton-BI-VideoListButton-04,04. Hye Pulse - Chknagh Yeraz (Arno Babajanian & Aramayis Sahakyan remix),https://www.youtube.com/watch?v=idvG2cJkTXQ,https://img.youtube.com/vi/idvG2cJkTXQ/maxresdefault.jpg,ClickedVideoListButton,PlayListButton-BI-VideoListButton-04,Section-D1a5-VideoList-BI,04. ??????,BI.04.,BI.04.,BI.04.,BI.04.,BI.04.,BI.04.,BI.04.,BI.04.,BI.04.,BI.04.
Section-D1a5-VideoList-BI,PlayListButton-BI-VideoListButton-05,05. Hye Pulse - Anush Garun (Daniel Ghazarian remix),https://www.youtube.com/watch?v=9VFmiC9Ypt8,https://img.youtube.com/vi/9VFmiC9Ypt8/maxresdefault.jpg,ClickedVideoListButton,PlayListButton-BI-VideoListButton-05,Section-D1a5-VideoList-BI,05. ??????,BI.05.,BI.05.,BI.05.,BI.05.,BI.05.,BI.05.,BI.05.,BI.05.,BI.05.,BI.05.
Section-D1a5-VideoList-BI,PlayListButton-BI-VideoListButton-06,06. Hye Pulse - Sev Achere (Paul Baghdadlian remix cover),https://www.youtube.com/watch?v=PqKkW_GF1ZI,https://img.youtube.com/vi/PqKkW_GF1ZI/maxresdefault.jpg,ClickedVideoListButton,PlayListButton-BI-VideoListButton-06,Section-D1a5-VideoList-BI,06. ??????,BI.06.,BI.06.,BI.06.,BI.06.,BI.06.,BI.06.,BI.06.,BI.06.,BI.06.,BI.06.
Section-D1a5-VideoList-BI,PlayListButton-BI-VideoListButton-07,07. Hye Pulse - Yes Sirum Em Ko Meghavor Achkere Khor (Vahan Terian remix),https://www.youtube.com/watch?v=5OHX6hFpexg,https://img.youtube.com/vi/5OHX6hFpexg/maxresdefault.jpg,ClickedVideoListButton,PlayListButton-BI-VideoListButton-07,Section-D1a5-VideoList-BI,07. ??????,BI.07.,BI.07.,BI.07.,BI.07.,BI.07.,BI.07.,BI.07.,BI.07.,BI.07.,BI.07.
Section-D1a5-VideoList-BI,PlayListButton-BI-VideoListButton-08,08. Hye Pulse - Nran (Hovhannes Tumanyan remix),https://www.youtube.com/watch?v=oUjJa-H_0Zw,https://img.youtube.com/vi/oUjJa-H_0Zw/maxresdefault.jpg,ClickedVideoListButton,PlayListButton-BI-VideoListButton-08,Section-D1a5-VideoList-BI,08. ??????,BI.08.,BI.08.,BI.08.,BI.08.,BI.08.,BI.08.,BI.08.,BI.08.,BI.08.,BI.08.
Section-D1a5-VideoList-BI,PlayListButton-BI-VideoListButton-09,09. Hye Pulse - Yes Im Anush Hayastani (Yeghishe Charents remix),https://www.youtube.com/watch?v=_jlURoyKWqY,https://img.youtube.com/vi/_jlURoyKWqY/maxresdefault.jpg,ClickedVideoListButton,PlayListButton-BI-VideoListButton-09,Section-D1a5-VideoList-BI,09. ??????,BI.09.,BI.09.,BI.09.,BI.09.,BI.09.,BI.09.,BI.09.,BI.09.,BI.09.,BI.09.
Section-D1a5-VideoList-BI,PlayListButton-BI-VideoListButton-10,10. Hye Pulse - Khaghagh Gisherov Du Kgas Indz Mot (Vahan Terian remix),https://www.youtube.com/watch?v=j0GOdvXUejs,https://img.youtube.com/vi/j0GOdvXUejs/maxresdefault.jpg,ClickedVideoListButton,PlayListButton-BI-VideoListButton-10,Section-D1a5-VideoList-BI,10. ??????,BI.10.,BI.10.,BI.10.,BI.10.,BI.10.,BI.10.,BI.10.,BI.10.,BI.10.,BI.10.
Section-D1a5-VideoList-BI,PlayListButton-BI-VideoListButton-11,11. Hye Pulse - Krunk (Komitas remix),https://www.youtube.com/watch?v=rq5Dzo0S1UY,https://img.youtube.com/vi/rq5Dzo0S1UY/maxresdefault.jpg,ClickedVideoListButton,PlayListButton-BI-VideoListButton-11,Section-D1a5-VideoList-BI,11. ??????,BI.11.,BI.11.,BI.11.,BI.11.,BI.11.,BI.11.,BI.11.,BI.11.,BI.11.,BI.11.
Section-D1a5-VideoList-BI,PlayListButton-BI-VideoListButton-12,12. Hye Pulse - Antuni (Komitas remix),https://www.youtube.com/watch?v=p2Rx9pbDqOU,https://img.youtube.com/vi/p2Rx9pbDqOU/maxresdefault.jpg,ClickedVideoListButton,PlayListButton-BI-VideoListButton-12,Section-D1a5-VideoList-BI,12. ??????,BI.12.,BI.12.,BI.12.,BI.12.,BI.12.,BI.12.,BI.12.,BI.12.,BI.12.,BI.12.
Section-D1a5-VideoList-BI,PlayListButton-BI-VideoListButton-13,13. Hye Pulse - Sari Sirun Yar (Komitas remix),https://www.youtube.com/watch?v=hlRV0aCv_UQ,https://img.youtube.com/vi/hlRV0aCv_UQ/maxresdefault.jpg,ClickedVideoListButton,PlayListButton-BI-VideoListButton-13,Section-D1a5-VideoList-BI,13. ??????,BI.13.,BI.13.,BI.13.,BI.13.,BI.13.,BI.13.,BI.13.,BI.13.,BI.13.,BI.13.
Section-D1a5-VideoList-BI,PlayListButton-BI-VideoListButton-14,14. Hye Pulse - Ov Sirun Sirun (Levon Mirijanian remix),https://www.youtube.com/watch?v=h_wmeySON4c,https://img.youtube.com/vi/h_wmeySON4c/maxresdefault.jpg,ClickedVideoListButton,PlayListButton-BI-VideoListButton-14,Section-D1a5-VideoList-BI,14. ??????,BI.14.,BI.14.,BI.14.,BI.14.,BI.14.,BI.14.,BI.14.,BI.14.,BI.14.,BI.14.
Section-D1a5-VideoList-BI,PlayListButton-BI-VideoListButton-15,15. Hye Pulse - Garnan Aravot (Hovhannes Tumanyan remix),https://www.youtube.com/watch?v=9dWvgyKjh1k,https://img.youtube.com/vi/9dWvgyKjh1k/maxresdefault.jpg,ClickedVideoListButton,PlayListButton-BI-VideoListButton-15,Section-D1a5-VideoList-BI,15. ??????,BI.15.,BI.15.,BI.15.,BI.15.,BI.15.,BI.15.,BI.15.,BI.15.,BI.15.,BI.15.
Section-D1a5-VideoList-BI,PlayListButton-BI-VideoListButton-16,16. Hye Pulse - Yek Ays Gisher (Harout Pampukchian remix cover),https://www.youtube.com/watch?v=_0ZyDkMmWRU,https://img.youtube.com/vi/_0ZyDkMmWRU/maxresdefault.jpg,ClickedVideoListButton,PlayListButton-BI-VideoListButton-16,Section-D1a5-VideoList-BI,16. ??????,BI.16.,BI.16.,BI.16.,BI.16.,BI.16.,BI.16.,BI.16.,BI.16.,BI.16.,BI.16.
Section-D1a5-VideoList-BI,PlayListButton-BI-VideoListButton-17,17. Hye Pulse - Hayi Achker (Robert Amirkhanyan remix cover),https://www.youtube.com/watch?v=Z85Naabdqho,https://img.youtube.com/vi/Z85Naabdqho/maxresdefault.jpg,ClickedVideoListButton,PlayListButton-BI-VideoListButton-17,Section-D1a5-VideoList-BI,17. ??????,BI.17.,BI.17.,BI.17.,BI.17.,BI.17.,BI.17.,BI.17.,BI.17.,BI.17.,BI.17.
Section-D1a5-VideoList-BI,PlayListButton-BI-VideoListButton-18,18. Hye Pulse - Yerevani Gishernerum (Ruben Hakhverdyan remix cover),https://www.youtube.com/watch?v=aX40RaObQZI,https://img.youtube.com/vi/aX40RaObQZI/maxresdefault.jpg,ClickedVideoListButton,PlayListButton-BI-VideoListButton-18,Section-D1a5-VideoList-BI,18. ??????,BI.18.,BI.18.,BI.18.,BI.18.,BI.18.,BI.18.,BI.18.,BI.18.,BI.18.,BI.18.
Section-D1a5-VideoList-BI,PlayListButton-BI-VideoListButton-19,19. Hye Pulse - Gisher E Gisher (Adiss Harmandian remix cover),https://www.youtube.com/watch?v=0jQM5Cg5D1Q,https://img.youtube.com/vi/0jQM5Cg5D1Q/maxresdefault.jpg,ClickedVideoListButton,PlayListButton-BI-VideoListButton-19,Section-D1a5-VideoList-BI,19. ??????,BI.19.,BI.19.,BI.19.,BI.19.,BI.19.,BI.19.,BI.19.,BI.19.,BI.19.,BI.19.
Section-D1a5-VideoList-BI,PlayListButton-BI-VideoListButton-20,20. Hye Pulse - Zangir Yerb Tun Hasnes (Original remix),https://www.youtube.com/watch?v=DX0Yx_afn00,https://img.youtube.com/vi/DX0Yx_afn00/maxresdefault.jpg,ClickedVideoListButton,PlayListButton-BI-VideoListButton-20,Section-D1a5-VideoList-BI,20. ??????,BI.20.,BI.20.,BI.20.,BI.20.,BI.20.,BI.20.,BI.20.,BI.20.,BI.20.,BI.20.
Section-D1a5-VideoList-BI,PlayListButton-BI-VideoListButton-21,21. Hye Pulse - Siro Yerg (Arno Babajanyan & Vladimir Harutyunyan remix),https://www.youtube.com/watch?v=MwgLU4Qgp0A,https://img.youtube.com/vi/MwgLU4Qgp0A/maxresdefault.jpg,ClickedVideoListButton,PlayListButton-BI-VideoListButton-21,Section-D1a5-VideoList-BI,21. ??????,BI.21.,BI.21.,BI.21.,BI.21.,BI.21.,BI.21.,BI.21.,BI.21.,BI.21.,BI.21.
Section-D1a5-VideoList-BI,PlayListButton-BI-VideoListButton-22,22. Hye Pulse - Tariner Tariner (Harout Pamboukjian remix cover),https://www.youtube.com/watch?v=PWPEvv7FtMw,https://img.youtube.com/vi/PWPEvv7FtMw/maxresdefault.jpg,ClickedVideoListButton,PlayListButton-BI-VideoListButton-22,Section-D1a5-VideoList-BI,22. ??????,BI.22.,BI.22.,BI.22.,BI.22.,BI.22.,BI.22.,BI.22.,BI.22.,BI.22.,BI.22.
Section-D1a5-VideoList-BI,PlayListButton-BI-VideoListButton-23,23. Hye Pulse - Yerevani Sirun Akhchik (Arno Babajanian remix cover),https://www.youtube.com/watch?v=pQfTPemRavI,https://img.youtube.com/vi/pQfTPemRavI/maxresdefault.jpg,ClickedVideoListButton,PlayListButton-BI-VideoListButton-23,Section-D1a5-VideoList-BI,23. ??????,BI.23.,BI.23.,BI.23.,BI.23.,BI.23.,BI.23.,BI.23.,BI.23.,BI.23.,BI.23.
Section-D1a5-VideoList-BI,PlayListButton-BI-VideoListButton-24,24. Hye Pulse - Gisher Yev Husher (Vahan Terian remix),https://www.youtube.com/watch?v=ujKwVhmem7Y,https://img.youtube.com/vi/ujKwVhmem7Y/maxresdefault.jpg,ClickedVideoListButton,PlayListButton-BI-VideoListButton-24,Section-D1a5-VideoList-BI,24. ??????,BI.24.,BI.24.,BI.24.,BI.24.,BI.24.,BI.24.,BI.24.,BI.24.,BI.24.,BI.24.
Section-D1a5-VideoList-BI,PlayListButton-BI-VideoListButton-25,25. Hye Pulse - Tsitsernak (Folk remix),https://www.youtube.com/watch?v=dpaetE0_X8g,https://img.youtube.com/vi/dpaetE0_X8g/maxresdefault.jpg,ClickedVideoListButton,PlayListButton-BI-VideoListButton-25,Section-D1a5-VideoList-BI,25. ??????,BI.25.,BI.25.,BI.25.,BI.25.,BI.25.,BI.25.,BI.25.,BI.25.,BI.25.,BI.25.
Section-D1a5-VideoList-BI,PlayListButton-BI-VideoListButton-26,26. Hye Pulse - Various (Armenian Duduk remix),https://www.youtube.com/watch?v=jCZZXxrPjtM,https://img.youtube.com/vi/jCZZXxrPjtM/maxresdefault.jpg,ClickedVideoListButton,PlayListButton-BI-VideoListButton-26,Section-D1a5-VideoList-BI,26. ??????,BI.26.,BI.26.,BI.26.,BI.26.,BI.26.,BI.26.,BI.26.,BI.26.,BI.26.,BI.26.
Section-D1a5-VideoList-BI,PlayListButton-BI-VideoListButton-27,27. Hye Pulse - The Soul Crying (Armenian Duduk Meditation remix),https://www.youtube.com/watch?v=ku6PI-Bkomk,https://img.youtube.com/vi/ku6PI-Bkomk/maxresdefault.jpg,ClickedVideoListButton,PlayListButton-BI-VideoListButton-27,Section-D1a5-VideoList-BI,27. ??????,BI.27.,BI.27.,BI.27.,BI.27.,BI.27.,BI.27.,BI.27.,BI.27.,BI.27.,BI.27.
Section-D1a5-VideoList-BJ,PlayListButton-BJ-VideoListButton-01,01. Suntribe - Kyanqi Karusel (Folk remix),https://www.youtube.com/watch?v=m5R-j6um8A4,https://img.youtube.com/vi/m5R-j6um8A4/maxresdefault.jpg,ClickedVideoListButton,PlayListButton-BJ-VideoListButton-01,Section-D1a5-VideoList-BJ,01. ??????,BJ.01.,BJ.01.,BJ.01.,BJ.01.,BJ.01.,BJ.01.,BJ.01.,BJ.01.,BJ.01.,BJ.01.
Section-D1a5-VideoList-BJ,PlayListButton-BJ-VideoListButton-02,02. Suntribe - Ampi Takits Jur E Galis (Folk remix),https://www.youtube.com/watch?v=12Zii345GNA,https://img.youtube.com/vi/12Zii345GNA/maxresdefault.jpg,ClickedVideoListButton,PlayListButton-BJ-VideoListButton-02,Section-D1a5-VideoList-BJ,02. ??????,BJ.02.,BJ.02.,BJ.02.,BJ.02.,BJ.02.,BJ.02.,BJ.02.,BJ.02.,BJ.02.,BJ.02.
Section-D1a5-VideoList-BJ,PlayListButton-BJ-VideoListButton-03,03. Suntribe - Astvats Indz Mi Jampa Tur (Spitaktsi Hyko remix cover),https://www.youtube.com/watch?v=0cGvIw_crpw,https://img.youtube.com/vi/0cGvIw_crpw/maxresdefault.jpg,ClickedVideoListButton,PlayListButton-BJ-VideoListButton-03,Section-D1a5-VideoList-BJ,03. ??????,BJ.03.,BJ.03.,BJ.03.,BJ.03.,BJ.03.,BJ.03.,BJ.03.,BJ.03.,BJ.03.,BJ.03.
Section-D1a5-VideoList-BJ,PlayListButton-BJ-VideoListButton-04,04. Suntribe - Nerir Indz (Armen Aloyan remix cover),https://www.youtube.com/watch?v=sYK59B9jo24,https://img.youtube.com/vi/sYK59B9jo24/maxresdefault.jpg,ClickedVideoListButton,PlayListButton-BJ-VideoListButton-04,Section-D1a5-VideoList-BJ,04. ??????,BJ.04.,BJ.04.,BJ.04.,BJ.04.,BJ.04.,BJ.04.,BJ.04.,BJ.04.,BJ.04.,BJ.04.
Section-D1a5-VideoList-BJ,PlayListButton-BJ-VideoListButton-05,05. Suntribe - Im Hasake (Karen Gevorgyan & Flora Martirosyan remix cover),https://www.youtube.com/watch?v=hLR3igGnL2o,https://img.youtube.com/vi/hLR3igGnL2o/maxresdefault.jpg,ClickedVideoListButton,PlayListButton-BJ-VideoListButton-05,Section-D1a5-VideoList-BJ,05. ??????,BJ.05.,BJ.05.,BJ.05.,BJ.05.,BJ.05.,BJ.05.,BJ.05.,BJ.05.,BJ.05.,BJ.05.
Section-D1a5-VideoList-BJ,PlayListButton-BJ-VideoListButton-06,06. Suntribe - Shaba Daba Dash (Tata remix cover),https://www.youtube.com/watch?v=0jgZQEYBgiw,https://img.youtube.com/vi/0jgZQEYBgiw/maxresdefault.jpg,ClickedVideoListButton,PlayListButton-BJ-VideoListButton-06,Section-D1a5-VideoList-BJ,06. ??????,BJ.06.,BJ.06.,BJ.06.,BJ.06.,BJ.06.,BJ.06.,BJ.06.,BJ.06.,BJ.06.,BJ.06.
Section-D1a5-VideoList-BJ,PlayListButton-BJ-VideoListButton-07,07. Suntribe - Patits Kakhvats Im Jutake (Folk remix),https://www.youtube.com/watch?v=tk23sXuoT-g,https://img.youtube.com/vi/tk23sXuoT-g/maxresdefault.jpg,ClickedVideoListButton,PlayListButton-BJ-VideoListButton-07,Section-D1a5-VideoList-BJ,07. ??????,BJ.07.,BJ.07.,BJ.07.,BJ.07.,BJ.07.,BJ.07.,BJ.07.,BJ.07.,BJ.07.,BJ.07.
Section-D1a5-VideoList-BJ,PlayListButton-BJ-VideoListButton-08,08. Suntribe - Sagh Suta (remix cover),https://www.youtube.com/watch?v=S7Q3XHCem78,https://img.youtube.com/vi/S7Q3XHCem78/maxresdefault.jpg,ClickedVideoListButton,PlayListButton-BJ-VideoListButton-08,Section-D1a5-VideoList-BJ,08. ??????,BJ.08.,BJ.08.,BJ.08.,BJ.08.,BJ.08.,BJ.08.,BJ.08.,BJ.08.,BJ.08.,BJ.08.
Section-D1a5-VideoList-BJ,PlayListButton-BJ-VideoListButton-09,09. Suntribe - Tsaghikner Tsaghikner (remix cover),https://www.youtube.com/watch?v=cr7kcFe5Fa0,https://img.youtube.com/vi/cr7kcFe5Fa0/maxresdefault.jpg,ClickedVideoListButton,PlayListButton-BJ-VideoListButton-09,Section-D1a5-VideoList-BJ,09. ??????,BJ.09.,BJ.09.,BJ.09.,BJ.09.,BJ.09.,BJ.09.,BJ.09.,BJ.09.,BJ.09.,BJ.09.
Section-D1a5-VideoList-BJ,PlayListButton-BJ-VideoListButton-10,10. Suntribe - Mashinen Ekav Yaro Jan (Folk remix),https://www.youtube.com/watch?v=aflpwQwvQC0,https://img.youtube.com/vi/aflpwQwvQC0/maxresdefault.jpg,ClickedVideoListButton,PlayListButton-BJ-VideoListButton-10,Section-D1a5-VideoList-BJ,10. ??????,BJ.10.,BJ.10.,BJ.10.,BJ.10.,BJ.10.,BJ.10.,BJ.10.,BJ.10.,BJ.10.,BJ.10.
Section-D1a5-VideoList-BJ,PlayListButton-BJ-VideoListButton-11,11. Suntribe - Im Tiyezerk / My Universe (Tatev Gulian remix),https://www.youtube.com/watch?v=ko_QFeyaQvY,https://img.youtube.com/vi/ko_QFeyaQvY/maxresdefault.jpg,ClickedVideoListButton,PlayListButton-BJ-VideoListButton-11,Section-D1a5-VideoList-BJ,11. ??????,BJ.11.,BJ.11.,BJ.11.,BJ.11.,BJ.11.,BJ.11.,BJ.11.,BJ.11.,BJ.11.,BJ.11.
Section-D1a5-VideoList-BJ,PlayListButton-BJ-VideoListButton-12,12. Suntribe - Missing Puzzle (remix),https://www.youtube.com/watch?v=Y7h2yh0OYOk,https://img.youtube.com/vi/Y7h2yh0OYOk/maxresdefault.jpg,ClickedVideoListButton,PlayListButton-BJ-VideoListButton-12,Section-D1a5-VideoList-BJ,12. ??????,BJ.12.,BJ.12.,BJ.12.,BJ.12.,BJ.12.,BJ.12.,BJ.12.,BJ.12.,BJ.12.,BJ.12.
Section-D1a5-VideoList-BJ,PlayListButton-BJ-VideoListButton-13,13. Suntribe - People (Original remix),https://www.youtube.com/watch?v=LRCQeRO99UA,https://img.youtube.com/vi/LRCQeRO99UA/maxresdefault.jpg,ClickedVideoListButton,PlayListButton-BJ-VideoListButton-13,Section-D1a5-VideoList-BJ,13. ??????,BJ.13.,BJ.13.,BJ.13.,BJ.13.,BJ.13.,BJ.13.,BJ.13.,BJ.13.,BJ.13.,BJ.13.
Section-D1a5-VideoList-BJ,PlayListButton-BJ-VideoListButton-14,14. Suntribe - Joshua Tree (remix),https://www.youtube.com/watch?v=mfSr9CICFWM,https://img.youtube.com/vi/mfSr9CICFWM/maxresdefault.jpg,ClickedVideoListButton,PlayListButton-BJ-VideoListButton-14,Section-D1a5-VideoList-BJ,14. ??????,BJ.14.,BJ.14.,BJ.14.,BJ.14.,BJ.14.,BJ.14.,BJ.14.,BJ.14.,BJ.14.,BJ.14.
Section-D1a5-VideoList-BJ,PlayListButton-BJ-VideoListButton-15,15. Suntribe - Take Me With You (remix),https://www.youtube.com/watch?v=8JIgw_p69Tk,https://img.youtube.com/vi/8JIgw_p69Tk/maxresdefault.jpg,ClickedVideoListButton,PlayListButton-BJ-VideoListButton-15,Section-D1a5-VideoList-BJ,15. ??????,BJ.15.,BJ.15.,BJ.15.,BJ.15.,BJ.15.,BJ.15.,BJ.15.,BJ.15.,BJ.15.,BJ.15.
Section-D1a5-VideoList-BJ,PlayListButton-BJ-VideoListButton-16,16. Suntribe - Look At Me (Original remix),https://www.youtube.com/watch?v=8CdQ2ytHN3M,https://img.youtube.com/vi/8CdQ2ytHN3M/maxresdefault.jpg,ClickedVideoListButton,PlayListButton-BJ-VideoListButton-16,Section-D1a5-VideoList-BJ,16. ??????,BJ.16.,BJ.16.,BJ.16.,BJ.16.,BJ.16.,BJ.16.,BJ.16.,BJ.16.,BJ.16.,BJ.16.
Section-D1a5-VideoList-BK,PlayListButton-BK-VideoListButton-01,01. AR.BAN.EAK project - Merjum (Misak Metsarents remix),https://www.youtube.com/watch?v=BRqJWBnnQFg,https://img.youtube.com/vi/BRqJWBnnQFg/maxresdefault.jpg,ClickedVideoListButton,PlayListButton-BK-VideoListButton-01,Section-D1a5-VideoList-BK,01. ??????,BK.01.,BK.01.,BK.01.,BK.01.,BK.01.,BK.01.,BK.01.,BK.01.,BK.01.,BK.01.
Section-D1a5-VideoList-BK,PlayListButton-BK-VideoListButton-02,02. AR.BAN.EAK project - Zangeri Kantche (Mher Mkhitaryan remix),https://www.youtube.com/watch?v=sQ8pdTwncSg,https://img.youtube.com/vi/sQ8pdTwncSg/maxresdefault.jpg,ClickedVideoListButton,PlayListButton-BK-VideoListButton-02,Section-D1a5-VideoList-BK,02. ??????,BK.02.,BK.02.,BK.02.,BK.02.,BK.02.,BK.02.,BK.02.,BK.02.,BK.02.,BK.02.
Section-D1a5-VideoList-BK,PlayListButton-BK-VideoListButton-03,03. AR.BAN.EAK project - Artvan Arevi Mej (Misak Metsarents remix),https://www.youtube.com/watch?v=j4RENmo3498,https://img.youtube.com/vi/j4RENmo3498/maxresdefault.jpg,ClickedVideoListButton,PlayListButton-BK-VideoListButton-03,Section-D1a5-VideoList-BK,03. ??????,BK.03.,BK.03.,BK.03.,BK.03.,BK.03.,BK.03.,BK.03.,BK.03.,BK.03.,BK.03.
Section-D1a5-VideoList-BK,PlayListButton-BK-VideoListButton-04,04. AR.BAN.EAK project - Hyughe (Misak Metsarents remix),https://www.youtube.com/watch?v=fzWAz8T1-xU,https://img.youtube.com/vi/fzWAz8T1-xU/maxresdefault.jpg,ClickedVideoListButton,PlayListButton-BK-VideoListButton-04,Section-D1a5-VideoList-BK,04. ??????,BK.04.,BK.04.,BK.04.,BK.04.,BK.04.,BK.04.,BK.04.,BK.04.,BK.04.,BK.04.
Section-D1a5-VideoList-BK,PlayListButton-BK-VideoListButton-05,05. AR.BAN.EAK project - Arevin (Misak Metsarents remix),https://www.youtube.com/watch?v=rPLo-Ty1A8I,https://img.youtube.com/vi/rPLo-Ty1A8I/maxresdefault.jpg,ClickedVideoListButton,PlayListButton-BK-VideoListButton-05,Section-D1a5-VideoList-BK,05. ??????,BK.05.,BK.05.,BK.05.,BK.05.,BK.05.,BK.05.,BK.05.,BK.05.,BK.05.,BK.05.
Section-D1a5-VideoList-BK,PlayListButton-BK-VideoListButton-06,06. AR.BAN.EAK project - Siretsek zMimyans (Petros Duryan remix),https://www.youtube.com/watch?v=yyq4lr1lI6s,https://img.youtube.com/vi/yyq4lr1lI6s/maxresdefault.jpg,ClickedVideoListButton,PlayListButton-BK-VideoListButton-06,Section-D1a5-VideoList-BK,06. ??????,BK.06.,BK.06.,BK.06.,BK.06.,BK.06.,BK.06.,BK.06.,BK.06.,BK.06.,BK.06.
Section-D1a5-VideoList-BK,PlayListButton-BK-VideoListButton-07,07. AR.BAN.EAK project - Sirel (Petros Duryan remix),https://www.youtube.com/watch?v=IKZYl2aJIzc,https://img.youtube.com/vi/IKZYl2aJIzc/maxresdefault.jpg,ClickedVideoListButton,PlayListButton-BK-VideoListButton-07,Section-D1a5-VideoList-BK,07. ??????,BK.07.,BK.07.,BK.07.,BK.07.,BK.07.,BK.07.,BK.07.,BK.07.,BK.07.,BK.07.
Section-D1a5-VideoList-BK,PlayListButton-BK-VideoListButton-08,08. AR.BAN.EAK project - Irikune (Misak Metsarents remix),https://www.youtube.com/watch?v=5lDqNT7TTYY,https://img.youtube.com/vi/5lDqNT7TTYY/maxresdefault.jpg,ClickedVideoListButton,PlayListButton-BK-VideoListButton-08,Section-D1a5-VideoList-BK,08. ??????,BK.08.,BK.08.,BK.08.,BK.08.,BK.08.,BK.08.,BK.08.,BK.08.,BK.08.,BK.08.
Section-D1a5-VideoList-BK,PlayListButton-BK-VideoListButton-09,09. AR.BAN.EAK project - Hognel Em Arten (Hamo Sahyan remix),https://www.youtube.com/watch?v=PUcsscfwQ5A,https://img.youtube.com/vi/PUcsscfwQ5A/maxresdefault.jpg,ClickedVideoListButton,PlayListButton-BK-VideoListButton-09,Section-D1a5-VideoList-BK,09. ??????,BK.09.,BK.09.,BK.09.,BK.09.,BK.09.,BK.09.,BK.09.,BK.09.,BK.09.,BK.09.
Section-D1a5-VideoList-BK,PlayListButton-BK-VideoListButton-10,10. AR.BAN.EAK project - Hayots Lernerum (Hovhanes Tumanyan remix),https://www.youtube.com/watch?v=UUbUDp1DyEY,https://img.youtube.com/vi/UUbUDp1DyEY/maxresdefault.jpg,ClickedVideoListButton,PlayListButton-BK-VideoListButton-10,Section-D1a5-VideoList-BK,10. ??????,BK.10.,BK.10.,BK.10.,BK.10.,BK.10.,BK.10.,BK.10.,BK.10.,BK.10.,BK.10.
Section-D1a5-VideoList-BK,PlayListButton-BK-VideoListButton-11,11. AR.BAN.EAK project - Zguysh Khosir Hayastanum (Gevorg Emin remix),https://www.youtube.com/watch?v=uIWzFd4cIK8,https://img.youtube.com/vi/uIWzFd4cIK8/maxresdefault.jpg,ClickedVideoListButton,PlayListButton-BK-VideoListButton-11,Section-D1a5-VideoList-BK,11. ??????,BK.11.,BK.11.,BK.11.,BK.11.,BK.11.,BK.11.,BK.11.,BK.11.,BK.11.,BK.11.
Section-D1a5-VideoList-BL,PlayListButton-BL-VideoListButton-01,01. 421Yerevan Café - Dle Yaman (Folk remix),https://www.youtube.com/watch?v=HCZC5Hg6k6s,https://img.youtube.com/vi/HCZC5Hg6k6s/maxresdefault.jpg,ClickedVideoListButton,PlayListButton-BL-VideoListButton-01,Section-D1a5-VideoList-BL,01. ??????,BL.01.,BL.01.,BL.01.,BL.01.,BL.01.,BL.01.,BL.01.,BL.01.,BL.01.,BL.01.
Section-D1a5-VideoList-BL,PlayListButton-BL-VideoListButton-02,02. 421Yerevan Café - Hov Areq Sarer Jan (Folk remix),https://www.youtube.com/watch?v=cInl_yy-nsA,https://img.youtube.com/vi/cInl_yy-nsA/maxresdefault.jpg,ClickedVideoListButton,PlayListButton-BL-VideoListButton-02,Section-D1a5-VideoList-BL,02. ??????,BL.02.,BL.02.,BL.02.,BL.02.,BL.02.,BL.02.,BL.02.,BL.02.,BL.02.,BL.02.
Section-D1a5-VideoList-BL,PlayListButton-BL-VideoListButton-03,03. 421Yerevan Café - Tsitsernak (Folk remix),https://www.youtube.com/watch?v=Xrvmu3U8KsU,https://img.youtube.com/vi/Xrvmu3U8KsU/maxresdefault.jpg,ClickedVideoListButton,PlayListButton-BL-VideoListButton-03,Section-D1a5-VideoList-BL,03. ??????,BL.03.,BL.03.,BL.03.,BL.03.,BL.03.,BL.03.,BL.03.,BL.03.,BL.03.,BL.03.
Section-D1a5-VideoList-BL,PlayListButton-BL-VideoListButton-04,04. 421Yerevan Café - Sari Aghjik (Folk remix),https://www.youtube.com/watch?v=IC_Lcu6VJHs,https://img.youtube.com/vi/IC_Lcu6VJHs/maxresdefault.jpg,ClickedVideoListButton,PlayListButton-BL-VideoListButton-04,Section-D1a5-VideoList-BL,04. ??????,BL.04.,BL.04.,BL.04.,BL.04.,BL.04.,BL.04.,BL.04.,BL.04.,BL.04.,BL.04.
Section-D1a5-VideoList-BL,PlayListButton-BL-VideoListButton-05,05. 421Yerevan Café - Amare Galis E (remix),https://www.youtube.com/watch?v=mwEd7SUnS0U,https://img.youtube.com/vi/mwEd7SUnS0U/maxresdefault.jpg,ClickedVideoListButton,PlayListButton-BL-VideoListButton-05,Section-D1a5-VideoList-BL,05. ??????,BL.05.,BL.05.,BL.05.,BL.05.,BL.05.,BL.05.,BL.05.,BL.05.,BL.05.,BL.05.
Section-D1a5-VideoList-BL,PlayListButton-BL-VideoListButton-06,06. 421Yerevan Café - Elele Jan (remix),https://www.youtube.com/watch?v=JWUgDYL0hhs,https://img.youtube.com/vi/JWUgDYL0hhs/maxresdefault.jpg,ClickedVideoListButton,PlayListButton-BL-VideoListButton-06,Section-D1a5-VideoList-BL,06. ??????,BL.06.,BL.06.,BL.06.,BL.06.,BL.06.,BL.06.,BL.06.,BL.06.,BL.06.,BL.06.
Section-D1a5-VideoList-BL,PlayListButton-BL-VideoListButton-07,07. 421Yerevan Café - Hetd Kgam (Tigran Jamkochyan remix cover),https://www.youtube.com/watch?v=YvuJfU_zSNA,https://img.youtube.com/vi/YvuJfU_zSNA/maxresdefault.jpg,ClickedVideoListButton,PlayListButton-BL-VideoListButton-07,Section-D1a5-VideoList-BL,07. ??????,BL.07.,BL.07.,BL.07.,BL.07.,BL.07.,BL.07.,BL.07.,BL.07.,BL.07.,BL.07.
Section-D1a5-VideoList-BL,PlayListButton-BL-VideoListButton-08,08. 421Yerevan Café - Ays Khoskers Vardi Push En (Edik Harutyunyan remix cover),https://www.youtube.com/watch?v=WmDkYxvTSto,https://img.youtube.com/vi/WmDkYxvTSto/maxresdefault.jpg,ClickedVideoListButton,PlayListButton-BL-VideoListButton-08,Section-D1a5-VideoList-BL,08. ??????,BL.08.,BL.08.,BL.08.,BL.08.,BL.08.,BL.08.,BL.08.,BL.08.,BL.08.,BL.08.
Section-D1a5-VideoList-BL,PlayListButton-BL-VideoListButton-09,09. 421Yerevan Café - Mekhakners (Bghdo remix cover),https://www.youtube.com/watch?v=KkZX4TuqNU0,https://img.youtube.com/vi/KkZX4TuqNU0/maxresdefault.jpg,ClickedVideoListButton,PlayListButton-BL-VideoListButton-09,Section-D1a5-VideoList-BL,09. ??????,BL.09.,BL.09.,BL.09.,BL.09.,BL.09.,BL.09.,BL.09.,BL.09.,BL.09.,BL.09.
Section-D1a5-VideoList-BL,PlayListButton-BL-VideoListButton-10,10. 421Yerevan Café - Krunk (Komitas remix),https://www.youtube.com/watch?v=gxaxKg-fMCA,https://img.youtube.com/vi/gxaxKg-fMCA/maxresdefault.jpg,ClickedVideoListButton,PlayListButton-BL-VideoListButton-10,Section-D1a5-VideoList-BL,10. ??????,BL.10.,BL.10.,BL.10.,BL.10.,BL.10.,BL.10.,BL.10.,BL.10.,BL.10.,BL.10.
Section-D1a5-VideoList-BL,PlayListButton-BL-VideoListButton-11,11. 421Yerevan Café - Vardaguyn Enker (Arno Babajanyan & V. Harutiunian remix),https://www.youtube.com/watch?v=M9Dwkv8ycwQ,https://img.youtube.com/vi/M9Dwkv8ycwQ/maxresdefault.jpg,ClickedVideoListButton,PlayListButton-BL-VideoListButton-11,Section-D1a5-VideoList-BL,11. ??????,BL.11.,BL.11.,BL.11.,BL.11.,BL.11.,BL.11.,BL.11.,BL.11.,BL.11.,BL.11.
Section-D1a5-VideoList-BL,PlayListButton-BL-VideoListButton-12,12. 421Yerevan Café - Mayro Leylem Le Le (Fold remix),https://www.youtube.com/watch?v=Fbt71Z6SVzk,https://img.youtube.com/vi/Fbt71Z6SVzk/maxresdefault.jpg,ClickedVideoListButton,PlayListButton-BL-VideoListButton-12,Section-D1a5-VideoList-BL,12. ??????,BL.12.,BL.12.,BL.12.,BL.12.,BL.12.,BL.12.,BL.12.,BL.12.,BL.12.,BL.12.
Section-D1a5-VideoList-BL,PlayListButton-BL-VideoListButton-13,13. 421Yerevan Café - Ktrich Davon (Folk remix),https://www.youtube.com/watch?v=wf_Qyaj2x_k,https://img.youtube.com/vi/wf_Qyaj2x_k/maxresdefault.jpg,ClickedVideoListButton,PlayListButton-BL-VideoListButton-13,Section-D1a5-VideoList-BL,13. ??????,BL.13.,BL.13.,BL.13.,BL.13.,BL.13.,BL.13.,BL.13.,BL.13.,BL.13.,BL.13.
Section-D1a5-VideoList-BL,PlayListButton-BL-VideoListButton-14,14. 421Yerevan Café - Anapati Arev (Tata Simonyan remix cover),https://www.youtube.com/watch?v=_s1F4BVMhck,https://img.youtube.com/vi/_s1F4BVMhck/maxresdefault.jpg,ClickedVideoListButton,PlayListButton-BL-VideoListButton-14,Section-D1a5-VideoList-BL,14. ??????,BL.14.,BL.14.,BL.14.,BL.14.,BL.14.,BL.14.,BL.14.,BL.14.,BL.14.,BL.14.
Section-D1a5-VideoList-BM,PlayListButton-BM-VideoListButton-01,01. Covers by Project BS - Ser (Hayko remix cover),https://www.youtube.com/watch?v=rAGGpszWkoQ,https://img.youtube.com/vi/rAGGpszWkoQ/maxresdefault.jpg,ClickedVideoListButton,PlayListButton-BM-VideoListButton-01,Section-D1a5-VideoList-BM,01. ??????,BM.01.,BM.01.,BM.01.,BM.01.,BM.01.,BM.01.,BM.01.,BM.01.,BM.01.,BM.01.
Section-D1a5-VideoList-BM,PlayListButton-BM-VideoListButton-02,02. Covers by Project BS - Ov Sirun Sirun (Aram Asatryan remix cover),https://www.youtube.com/watch?v=rQjXrsq1tSM,https://img.youtube.com/vi/rQjXrsq1tSM/maxresdefault.jpg,ClickedVideoListButton,PlayListButton-BM-VideoListButton-02,Section-D1a5-VideoList-BM,02. ??????,BM.02.,BM.02.,BM.02.,BM.02.,BM.02.,BM.02.,BM.02.,BM.02.,BM.02.,BM.02.
Section-D1a5-VideoList-BM,PlayListButton-BM-VideoListButton-03,03. Covers by Project BS - Heranum En Lur (Shavo remix cover),https://www.youtube.com/watch?v=hUq0ZBrOtn8,https://img.youtube.com/vi/hUq0ZBrOtn8/maxresdefault.jpg,ClickedVideoListButton,PlayListButton-BM-VideoListButton-03,Section-D1a5-VideoList-BM,03. ??????,BM.03.,BM.03.,BM.03.,BM.03.,BM.03.,BM.03.,BM.03.,BM.03.,BM.03.,BM.03.
Section-D1a5-VideoList-BM,PlayListButton-BM-VideoListButton-04,04. Covers by Project BS - Mi Siro Patmutyun (Arkadi Dumikyan remix cover),https://www.youtube.com/watch?v=8hmyR9G0Nfo,https://img.youtube.com/vi/8hmyR9G0Nfo/maxresdefault.jpg,ClickedVideoListButton,PlayListButton-BM-VideoListButton-04,Section-D1a5-VideoList-BM,04. ??????,BM.04.,BM.04.,BM.04.,BM.04.,BM.04.,BM.04.,BM.04.,BM.04.,BM.04.,BM.04.
Section-D1a5-VideoList-BM,PlayListButton-BM-VideoListButton-05,05. Covers by Project BS - Ampern Elan Qula Qula (Tatul Avoyan remix cover),https://www.youtube.com/watch?v=nE2b3sJ-Ejo,https://img.youtube.com/vi/nE2b3sJ-Ejo/maxresdefault.jpg,ClickedVideoListButton,PlayListButton-BM-VideoListButton-05,Section-D1a5-VideoList-BM,05. ??????,BM.05.,BM.05.,BM.05.,BM.05.,BM.05.,BM.05.,BM.05.,BM.05.,BM.05.,BM.05.
Section-D1a5-VideoList-BM,PlayListButton-BM-VideoListButton-06,06. Covers by Project BS - Yerevani Sirun Aghjik (Arno Babajanyan remix),https://www.youtube.com/watch?v=IRN-oIfNQvw,https://img.youtube.com/vi/IRN-oIfNQvw/maxresdefault.jpg,ClickedVideoListButton,PlayListButton-BM-VideoListButton-06,Section-D1a5-VideoList-BM,06. ??????,BM.06.,BM.06.,BM.06.,BM.06.,BM.06.,BM.06.,BM.06.,BM.06.,BM.06.,BM.06.
Section-D1a5-VideoList-BM,PlayListButton-BM-VideoListButton-07,07. Covers by Project BS - Im Kyanq (Hayko remix cover),https://www.youtube.com/watch?v=HgTCQ_W9ZdY,https://img.youtube.com/vi/HgTCQ_W9ZdY/maxresdefault.jpg,ClickedVideoListButton,PlayListButton-BM-VideoListButton-07,Section-D1a5-VideoList-BM,07. ??????,BM.07.,BM.07.,BM.07.,BM.07.,BM.07.,BM.07.,BM.07.,BM.07.,BM.07.,BM.07.
Section-D1a5-VideoList-BM,PlayListButton-BM-VideoListButton-08,08. Covers by Project BS - Yerani Srtis (Hayko remix cover),https://www.youtube.com/watch?v=oLDBHLqBJMk,https://img.youtube.com/vi/oLDBHLqBJMk/maxresdefault.jpg,ClickedVideoListButton,PlayListButton-BM-VideoListButton-08,Section-D1a5-VideoList-BM,08. ??????,BM.08.,BM.08.,BM.08.,BM.08.,BM.08.,BM.08.,BM.08.,BM.08.,BM.08.,BM.08.
Section-D1a5-VideoList-BN,PlayListButton-BN-VideoListButton-01,01. AMBASSAGOR - Hetd Kgam (Tigran Jamkochyan remix cover),https://www.youtube.com/watch?v=dg3jaTq-81I,https://img.youtube.com/vi/dg3jaTq-81I/maxresdefault.jpg,ClickedVideoListButton,PlayListButton-BN-VideoListButton-01,Section-D1a5-VideoList-BN,01. ??????,BN.01.,BN.01.,BN.01.,BN.01.,BN.01.,BN.01.,BN.01.,BN.01.,BN.01.,BN.01.
Section-D1a5-VideoList-BN,PlayListButton-BN-VideoListButton-02,02. AMBASSAGOR - Srtid Banalin (Tatul Avoyan remix cover),https://www.youtube.com/watch?v=1f8uiMUM1qE,https://img.youtube.com/vi/1f8uiMUM1qE/maxresdefault.jpg,ClickedVideoListButton,PlayListButton-BN-VideoListButton-02,Section-D1a5-VideoList-BN,02. ??????,BN.02.,BN.02.,BN.02.,BN.02.,BN.02.,BN.02.,BN.02.,BN.02.,BN.02.,BN.02.
Section-D1a5-VideoList-BN,PlayListButton-BN-VideoListButton-03,03. LunaraFox - Champa Tvek (Arkadi Dumikyan remix cover),https://www.youtube.com/watch?v=B7wFxrzwtng,https://img.youtube.com/vi/B7wFxrzwtng/maxresdefault.jpg,ClickedVideoListButton,PlayListButton-BN-VideoListButton-03,Section-D1a5-VideoList-BN,03. ??????,BN.03.,BN.03.,BN.03.,BN.03.,BN.03.,BN.03.,BN.03.,BN.03.,BN.03.,BN.03.
Section-D1a5-VideoList-BN,PlayListButton-BN-VideoListButton-04,04. LunaraFox - Qani Kam Erik Karapetyan remix cover),https://www.youtube.com/watch?v=RmYzbAI8hkM,https://img.youtube.com/vi/RmYzbAI8hkM/maxresdefault.jpg,ClickedVideoListButton,PlayListButton-BN-VideoListButton-04,Section-D1a5-VideoList-BN,04. ??????,BN.04.,BN.04.,BN.04.,BN.04.,BN.04.,BN.04.,BN.04.,BN.04.,BN.04.,BN.04.
Section-D1a5-VideoList-BN,PlayListButton-BN-VideoListButton-05,05. LunaraFox - Im Lusin (Aram Avagyan remix cover),https://www.youtube.com/watch?v=IA935BROoQc,https://img.youtube.com/vi/IA935BROoQc/maxresdefault.jpg,ClickedVideoListButton,PlayListButton-BN-VideoListButton-05,Section-D1a5-VideoList-BN,05. ??????,BN.05.,BN.05.,BN.05.,BN.05.,BN.05.,BN.05.,BN.05.,BN.05.,BN.05.,BN.05.
Section-D1a5-VideoList-BN,PlayListButton-BN-VideoListButton-06,06. LunaraFox - Ga U Gna (Hayko remix cover),https://www.youtube.com/watch?v=JU6q0igfc8Q,https://img.youtube.com/vi/JU6q0igfc8Q/maxresdefault.jpg,ClickedVideoListButton,PlayListButton-BN-VideoListButton-06,Section-D1a5-VideoList-BN,06. ??????,BN.06.,BN.06.,BN.06.,BN.06.,BN.06.,BN.06.,BN.06.,BN.06.,BN.06.,BN.06.
Section-D1a5-VideoList-BN,PlayListButton-BN-VideoListButton-07,07. LunaraFox - Sere Lav Giti (Razmik Amyan remix Cover),https://www.youtube.com/watch?v=HGs-i8SAMb8,https://img.youtube.com/vi/HGs-i8SAMb8/maxresdefault.jpg,ClickedVideoListButton,PlayListButton-BN-VideoListButton-07,Section-D1a5-VideoList-BN,07. ??????,BN.07.,BN.07.,BN.07.,BN.07.,BN.07.,BN.07.,BN.07.,BN.07.,BN.07.,BN.07.
Section-D1a5-VideoList-BN,PlayListButton-BN-VideoListButton-08,08. Jazzoria - Nor Tarva Gisher (Arkadi Dumikyan remix cover),https://www.youtube.com/watch?v=Dt9_ILcT9a4,https://img.youtube.com/vi/Dt9_ILcT9a4/maxresdefault.jpg,ClickedVideoListButton,PlayListButton-BN-VideoListButton-08,Section-D1a5-VideoList-BN,08. ??????,BN.08.,BN.08.,BN.08.,BN.08.,BN.08.,BN.08.,BN.08.,BN.08.,BN.08.,BN.08.
Section-D1a5-VideoList-BN,PlayListButton-BN-VideoListButton-09,09. Jazzoria - Karot Akh Karot (Aram Asatryan remix cover),https://www.youtube.com/watch?v=chDIJClse1M,https://img.youtube.com/vi/chDIJClse1M/maxresdefault.jpg,ClickedVideoListButton,PlayListButton-BN-VideoListButton-09,Section-D1a5-VideoList-BN,09. ??????,BN.09.,BN.09.,BN.09.,BN.09.,BN.09.,BN.09.,BN.09.,BN.09.,BN.09.,BN.09.
Section-D1a5-VideoList-BN,PlayListButton-BN-VideoListButton-10,10. Azat Malkhasyan - Yerku Urvakan (Vahan Teryan remix),https://www.youtube.com/watch?v=qTWPJgKWXJs,https://img.youtube.com/vi/qTWPJgKWXJs/maxresdefault.jpg,ClickedVideoListButton,PlayListButton-BN-VideoListButton-10,Section-D1a5-VideoList-BN,10. ??????,BN.10.,BN.10.,BN.10.,BN.10.,BN.10.,BN.10.,BN.10.,BN.10.,BN.10.,BN.10.
Section-D1a5-VideoList-BN,PlayListButton-BN-VideoListButton-11,11. Azat Malkhasyan - Yeraz (Pashik remix cover),https://www.youtube.com/watch?v=yvYAEC3qFX8,https://img.youtube.com/vi/yvYAEC3qFX8/maxresdefault.jpg,ClickedVideoListButton,PlayListButton-BN-VideoListButton-11,Section-D1a5-VideoList-BN,11. ??????,BN.11.,BN.11.,BN.11.,BN.11.,BN.11.,BN.11.,BN.11.,BN.11.,BN.11.,BN.11.
Section-D1a5-VideoList-BN,PlayListButton-BN-VideoListButton-12,12. Azat Malkhasyan - Antsir Navak (Kamo Hovhannisyan remix cover),https://www.youtube.com/watch?v=JcbalvHhCjg,https://img.youtube.com/vi/JcbalvHhCjg/maxresdefault.jpg,ClickedVideoListButton,PlayListButton-BN-VideoListButton-12,Section-D1a5-VideoList-BN,12. ??????,BN.12.,BN.12.,BN.12.,BN.12.,BN.12.,BN.12.,BN.12.,BN.12.,BN.12.,BN.12.
Section-D1a5-VideoList-BN,PlayListButton-BN-VideoListButton-13,13. GevMus - Qamin Zana (remix),https://www.youtube.com/watch?v=T157O7kvG7Q,https://img.youtube.com/vi/T157O7kvG7Q/maxresdefault.jpg,ClickedVideoListButton,PlayListButton-BN-VideoListButton-13,Section-D1a5-VideoList-BN,13. ??????,BN.13.,BN.13.,BN.13.,BN.13.,BN.13.,BN.13.,BN.13.,BN.13.,BN.13.,BN.13.
Section-D1a5-VideoList-BN,PlayListButton-BN-VideoListButton-14,14. GevMus - Sareri Hovin Mernem (Folk remix),https://www.youtube.com/watch?v=QC8ZqokpbVo,https://img.youtube.com/vi/QC8ZqokpbVo/maxresdefault.jpg,ClickedVideoListButton,PlayListButton-BN-VideoListButton-14,Section-D1a5-VideoList-BN,14. ??????,BN.14.,BN.14.,BN.14.,BN.14.,BN.14.,BN.14.,BN.14.,BN.14.,BN.14.,BN.14.
Section-D1a5-VideoList-BN,PlayListButton-BN-VideoListButton-15,15. Moon Tunes - Gisher E (Silva Hakobyan remix cover),https://www.youtube.com/watch?v=tzirLG-_z9k,https://img.youtube.com/vi/tzirLG-_z9k/maxresdefault.jpg,ClickedVideoListButton,PlayListButton-BN-VideoListButton-15,Section-D1a5-VideoList-BN,15. ??????,BN.15.,BN.15.,BN.15.,BN.15.,BN.15.,BN.15.,BN.15.,BN.15.,BN.15.,BN.15.
Section-D1a5-VideoList-BN,PlayListButton-BN-VideoListButton-16,16. Gevorgyan Music Lab - Andzrev (Vazgen Gevorgyan remix cover),https://www.youtube.com/watch?v=ePF_BWsh3Fg,https://img.youtube.com/vi/ePF_BWsh3Fg/maxresdefault.jpg,ClickedVideoListButton,PlayListButton-BN-VideoListButton-16,Section-D1a5-VideoList-BN,16. ??????,BN.16.,BN.16.,BN.16.,BN.16.,BN.16.,BN.16.,BN.16.,BN.16.,BN.16.,BN.16.
Section-D1a5-VideoList-BN,PlayListButton-BN-VideoListButton-17,17. N&A studAI - Togh Hnchi Meghedin (Original remix),https://www.youtube.com/watch?v=-MjABJRctZM,https://img.youtube.com/vi/-MjABJRctZM/maxresdefault.jpg,ClickedVideoListButton,PlayListButton-BN-VideoListButton-17,Section-D1a5-VideoList-BN,17. ??????,BN.17.,BN.17.,BN.17.,BN.17.,BN.17.,BN.17.,BN.17.,BN.17.,BN.17.,BN.17.
Section-D1a5-VideoList-BN,PlayListButton-BN-VideoListButton-18,18. Bleyz - Patani Sirts (Hovhannes Shiraz remix),https://www.youtube.com/watch?v=6uhCX5eDl58,https://img.youtube.com/vi/6uhCX5eDl58/maxresdefault.jpg,ClickedVideoListButton,PlayListButton-BN-VideoListButton-18,Section-D1a5-VideoList-BN,18. ??????,BN.18.,BN.18.,BN.18.,BN.18.,BN.18.,BN.18.,BN.18.,BN.18.,BN.18.,BN.18.
Section-D1a5-VideoList-BN,PlayListButton-BN-VideoListButton-19,19. ArtiFicial Sound - Siro Amar (Alexsay Hekimyan & Garik Banduryan remix),https://www.youtube.com/watch?v=5pIiKgW6uoM,https://img.youtube.com/vi/5pIiKgW6uoM/maxresdefault.jpg,ClickedVideoListButton,PlayListButton-BN-VideoListButton-19,Section-D1a5-VideoList-BN,19. ??????,BN.19.,BN.19.,BN.19.,BN.19.,BN.19.,BN.19.,BN.19.,BN.19.,BN.19.,BN.19.
Section-D1a5-VideoList-BN,PlayListButton-BN-VideoListButton-20,20. Unknown - Yes Im Anoosh Hayastani (Yeghishe Charents remix),https://www.youtube.com/watch?v=0XpaqawxenU,https://img.youtube.com/vi/0XpaqawxenU/maxresdefault.jpg,ClickedVideoListButton,PlayListButton-BN-VideoListButton-20,Section-D1a5-VideoList-BN,20. ??????,BN.20.,BN.20.,BN.20.,BN.20.,BN.20.,BN.20.,BN.20.,BN.20.,BN.20.,BN.20.
Section-D1a5-VideoList-BN,PlayListButton-BN-VideoListButton-21,21. HappyGregory - Arajin Siro Yerge (Xoren Abrahamyan remix cover),https://www.youtube.com/watch?v=ads7qPl6MG0,https://img.youtube.com/vi/ads7qPl6MG0/maxresdefault.jpg,ClickedVideoListButton,PlayListButton-BN-VideoListButton-21,Section-D1a5-VideoList-BN,21. ??????,BN.21.,BN.21.,BN.21.,BN.21.,BN.21.,BN.21.,BN.21.,BN.21.,BN.21.,BN.21.
Section-D1a5-VideoList-BN,PlayListButton-BN-VideoListButton-22,"22. HappyGregory - Urbat Shabat Kiraki (TataSimonyan, TatevAsatryan remix cover)",https://www.youtube.com/watch?v=yuwy3gQRT0Y,https://img.youtube.com/vi/yuwy3gQRT0Y/maxresdefault.jpg,ClickedVideoListButton,PlayListButton-BN-VideoListButton-22,Section-D1a5-VideoList-BN,22. ??????,BN.22.,BN.22.,BN.22.,BN.22.,BN.22.,BN.22.,BN.22.,BN.22.,BN.22.,BN.22.
Section-D1a5-VideoList-BN,PlayListButton-BN-VideoListButton-23,23. HappyGregory - Mekhakners (Bghdo remix cover),https://www.youtube.com/watch?v=1OPucF_oMvk,https://img.youtube.com/vi/1OPucF_oMvk/maxresdefault.jpg,ClickedVideoListButton,PlayListButton-BN-VideoListButton-23,Section-D1a5-VideoList-BN,23. ??????,BN.23.,BN.23.,BN.23.,BN.23.,BN.23.,BN.23.,BN.23.,BN.23.,BN.23.,BN.23.
Section-D1a5-VideoList-BN,PlayListButton-BN-VideoListButton-24,24. Arm Digital Music - Togh (Misho remix cover),https://www.youtube.com/watch?v=Ey76p1oAk14,https://img.youtube.com/vi/Ey76p1oAk14/maxresdefault.jpg,ClickedVideoListButton,PlayListButton-BN-VideoListButton-24,Section-D1a5-VideoList-BN,24. ??????,BN.24.,BN.24.,BN.24.,BN.24.,BN.24.,BN.24.,BN.24.,BN.24.,BN.24.,BN.24.
Section-D1a5-VideoList-BN,PlayListButton-BN-VideoListButton-25,25. Style Version Song - Dle Yaman (Komitas remix),https://www.youtube.com/watch?v=1C9jmVn6btg,https://img.youtube.com/vi/1C9jmVn6btg/maxresdefault.jpg,ClickedVideoListButton,PlayListButton-BN-VideoListButton-25,Section-D1a5-VideoList-BN,25. ??????,BN.25.,BN.25.,BN.25.,BN.25.,BN.25.,BN.25.,BN.25.,BN.25.,BN.25.,BN.25.
Section-D1a5-VideoList-BN,PlayListButton-BN-VideoListButton-26,26. Norayr Vardanyan - Siro Amar (??? remix cover),https://www.youtube.com/watch?v=R92qc-oFd9s,https://img.youtube.com/vi/R92qc-oFd9s/maxresdefault.jpg,ClickedVideoListButton,PlayListButton-BN-VideoListButton-26,Section-D1a5-VideoList-BN,26. ??????,BN.26.,BN.26.,BN.26.,BN.26.,BN.26.,BN.26.,BN.26.,BN.26.,BN.26.,BN.26.
Section-D1a5-VideoList-BN,PlayListButton-BN-VideoListButton-27,27. Norayr Vardanyan - Dle Yaman (Folk remix),https://www.youtube.com/watch?v=YO5D0ikAekA,https://img.youtube.com/vi/YO5D0ikAekA/maxresdefault.jpg,ClickedVideoListButton,PlayListButton-BN-VideoListButton-27,Section-D1a5-VideoList-BN,27. ??????,BN.27.,BN.27.,BN.27.,BN.27.,BN.27.,BN.27.,BN.27.,BN.27.,BN.27.,BN.27.
Section-D1a5-VideoList-BN,PlayListButton-BN-VideoListButton-28,28. KokoBedirian - Araratin Kenatse (Arto Tunçboyacıyan remix cover),https://www.youtube.com/watch?v=q3ERtD2fWwo,https://img.youtube.com/vi/q3ERtD2fWwo/maxresdefault.jpg,ClickedVideoListButton,PlayListButton-BN-VideoListButton-28,Section-D1a5-VideoList-BN,28. ??????,BN.28.,BN.28.,BN.28.,BN.28.,BN.28.,BN.28.,BN.28.,BN.28.,BN.28.,BN.28.
Section-D1a5-VideoList-BN,PlayListButton-BN-VideoListButton-29,29. KokoBedirian - Getaki Vra (Avetik Isahakyan & Daniel Ghazaryan remix),https://www.youtube.com/watch?v=q1eEdpjD2vw,https://img.youtube.com/vi/q1eEdpjD2vw/maxresdefault.jpg,ClickedVideoListButton,PlayListButton-BN-VideoListButton-29,Section-D1a5-VideoList-BN,29. ??????,BN.29.,BN.29.,BN.29.,BN.29.,BN.29.,BN.29.,BN.29.,BN.29.,BN.29.,BN.29.
Section-D1a5-VideoList-BO,PlayListButton-BO-VideoListButton-01,01. ??????,https://www.youtube.com/watch?v=AAAAAAAAAAA,https://img.youtube.com/vi/AAAAAAAAAAA/maxresdefault.jpg,ClickedVideoListButton,PlayListButton-BO-VideoListButton-01,Section-D1a5-VideoList-BO,01. ??????,BO.01.,BO.01.,BO.01.,BO.01.,BO.01.,BO.01.,BO.01.,BO.01.,BO.01.,BO.01.
Section-D1a5-VideoList-BO,PlayListButton-BO-VideoListButton-02,02. ??????,https://www.youtube.com/watch?v=AAAAAAAAAAA,https://img.youtube.com/vi/AAAAAAAAAAA/maxresdefault.jpg,ClickedVideoListButton,PlayListButton-BO-VideoListButton-02,Section-D1a5-VideoList-BO,02. ??????,BO.02.,BO.02.,BO.02.,BO.02.,BO.02.,BO.02.,BO.02.,BO.02.,BO.02.,BO.02.
Section-D1a5-VideoList-BO,PlayListButton-BO-VideoListButton-03,03. ??????,https://www.youtube.com/watch?v=AAAAAAAAAAA,https://img.youtube.com/vi/AAAAAAAAAAA/maxresdefault.jpg,ClickedVideoListButton,PlayListButton-BO-VideoListButton-03,Section-D1a5-VideoList-BO,03. ??????,BO.03.,BO.03.,BO.03.,BO.03.,BO.03.,BO.03.,BO.03.,BO.03.,BO.03.,BO.03.
Section-D1a5-VideoList-BO,PlayListButton-BO-VideoListButton-04,04. ??????,https://www.youtube.com/watch?v=AAAAAAAAAAA,https://img.youtube.com/vi/AAAAAAAAAAA/maxresdefault.jpg,ClickedVideoListButton,PlayListButton-BO-VideoListButton-04,Section-D1a5-VideoList-BO,04. ??????,BO.04.,BO.04.,BO.04.,BO.04.,BO.04.,BO.04.,BO.04.,BO.04.,BO.04.,BO.04.
Section-D1a5-VideoList-BO,PlayListButton-BO-VideoListButton-05,05. ??????,https://www.youtube.com/watch?v=AAAAAAAAAAA,https://img.youtube.com/vi/AAAAAAAAAAA/maxresdefault.jpg,ClickedVideoListButton,PlayListButton-BO-VideoListButton-05,Section-D1a5-VideoList-BO,05. ??????,BO.05.,BO.05.,BO.05.,BO.05.,BO.05.,BO.05.,BO.05.,BO.05.,BO.05.,BO.05.
Section-D1a5-VideoList-BO,PlayListButton-BO-VideoListButton-06,06. ??????,https://www.youtube.com/watch?v=AAAAAAAAAAA,https://img.youtube.com/vi/AAAAAAAAAAA/maxresdefault.jpg,ClickedVideoListButton,PlayListButton-BO-VideoListButton-06,Section-D1a5-VideoList-BO,06. ??????,BO.06.,BO.06.,BO.06.,BO.06.,BO.06.,BO.06.,BO.06.,BO.06.,BO.06.,BO.06.
Section-D1a5-VideoList-BO,PlayListButton-BO-VideoListButton-07,07. ??????,https://www.youtube.com/watch?v=AAAAAAAAAAA,https://img.youtube.com/vi/AAAAAAAAAAA/maxresdefault.jpg,ClickedVideoListButton,PlayListButton-BO-VideoListButton-07,Section-D1a5-VideoList-BO,07. ??????,BO.07.,BO.07.,BO.07.,BO.07.,BO.07.,BO.07.,BO.07.,BO.07.,BO.07.,BO.07.
Section-D1a5-VideoList-BO,PlayListButton-BO-VideoListButton-08,08. ??????,https://www.youtube.com/watch?v=AAAAAAAAAAA,https://img.youtube.com/vi/AAAAAAAAAAA/maxresdefault.jpg,ClickedVideoListButton,PlayListButton-BO-VideoListButton-08,Section-D1a5-VideoList-BO,08. ??????,BO.08.,BO.08.,BO.08.,BO.08.,BO.08.,BO.08.,BO.08.,BO.08.,BO.08.,BO.08.
Section-D1a5-VideoList-BO,PlayListButton-BO-VideoListButton-09,09. ??????,https://www.youtube.com/watch?v=AAAAAAAAAAA,https://img.youtube.com/vi/AAAAAAAAAAA/maxresdefault.jpg,ClickedVideoListButton,PlayListButton-BO-VideoListButton-09,Section-D1a5-VideoList-BO,09. ??????,BO.09.,BO.09.,BO.09.,BO.09.,BO.09.,BO.09.,BO.09.,BO.09.,BO.09.,BO.09.
Section-D1a5-VideoList-BO,PlayListButton-BO-VideoListButton-10,10. ??????,https://www.youtube.com/watch?v=AAAAAAAAAAA,https://img.youtube.com/vi/AAAAAAAAAAA/maxresdefault.jpg,ClickedVideoListButton,PlayListButton-BO-VideoListButton-10,Section-D1a5-VideoList-BO,10. ??????,BO.10.,BO.10.,BO.10.,BO.10.,BO.10.,BO.10.,BO.10.,BO.10.,BO.10.,BO.10.
Section-D1a5-VideoList-BO,PlayListButton-BO-VideoListButton-11,11. ??????,https://www.youtube.com/watch?v=AAAAAAAAAAA,https://img.youtube.com/vi/AAAAAAAAAAA/maxresdefault.jpg,ClickedVideoListButton,PlayListButton-BO-VideoListButton-11,Section-D1a5-VideoList-BO,11. ??????,BO.11.,BO.11.,BO.11.,BO.11.,BO.11.,BO.11.,BO.11.,BO.11.,BO.11.,BO.11.
Section-D1a5-VideoList-BO,PlayListButton-BO-VideoListButton-12,12. ??????,https://www.youtube.com/watch?v=AAAAAAAAAAA,https://img.youtube.com/vi/AAAAAAAAAAA/maxresdefault.jpg,ClickedVideoListButton,PlayListButton-BO-VideoListButton-12,Section-D1a5-VideoList-BO,12. ??????,BO.12.,BO.12.,BO.12.,BO.12.,BO.12.,BO.12.,BO.12.,BO.12.,BO.12.,BO.12.
Section-D1a5-VideoList-BO,PlayListButton-BO-VideoListButton-13,13. ??????,https://www.youtube.com/watch?v=AAAAAAAAAAA,https://img.youtube.com/vi/AAAAAAAAAAA/maxresdefault.jpg,ClickedVideoListButton,PlayListButton-BO-VideoListButton-13,Section-D1a5-VideoList-BO,13. ??????,BO.13.,BO.13.,BO.13.,BO.13.,BO.13.,BO.13.,BO.13.,BO.13.,BO.13.,BO.13.
Section-D1a5-VideoList-BO,PlayListButton-BO-VideoListButton-14,14. ??????,https://www.youtube.com/watch?v=AAAAAAAAAAA,https://img.youtube.com/vi/AAAAAAAAAAA/maxresdefault.jpg,ClickedVideoListButton,PlayListButton-BO-VideoListButton-14,Section-D1a5-VideoList-BO,14. ??????,BO.14.,BO.14.,BO.14.,BO.14.,BO.14.,BO.14.,BO.14.,BO.14.,BO.14.,BO.14.
Section-D1a5-VideoList-BO,PlayListButton-BO-VideoListButton-15,15. ??????,https://www.youtube.com/watch?v=AAAAAAAAAAA,https://img.youtube.com/vi/AAAAAAAAAAA/maxresdefault.jpg,ClickedVideoListButton,PlayListButton-BO-VideoListButton-15,Section-D1a5-VideoList-BO,15. ??????,BO.15.,BO.15.,BO.15.,BO.15.,BO.15.,BO.15.,BO.15.,BO.15.,BO.15.,BO.15.
Section-D1a5-VideoList-BO,PlayListButton-BO-VideoListButton-16,16. ??????,https://www.youtube.com/watch?v=AAAAAAAAAAA,https://img.youtube.com/vi/AAAAAAAAAAA/maxresdefault.jpg,ClickedVideoListButton,PlayListButton-BO-VideoListButton-16,Section-D1a5-VideoList-BO,16. ??????,BO.16.,BO.16.,BO.16.,BO.16.,BO.16.,BO.16.,BO.16.,BO.16.,BO.16.,BO.16.
Section-D1a5-VideoList-BO,PlayListButton-BO-VideoListButton-17,17. ??????,https://www.youtube.com/watch?v=AAAAAAAAAAA,https://img.youtube.com/vi/AAAAAAAAAAA/maxresdefault.jpg,ClickedVideoListButton,PlayListButton-BO-VideoListButton-17,Section-D1a5-VideoList-BO,17. ??????,BO.17.,BO.17.,BO.17.,BO.17.,BO.17.,BO.17.,BO.17.,BO.17.,BO.17.,BO.17.
Section-D1a5-VideoList-BO,PlayListButton-BO-VideoListButton-18,18. ??????,https://www.youtube.com/watch?v=AAAAAAAAAAA,https://img.youtube.com/vi/AAAAAAAAAAA/maxresdefault.jpg,ClickedVideoListButton,PlayListButton-BO-VideoListButton-18,Section-D1a5-VideoList-BO,18. ??????,BO.18.,BO.18.,BO.18.,BO.18.,BO.18.,BO.18.,BO.18.,BO.18.,BO.18.,BO.18.
Section-D1a5-VideoList-BO,PlayListButton-BO-VideoListButton-19,19. ??????,https://www.youtube.com/watch?v=AAAAAAAAAAA,https://img.youtube.com/vi/AAAAAAAAAAA/maxresdefault.jpg,ClickedVideoListButton,PlayListButton-BO-VideoListButton-19,Section-D1a5-VideoList-BO,19. ??????,BO.19.,BO.19.,BO.19.,BO.19.,BO.19.,BO.19.,BO.19.,BO.19.,BO.19.,BO.19.
Section-D1a5-VideoList-BO,PlayListButton-BO-VideoListButton-20,20. ??????,https://www.youtube.com/watch?v=AAAAAAAAAAA,https://img.youtube.com/vi/AAAAAAAAAAA/maxresdefault.jpg,ClickedVideoListButton,PlayListButton-BO-VideoListButton-20,Section-D1a5-VideoList-BO,20. ??????,BO.20.,BO.20.,BO.20.,BO.20.,BO.20.,BO.20.,BO.20.,BO.20.,BO.20.,BO.20.
Section-D1a5-VideoList-BP,PlayListButton-BP-VideoListButton-01,01. ??????,https://www.youtube.com/watch?v=AAAAAAAAAAA,https://img.youtube.com/vi/AAAAAAAAAAA/maxresdefault.jpg,ClickedVideoListButton,PlayListButton-BP-VideoListButton-01,Section-D1a5-VideoList-BP,01. ??????,BP.01.,BP.01.,BP.01.,BP.01.,BP.01.,BP.01.,BP.01.,BP.01.,BP.01.,BP.01.
Section-D1a5-VideoList-BP,PlayListButton-BP-VideoListButton-02,02. ??????,https://www.youtube.com/watch?v=AAAAAAAAAAA,https://img.youtube.com/vi/AAAAAAAAAAA/maxresdefault.jpg,ClickedVideoListButton,PlayListButton-BP-VideoListButton-02,Section-D1a5-VideoList-BP,02. ??????,BP.02.,BP.02.,BP.02.,BP.02.,BP.02.,BP.02.,BP.02.,BP.02.,BP.02.,BP.02.
Section-D1a5-VideoList-BP,PlayListButton-BP-VideoListButton-03,03. ??????,https://www.youtube.com/watch?v=AAAAAAAAAAA,https://img.youtube.com/vi/AAAAAAAAAAA/maxresdefault.jpg,ClickedVideoListButton,PlayListButton-BP-VideoListButton-03,Section-D1a5-VideoList-BP,03. ??????,BP.03.,BP.03.,BP.03.,BP.03.,BP.03.,BP.03.,BP.03.,BP.03.,BP.03.,BP.03.
Section-D1a5-VideoList-BP,PlayListButton-BP-VideoListButton-04,04. ??????,https://www.youtube.com/watch?v=AAAAAAAAAAA,https://img.youtube.com/vi/AAAAAAAAAAA/maxresdefault.jpg,ClickedVideoListButton,PlayListButton-BP-VideoListButton-04,Section-D1a5-VideoList-BP,04. ??????,BP.04.,BP.04.,BP.04.,BP.04.,BP.04.,BP.04.,BP.04.,BP.04.,BP.04.,BP.04.
Section-D1a5-VideoList-BP,PlayListButton-BP-VideoListButton-05,05. ??????,https://www.youtube.com/watch?v=AAAAAAAAAAA,https://img.youtube.com/vi/AAAAAAAAAAA/maxresdefault.jpg,ClickedVideoListButton,PlayListButton-BP-VideoListButton-05,Section-D1a5-VideoList-BP,05. ??????,BP.05.,BP.05.,BP.05.,BP.05.,BP.05.,BP.05.,BP.05.,BP.05.,BP.05.,BP.05.
Section-D1a5-VideoList-BP,PlayListButton-BP-VideoListButton-06,06. ??????,https://www.youtube.com/watch?v=AAAAAAAAAAA,https://img.youtube.com/vi/AAAAAAAAAAA/maxresdefault.jpg,ClickedVideoListButton,PlayListButton-BP-VideoListButton-06,Section-D1a5-VideoList-BP,06. ??????,BP.06.,BP.06.,BP.06.,BP.06.,BP.06.,BP.06.,BP.06.,BP.06.,BP.06.,BP.06.
Section-D1a5-VideoList-BP,PlayListButton-BP-VideoListButton-07,07. ??????,https://www.youtube.com/watch?v=AAAAAAAAAAA,https://img.youtube.com/vi/AAAAAAAAAAA/maxresdefault.jpg,ClickedVideoListButton,PlayListButton-BP-VideoListButton-07,Section-D1a5-VideoList-BP,07. ??????,BP.07.,BP.07.,BP.07.,BP.07.,BP.07.,BP.07.,BP.07.,BP.07.,BP.07.,BP.07.
Section-D1a5-VideoList-BP,PlayListButton-BP-VideoListButton-08,08. ??????,https://www.youtube.com/watch?v=AAAAAAAAAAA,https://img.youtube.com/vi/AAAAAAAAAAA/maxresdefault.jpg,ClickedVideoListButton,PlayListButton-BP-VideoListButton-08,Section-D1a5-VideoList-BP,08. ??????,BP.08.,BP.08.,BP.08.,BP.08.,BP.08.,BP.08.,BP.08.,BP.08.,BP.08.,BP.08.
Section-D1a5-VideoList-BP,PlayListButton-BP-VideoListButton-09,09. ??????,https://www.youtube.com/watch?v=AAAAAAAAAAA,https://img.youtube.com/vi/AAAAAAAAAAA/maxresdefault.jpg,ClickedVideoListButton,PlayListButton-BP-VideoListButton-09,Section-D1a5-VideoList-BP,09. ??????,BP.09.,BP.09.,BP.09.,BP.09.,BP.09.,BP.09.,BP.09.,BP.09.,BP.09.,BP.09.
Section-D1a5-VideoList-BP,PlayListButton-BP-VideoListButton-10,10. ??????,https://www.youtube.com/watch?v=AAAAAAAAAAA,https://img.youtube.com/vi/AAAAAAAAAAA/maxresdefault.jpg,ClickedVideoListButton,PlayListButton-BP-VideoListButton-10,Section-D1a5-VideoList-BP,10. ??????,BP.10.,BP.10.,BP.10.,BP.10.,BP.10.,BP.10.,BP.10.,BP.10.,BP.10.,BP.10.
Section-D1a5-VideoList-BP,PlayListButton-BP-VideoListButton-11,11. ??????,https://www.youtube.com/watch?v=AAAAAAAAAAA,https://img.youtube.com/vi/AAAAAAAAAAA/maxresdefault.jpg,ClickedVideoListButton,PlayListButton-BP-VideoListButton-11,Section-D1a5-VideoList-BP,11. ??????,BP.11.,BP.11.,BP.11.,BP.11.,BP.11.,BP.11.,BP.11.,BP.11.,BP.11.,BP.11.
Section-D1a5-VideoList-BP,PlayListButton-BP-VideoListButton-12,12. ??????,https://www.youtube.com/watch?v=AAAAAAAAAAA,https://img.youtube.com/vi/AAAAAAAAAAA/maxresdefault.jpg,ClickedVideoListButton,PlayListButton-BP-VideoListButton-12,Section-D1a5-VideoList-BP,12. ??????,BP.12.,BP.12.,BP.12.,BP.12.,BP.12.,BP.12.,BP.12.,BP.12.,BP.12.,BP.12.
Section-D1a5-VideoList-BP,PlayListButton-BP-VideoListButton-13,13. ??????,https://www.youtube.com/watch?v=AAAAAAAAAAA,https://img.youtube.com/vi/AAAAAAAAAAA/maxresdefault.jpg,ClickedVideoListButton,PlayListButton-BP-VideoListButton-13,Section-D1a5-VideoList-BP,13. ??????,BP.13.,BP.13.,BP.13.,BP.13.,BP.13.,BP.13.,BP.13.,BP.13.,BP.13.,BP.13.
Section-D1a5-VideoList-BP,PlayListButton-BP-VideoListButton-14,14. ??????,https://www.youtube.com/watch?v=AAAAAAAAAAA,https://img.youtube.com/vi/AAAAAAAAAAA/maxresdefault.jpg,ClickedVideoListButton,PlayListButton-BP-VideoListButton-14,Section-D1a5-VideoList-BP,14. ??????,BP.14.,BP.14.,BP.14.,BP.14.,BP.14.,BP.14.,BP.14.,BP.14.,BP.14.,BP.14.
Section-D1a5-VideoList-BP,PlayListButton-BP-VideoListButton-15,15. ??????,https://www.youtube.com/watch?v=AAAAAAAAAAA,https://img.youtube.com/vi/AAAAAAAAAAA/maxresdefault.jpg,ClickedVideoListButton,PlayListButton-BP-VideoListButton-15,Section-D1a5-VideoList-BP,15. ??????,BP.15.,BP.15.,BP.15.,BP.15.,BP.15.,BP.15.,BP.15.,BP.15.,BP.15.,BP.15.
Section-D1a5-VideoList-BP,PlayListButton-BP-VideoListButton-16,16. ??????,https://www.youtube.com/watch?v=AAAAAAAAAAA,https://img.youtube.com/vi/AAAAAAAAAAA/maxresdefault.jpg,ClickedVideoListButton,PlayListButton-BP-VideoListButton-16,Section-D1a5-VideoList-BP,16. ??????,BP.16.,BP.16.,BP.16.,BP.16.,BP.16.,BP.16.,BP.16.,BP.16.,BP.16.,BP.16.
Section-D1a5-VideoList-BP,PlayListButton-BP-VideoListButton-17,17. ??????,https://www.youtube.com/watch?v=AAAAAAAAAAA,https://img.youtube.com/vi/AAAAAAAAAAA/maxresdefault.jpg,ClickedVideoListButton,PlayListButton-BP-VideoListButton-17,Section-D1a5-VideoList-BP,17. ??????,BP.17.,BP.17.,BP.17.,BP.17.,BP.17.,BP.17.,BP.17.,BP.17.,BP.17.,BP.17.
Section-D1a5-VideoList-BP,PlayListButton-BP-VideoListButton-18,18. ??????,https://www.youtube.com/watch?v=AAAAAAAAAAA,https://img.youtube.com/vi/AAAAAAAAAAA/maxresdefault.jpg,ClickedVideoListButton,PlayListButton-BP-VideoListButton-18,Section-D1a5-VideoList-BP,18. ??????,BP.18.,BP.18.,BP.18.,BP.18.,BP.18.,BP.18.,BP.18.,BP.18.,BP.18.,BP.18.
Section-D1a5-VideoList-BP,PlayListButton-BP-VideoListButton-19,19. ??????,https://www.youtube.com/watch?v=AAAAAAAAAAA,https://img.youtube.com/vi/AAAAAAAAAAA/maxresdefault.jpg,ClickedVideoListButton,PlayListButton-BP-VideoListButton-19,Section-D1a5-VideoList-BP,19. ??????,BP.19.,BP.19.,BP.19.,BP.19.,BP.19.,BP.19.,BP.19.,BP.19.,BP.19.,BP.19.
Section-D1a5-VideoList-BP,PlayListButton-BP-VideoListButton-20,20. ??????,https://www.youtube.com/watch?v=AAAAAAAAAAA,https://img.youtube.com/vi/AAAAAAAAAAA/maxresdefault.jpg,ClickedVideoListButton,PlayListButton-BP-VideoListButton-20,Section-D1a5-VideoList-BP,20. ??????,BP.20.,BP.20.,BP.20.,BP.20.,BP.20.,BP.20.,BP.20.,BP.20.,BP.20.,BP.20.
Section-D1a5-VideoList-BQ,PlayListButton-BQ-VideoListButton-01,01. ??????,https://www.youtube.com/watch?v=AAAAAAAAAAA,https://img.youtube.com/vi/AAAAAAAAAAA/maxresdefault.jpg,ClickedVideoListButton,PlayListButton-BQ-VideoListButton-01,Section-D1a5-VideoList-BQ,01. ??????,BQ.01.,BQ.01.,BQ.01.,BQ.01.,BQ.01.,BQ.01.,BQ.01.,BQ.01.,BQ.01.,BQ.01.
Section-D1a5-VideoList-BQ,PlayListButton-BQ-VideoListButton-02,02. ??????,https://www.youtube.com/watch?v=AAAAAAAAAAA,https://img.youtube.com/vi/AAAAAAAAAAA/maxresdefault.jpg,ClickedVideoListButton,PlayListButton-BQ-VideoListButton-02,Section-D1a5-VideoList-BQ,02. ??????,BQ.02.,BQ.02.,BQ.02.,BQ.02.,BQ.02.,BQ.02.,BQ.02.,BQ.02.,BQ.02.,BQ.02.
Section-D1a5-VideoList-BQ,PlayListButton-BQ-VideoListButton-03,03. ??????,https://www.youtube.com/watch?v=AAAAAAAAAAA,https://img.youtube.com/vi/AAAAAAAAAAA/maxresdefault.jpg,ClickedVideoListButton,PlayListButton-BQ-VideoListButton-03,Section-D1a5-VideoList-BQ,03. ??????,BQ.03.,BQ.03.,BQ.03.,BQ.03.,BQ.03.,BQ.03.,BQ.03.,BQ.03.,BQ.03.,BQ.03.
Section-D1a5-VideoList-BQ,PlayListButton-BQ-VideoListButton-04,04. ??????,https://www.youtube.com/watch?v=AAAAAAAAAAA,https://img.youtube.com/vi/AAAAAAAAAAA/maxresdefault.jpg,ClickedVideoListButton,PlayListButton-BQ-VideoListButton-04,Section-D1a5-VideoList-BQ,04. ??????,BQ.04.,BQ.04.,BQ.04.,BQ.04.,BQ.04.,BQ.04.,BQ.04.,BQ.04.,BQ.04.,BQ.04.
Section-D1a5-VideoList-BQ,PlayListButton-BQ-VideoListButton-05,05. ??????,https://www.youtube.com/watch?v=AAAAAAAAAAA,https://img.youtube.com/vi/AAAAAAAAAAA/maxresdefault.jpg,ClickedVideoListButton,PlayListButton-BQ-VideoListButton-05,Section-D1a5-VideoList-BQ,05. ??????,BQ.05.,BQ.05.,BQ.05.,BQ.05.,BQ.05.,BQ.05.,BQ.05.,BQ.05.,BQ.05.,BQ.05.
Section-D1a5-VideoList-BQ,PlayListButton-BQ-VideoListButton-06,06. ??????,https://www.youtube.com/watch?v=AAAAAAAAAAA,https://img.youtube.com/vi/AAAAAAAAAAA/maxresdefault.jpg,ClickedVideoListButton,PlayListButton-BQ-VideoListButton-06,Section-D1a5-VideoList-BQ,06. ??????,BQ.06.,BQ.06.,BQ.06.,BQ.06.,BQ.06.,BQ.06.,BQ.06.,BQ.06.,BQ.06.,BQ.06.
Section-D1a5-VideoList-BQ,PlayListButton-BQ-VideoListButton-07,07. ??????,https://www.youtube.com/watch?v=AAAAAAAAAAA,https://img.youtube.com/vi/AAAAAAAAAAA/maxresdefault.jpg,ClickedVideoListButton,PlayListButton-BQ-VideoListButton-07,Section-D1a5-VideoList-BQ,07. ??????,BQ.07.,BQ.07.,BQ.07.,BQ.07.,BQ.07.,BQ.07.,BQ.07.,BQ.07.,BQ.07.,BQ.07.
Section-D1a5-VideoList-BQ,PlayListButton-BQ-VideoListButton-08,08. ??????,https://www.youtube.com/watch?v=AAAAAAAAAAA,https://img.youtube.com/vi/AAAAAAAAAAA/maxresdefault.jpg,ClickedVideoListButton,PlayListButton-BQ-VideoListButton-08,Section-D1a5-VideoList-BQ,08. ??????,BQ.08.,BQ.08.,BQ.08.,BQ.08.,BQ.08.,BQ.08.,BQ.08.,BQ.08.,BQ.08.,BQ.08.
Section-D1a5-VideoList-BQ,PlayListButton-BQ-VideoListButton-09,09. ??????,https://www.youtube.com/watch?v=AAAAAAAAAAA,https://img.youtube.com/vi/AAAAAAAAAAA/maxresdefault.jpg,ClickedVideoListButton,PlayListButton-BQ-VideoListButton-09,Section-D1a5-VideoList-BQ,09. ??????,BQ.09.,BQ.09.,BQ.09.,BQ.09.,BQ.09.,BQ.09.,BQ.09.,BQ.09.,BQ.09.,BQ.09.
Section-D1a5-VideoList-BQ,PlayListButton-BQ-VideoListButton-10,10. ??????,https://www.youtube.com/watch?v=AAAAAAAAAAA,https://img.youtube.com/vi/AAAAAAAAAAA/maxresdefault.jpg,ClickedVideoListButton,PlayListButton-BQ-VideoListButton-10,Section-D1a5-VideoList-BQ,10. ??????,BQ.10.,BQ.10.,BQ.10.,BQ.10.,BQ.10.,BQ.10.,BQ.10.,BQ.10.,BQ.10.,BQ.10.
Section-D1a5-VideoList-BQ,PlayListButton-BQ-VideoListButton-11,11. ??????,https://www.youtube.com/watch?v=AAAAAAAAAAA,https://img.youtube.com/vi/AAAAAAAAAAA/maxresdefault.jpg,ClickedVideoListButton,PlayListButton-BQ-VideoListButton-11,Section-D1a5-VideoList-BQ,11. ??????,BQ.11.,BQ.11.,BQ.11.,BQ.11.,BQ.11.,BQ.11.,BQ.11.,BQ.11.,BQ.11.,BQ.11.
Section-D1a5-VideoList-BQ,PlayListButton-BQ-VideoListButton-12,12. ??????,https://www.youtube.com/watch?v=AAAAAAAAAAA,https://img.youtube.com/vi/AAAAAAAAAAA/maxresdefault.jpg,ClickedVideoListButton,PlayListButton-BQ-VideoListButton-12,Section-D1a5-VideoList-BQ,12. ??????,BQ.12.,BQ.12.,BQ.12.,BQ.12.,BQ.12.,BQ.12.,BQ.12.,BQ.12.,BQ.12.,BQ.12.
Section-D1a5-VideoList-BQ,PlayListButton-BQ-VideoListButton-13,13. ??????,https://www.youtube.com/watch?v=AAAAAAAAAAA,https://img.youtube.com/vi/AAAAAAAAAAA/maxresdefault.jpg,ClickedVideoListButton,PlayListButton-BQ-VideoListButton-13,Section-D1a5-VideoList-BQ,13. ??????,BQ.13.,BQ.13.,BQ.13.,BQ.13.,BQ.13.,BQ.13.,BQ.13.,BQ.13.,BQ.13.,BQ.13.
Section-D1a5-VideoList-BQ,PlayListButton-BQ-VideoListButton-14,14. ??????,https://www.youtube.com/watch?v=AAAAAAAAAAA,https://img.youtube.com/vi/AAAAAAAAAAA/maxresdefault.jpg,ClickedVideoListButton,PlayListButton-BQ-VideoListButton-14,Section-D1a5-VideoList-BQ,14. ??????,BQ.14.,BQ.14.,BQ.14.,BQ.14.,BQ.14.,BQ.14.,BQ.14.,BQ.14.,BQ.14.,BQ.14.
Section-D1a5-VideoList-BQ,PlayListButton-BQ-VideoListButton-15,15. ??????,https://www.youtube.com/watch?v=AAAAAAAAAAA,https://img.youtube.com/vi/AAAAAAAAAAA/maxresdefault.jpg,ClickedVideoListButton,PlayListButton-BQ-VideoListButton-15,Section-D1a5-VideoList-BQ,15. ??????,BQ.15.,BQ.15.,BQ.15.,BQ.15.,BQ.15.,BQ.15.,BQ.15.,BQ.15.,BQ.15.,BQ.15.
Section-D1a5-VideoList-BQ,PlayListButton-BQ-VideoListButton-16,16. ??????,https://www.youtube.com/watch?v=AAAAAAAAAAA,https://img.youtube.com/vi/AAAAAAAAAAA/maxresdefault.jpg,ClickedVideoListButton,PlayListButton-BQ-VideoListButton-16,Section-D1a5-VideoList-BQ,16. ??????,BQ.16.,BQ.16.,BQ.16.,BQ.16.,BQ.16.,BQ.16.,BQ.16.,BQ.16.,BQ.16.,BQ.16.
Section-D1a5-VideoList-BQ,PlayListButton-BQ-VideoListButton-17,17. ??????,https://www.youtube.com/watch?v=AAAAAAAAAAA,https://img.youtube.com/vi/AAAAAAAAAAA/maxresdefault.jpg,ClickedVideoListButton,PlayListButton-BQ-VideoListButton-17,Section-D1a5-VideoList-BQ,17. ??????,BQ.17.,BQ.17.,BQ.17.,BQ.17.,BQ.17.,BQ.17.,BQ.17.,BQ.17.,BQ.17.,BQ.17.
Section-D1a5-VideoList-BQ,PlayListButton-BQ-VideoListButton-18,18. ??????,https://www.youtube.com/watch?v=AAAAAAAAAAA,https://img.youtube.com/vi/AAAAAAAAAAA/maxresdefault.jpg,ClickedVideoListButton,PlayListButton-BQ-VideoListButton-18,Section-D1a5-VideoList-BQ,18. ??????,BQ.18.,BQ.18.,BQ.18.,BQ.18.,BQ.18.,BQ.18.,BQ.18.,BQ.18.,BQ.18.,BQ.18.
Section-D1a5-VideoList-BQ,PlayListButton-BQ-VideoListButton-19,19. ??????,https://www.youtube.com/watch?v=AAAAAAAAAAA,https://img.youtube.com/vi/AAAAAAAAAAA/maxresdefault.jpg,ClickedVideoListButton,PlayListButton-BQ-VideoListButton-19,Section-D1a5-VideoList-BQ,19. ??????,BQ.19.,BQ.19.,BQ.19.,BQ.19.,BQ.19.,BQ.19.,BQ.19.,BQ.19.,BQ.19.,BQ.19.
Section-D1a5-VideoList-BQ,PlayListButton-BQ-VideoListButton-20,20. ??????,https://www.youtube.com/watch?v=AAAAAAAAAAA,https://img.youtube.com/vi/AAAAAAAAAAA/maxresdefault.jpg,ClickedVideoListButton,PlayListButton-BQ-VideoListButton-20,Section-D1a5-VideoList-BQ,20. ??????,BQ.20.,BQ.20.,BQ.20.,BQ.20.,BQ.20.,BQ.20.,BQ.20.,BQ.20.,BQ.20.,BQ.20.
Section-D1a5-VideoList-BR,PlayListButton-BR-VideoListButton-01,01. ??????,https://www.youtube.com/watch?v=AAAAAAAAAAA,https://img.youtube.com/vi/AAAAAAAAAAA/maxresdefault.jpg,ClickedVideoListButton,PlayListButton-BR-VideoListButton-01,Section-D1a5-VideoList-BR,01. ??????,BR.01.,BR.01.,BR.01.,BR.01.,BR.01.,BR.01.,BR.01.,BR.01.,BR.01.,BR.01.
Section-D1a5-VideoList-BR,PlayListButton-BR-VideoListButton-02,02. ??????,https://www.youtube.com/watch?v=AAAAAAAAAAA,https://img.youtube.com/vi/AAAAAAAAAAA/maxresdefault.jpg,ClickedVideoListButton,PlayListButton-BR-VideoListButton-02,Section-D1a5-VideoList-BR,02. ??????,BR.02.,BR.02.,BR.02.,BR.02.,BR.02.,BR.02.,BR.02.,BR.02.,BR.02.,BR.02.
Section-D1a5-VideoList-BR,PlayListButton-BR-VideoListButton-03,03. ??????,https://www.youtube.com/watch?v=AAAAAAAAAAA,https://img.youtube.com/vi/AAAAAAAAAAA/maxresdefault.jpg,ClickedVideoListButton,PlayListButton-BR-VideoListButton-03,Section-D1a5-VideoList-BR,03. ??????,BR.03.,BR.03.,BR.03.,BR.03.,BR.03.,BR.03.,BR.03.,BR.03.,BR.03.,BR.03.
Section-D1a5-VideoList-BR,PlayListButton-BR-VideoListButton-04,04. ??????,https://www.youtube.com/watch?v=AAAAAAAAAAA,https://img.youtube.com/vi/AAAAAAAAAAA/maxresdefault.jpg,ClickedVideoListButton,PlayListButton-BR-VideoListButton-04,Section-D1a5-VideoList-BR,04. ??????,BR.04.,BR.04.,BR.04.,BR.04.,BR.04.,BR.04.,BR.04.,BR.04.,BR.04.,BR.04.
Section-D1a5-VideoList-BR,PlayListButton-BR-VideoListButton-05,05. ??????,https://www.youtube.com/watch?v=AAAAAAAAAAA,https://img.youtube.com/vi/AAAAAAAAAAA/maxresdefault.jpg,ClickedVideoListButton,PlayListButton-BR-VideoListButton-05,Section-D1a5-VideoList-BR,05. ??????,BR.05.,BR.05.,BR.05.,BR.05.,BR.05.,BR.05.,BR.05.,BR.05.,BR.05.,BR.05.
Section-D1a5-VideoList-BR,PlayListButton-BR-VideoListButton-06,06. ??????,https://www.youtube.com/watch?v=AAAAAAAAAAA,https://img.youtube.com/vi/AAAAAAAAAAA/maxresdefault.jpg,ClickedVideoListButton,PlayListButton-BR-VideoListButton-06,Section-D1a5-VideoList-BR,06. ??????,BR.06.,BR.06.,BR.06.,BR.06.,BR.06.,BR.06.,BR.06.,BR.06.,BR.06.,BR.06.
Section-D1a5-VideoList-BR,PlayListButton-BR-VideoListButton-07,07. ??????,https://www.youtube.com/watch?v=AAAAAAAAAAA,https://img.youtube.com/vi/AAAAAAAAAAA/maxresdefault.jpg,ClickedVideoListButton,PlayListButton-BR-VideoListButton-07,Section-D1a5-VideoList-BR,07. ??????,BR.07.,BR.07.,BR.07.,BR.07.,BR.07.,BR.07.,BR.07.,BR.07.,BR.07.,BR.07.
Section-D1a5-VideoList-BR,PlayListButton-BR-VideoListButton-08,08. ??????,https://www.youtube.com/watch?v=AAAAAAAAAAA,https://img.youtube.com/vi/AAAAAAAAAAA/maxresdefault.jpg,ClickedVideoListButton,PlayListButton-BR-VideoListButton-08,Section-D1a5-VideoList-BR,08. ??????,BR.08.,BR.08.,BR.08.,BR.08.,BR.08.,BR.08.,BR.08.,BR.08.,BR.08.,BR.08.
Section-D1a5-VideoList-BR,PlayListButton-BR-VideoListButton-09,09. ??????,https://www.youtube.com/watch?v=AAAAAAAAAAA,https://img.youtube.com/vi/AAAAAAAAAAA/maxresdefault.jpg,ClickedVideoListButton,PlayListButton-BR-VideoListButton-09,Section-D1a5-VideoList-BR,09. ??????,BR.09.,BR.09.,BR.09.,BR.09.,BR.09.,BR.09.,BR.09.,BR.09.,BR.09.,BR.09.
Section-D1a5-VideoList-BR,PlayListButton-BR-VideoListButton-10,10. ??????,https://www.youtube.com/watch?v=AAAAAAAAAAA,https://img.youtube.com/vi/AAAAAAAAAAA/maxresdefault.jpg,ClickedVideoListButton,PlayListButton-BR-VideoListButton-10,Section-D1a5-VideoList-BR,10. ??????,BR.10.,BR.10.,BR.10.,BR.10.,BR.10.,BR.10.,BR.10.,BR.10.,BR.10.,BR.10.
Section-D1a5-VideoList-BR,PlayListButton-BR-VideoListButton-11,11. ??????,https://www.youtube.com/watch?v=AAAAAAAAAAA,https://img.youtube.com/vi/AAAAAAAAAAA/maxresdefault.jpg,ClickedVideoListButton,PlayListButton-BR-VideoListButton-11,Section-D1a5-VideoList-BR,11. ??????,BR.11.,BR.11.,BR.11.,BR.11.,BR.11.,BR.11.,BR.11.,BR.11.,BR.11.,BR.11.
Section-D1a5-VideoList-BR,PlayListButton-BR-VideoListButton-12,12. ??????,https://www.youtube.com/watch?v=AAAAAAAAAAA,https://img.youtube.com/vi/AAAAAAAAAAA/maxresdefault.jpg,ClickedVideoListButton,PlayListButton-BR-VideoListButton-12,Section-D1a5-VideoList-BR,12. ??????,BR.12.,BR.12.,BR.12.,BR.12.,BR.12.,BR.12.,BR.12.,BR.12.,BR.12.,BR.12.
Section-D1a5-VideoList-BR,PlayListButton-BR-VideoListButton-13,13. ??????,https://www.youtube.com/watch?v=AAAAAAAAAAA,https://img.youtube.com/vi/AAAAAAAAAAA/maxresdefault.jpg,ClickedVideoListButton,PlayListButton-BR-VideoListButton-13,Section-D1a5-VideoList-BR,13. ??????,BR.13.,BR.13.,BR.13.,BR.13.,BR.13.,BR.13.,BR.13.,BR.13.,BR.13.,BR.13.
Section-D1a5-VideoList-BR,PlayListButton-BR-VideoListButton-14,14. ??????,https://www.youtube.com/watch?v=AAAAAAAAAAA,https://img.youtube.com/vi/AAAAAAAAAAA/maxresdefault.jpg,ClickedVideoListButton,PlayListButton-BR-VideoListButton-14,Section-D1a5-VideoList-BR,14. ??????,BR.14.,BR.14.,BR.14.,BR.14.,BR.14.,BR.14.,BR.14.,BR.14.,BR.14.,BR.14.
Section-D1a5-VideoList-BR,PlayListButton-BR-VideoListButton-15,15. ??????,https://www.youtube.com/watch?v=AAAAAAAAAAA,https://img.youtube.com/vi/AAAAAAAAAAA/maxresdefault.jpg,ClickedVideoListButton,PlayListButton-BR-VideoListButton-15,Section-D1a5-VideoList-BR,15. ??????,BR.15.,BR.15.,BR.15.,BR.15.,BR.15.,BR.15.,BR.15.,BR.15.,BR.15.,BR.15.
Section-D1a5-VideoList-BR,PlayListButton-BR-VideoListButton-16,16. ??????,https://www.youtube.com/watch?v=AAAAAAAAAAA,https://img.youtube.com/vi/AAAAAAAAAAA/maxresdefault.jpg,ClickedVideoListButton,PlayListButton-BR-VideoListButton-16,Section-D1a5-VideoList-BR,16. ??????,BR.16.,BR.16.,BR.16.,BR.16.,BR.16.,BR.16.,BR.16.,BR.16.,BR.16.,BR.16.
Section-D1a5-VideoList-BR,PlayListButton-BR-VideoListButton-17,17. ??????,https://www.youtube.com/watch?v=AAAAAAAAAAA,https://img.youtube.com/vi/AAAAAAAAAAA/maxresdefault.jpg,ClickedVideoListButton,PlayListButton-BR-VideoListButton-17,Section-D1a5-VideoList-BR,17. ??????,BR.17.,BR.17.,BR.17.,BR.17.,BR.17.,BR.17.,BR.17.,BR.17.,BR.17.,BR.17.
Section-D1a5-VideoList-BR,PlayListButton-BR-VideoListButton-18,18. ??????,https://www.youtube.com/watch?v=AAAAAAAAAAA,https://img.youtube.com/vi/AAAAAAAAAAA/maxresdefault.jpg,ClickedVideoListButton,PlayListButton-BR-VideoListButton-18,Section-D1a5-VideoList-BR,18. ??????,BR.18.,BR.18.,BR.18.,BR.18.,BR.18.,BR.18.,BR.18.,BR.18.,BR.18.,BR.18.
Section-D1a5-VideoList-BR,PlayListButton-BR-VideoListButton-19,19. ??????,https://www.youtube.com/watch?v=AAAAAAAAAAA,https://img.youtube.com/vi/AAAAAAAAAAA/maxresdefault.jpg,ClickedVideoListButton,PlayListButton-BR-VideoListButton-19,Section-D1a5-VideoList-BR,19. ??????,BR.19.,BR.19.,BR.19.,BR.19.,BR.19.,BR.19.,BR.19.,BR.19.,BR.19.,BR.19.
Section-D1a5-VideoList-BR,PlayListButton-BR-VideoListButton-20,20. ??????,https://www.youtube.com/watch?v=AAAAAAAAAAA,https://img.youtube.com/vi/AAAAAAAAAAA/maxresdefault.jpg,ClickedVideoListButton,PlayListButton-BR-VideoListButton-20,Section-D1a5-VideoList-BR,20. ??????,BR.20.,BR.20.,BR.20.,BR.20.,BR.20.,BR.20.,BR.20.,BR.20.,BR.20.,BR.20.
Section-D1a5-VideoList-BS,PlayListButton-BS-VideoListButton-01,01. ??????,https://www.youtube.com/watch?v=AAAAAAAAAAA,https://img.youtube.com/vi/AAAAAAAAAAA/maxresdefault.jpg,ClickedVideoListButton,PlayListButton-BS-VideoListButton-01,Section-D1a5-VideoList-BS,01. ??????,BS.01.,BS.01.,BS.01.,BS.01.,BS.01.,BS.01.,BS.01.,BS.01.,BS.01.,BS.01.
Section-D1a5-VideoList-BS,PlayListButton-BS-VideoListButton-02,02. ??????,https://www.youtube.com/watch?v=AAAAAAAAAAA,https://img.youtube.com/vi/AAAAAAAAAAA/maxresdefault.jpg,ClickedVideoListButton,PlayListButton-BS-VideoListButton-02,Section-D1a5-VideoList-BS,02. ??????,BS.02.,BS.02.,BS.02.,BS.02.,BS.02.,BS.02.,BS.02.,BS.02.,BS.02.,BS.02.
Section-D1a5-VideoList-BS,PlayListButton-BS-VideoListButton-03,03. ??????,https://www.youtube.com/watch?v=AAAAAAAAAAA,https://img.youtube.com/vi/AAAAAAAAAAA/maxresdefault.jpg,ClickedVideoListButton,PlayListButton-BS-VideoListButton-03,Section-D1a5-VideoList-BS,03. ??????,BS.03.,BS.03.,BS.03.,BS.03.,BS.03.,BS.03.,BS.03.,BS.03.,BS.03.,BS.03.
Section-D1a5-VideoList-BS,PlayListButton-BS-VideoListButton-04,04. ??????,https://www.youtube.com/watch?v=AAAAAAAAAAA,https://img.youtube.com/vi/AAAAAAAAAAA/maxresdefault.jpg,ClickedVideoListButton,PlayListButton-BS-VideoListButton-04,Section-D1a5-VideoList-BS,04. ??????,BS.04.,BS.04.,BS.04.,BS.04.,BS.04.,BS.04.,BS.04.,BS.04.,BS.04.,BS.04.
Section-D1a5-VideoList-BS,PlayListButton-BS-VideoListButton-05,05. ??????,https://www.youtube.com/watch?v=AAAAAAAAAAA,https://img.youtube.com/vi/AAAAAAAAAAA/maxresdefault.jpg,ClickedVideoListButton,PlayListButton-BS-VideoListButton-05,Section-D1a5-VideoList-BS,05. ??????,BS.05.,BS.05.,BS.05.,BS.05.,BS.05.,BS.05.,BS.05.,BS.05.,BS.05.,BS.05.
Section-D1a5-VideoList-BS,PlayListButton-BS-VideoListButton-06,06. ??????,https://www.youtube.com/watch?v=AAAAAAAAAAA,https://img.youtube.com/vi/AAAAAAAAAAA/maxresdefault.jpg,ClickedVideoListButton,PlayListButton-BS-VideoListButton-06,Section-D1a5-VideoList-BS,06. ??????,BS.06.,BS.06.,BS.06.,BS.06.,BS.06.,BS.06.,BS.06.,BS.06.,BS.06.,BS.06.
Section-D1a5-VideoList-BS,PlayListButton-BS-VideoListButton-07,07. ??????,https://www.youtube.com/watch?v=AAAAAAAAAAA,https://img.youtube.com/vi/AAAAAAAAAAA/maxresdefault.jpg,ClickedVideoListButton,PlayListButton-BS-VideoListButton-07,Section-D1a5-VideoList-BS,07. ??????,BS.07.,BS.07.,BS.07.,BS.07.,BS.07.,BS.07.,BS.07.,BS.07.,BS.07.,BS.07.
Section-D1a5-VideoList-BS,PlayListButton-BS-VideoListButton-08,08. ??????,https://www.youtube.com/watch?v=AAAAAAAAAAA,https://img.youtube.com/vi/AAAAAAAAAAA/maxresdefault.jpg,ClickedVideoListButton,PlayListButton-BS-VideoListButton-08,Section-D1a5-VideoList-BS,08. ??????,BS.08.,BS.08.,BS.08.,BS.08.,BS.08.,BS.08.,BS.08.,BS.08.,BS.08.,BS.08.
Section-D1a5-VideoList-BS,PlayListButton-BS-VideoListButton-09,09. ??????,https://www.youtube.com/watch?v=AAAAAAAAAAA,https://img.youtube.com/vi/AAAAAAAAAAA/maxresdefault.jpg,ClickedVideoListButton,PlayListButton-BS-VideoListButton-09,Section-D1a5-VideoList-BS,09. ??????,BS.09.,BS.09.,BS.09.,BS.09.,BS.09.,BS.09.,BS.09.,BS.09.,BS.09.,BS.09.
Section-D1a5-VideoList-BS,PlayListButton-BS-VideoListButton-10,10. ??????,https://www.youtube.com/watch?v=AAAAAAAAAAA,https://img.youtube.com/vi/AAAAAAAAAAA/maxresdefault.jpg,ClickedVideoListButton,PlayListButton-BS-VideoListButton-10,Section-D1a5-VideoList-BS,10. ??????,BS.10.,BS.10.,BS.10.,BS.10.,BS.10.,BS.10.,BS.10.,BS.10.,BS.10.,BS.10.
Section-D1a5-VideoList-BS,PlayListButton-BS-VideoListButton-11,11. ??????,https://www.youtube.com/watch?v=AAAAAAAAAAA,https://img.youtube.com/vi/AAAAAAAAAAA/maxresdefault.jpg,ClickedVideoListButton,PlayListButton-BS-VideoListButton-11,Section-D1a5-VideoList-BS,11. ??????,BS.11.,BS.11.,BS.11.,BS.11.,BS.11.,BS.11.,BS.11.,BS.11.,BS.11.,BS.11.
Section-D1a5-VideoList-BS,PlayListButton-BS-VideoListButton-12,12. ??????,https://www.youtube.com/watch?v=AAAAAAAAAAA,https://img.youtube.com/vi/AAAAAAAAAAA/maxresdefault.jpg,ClickedVideoListButton,PlayListButton-BS-VideoListButton-12,Section-D1a5-VideoList-BS,12. ??????,BS.12.,BS.12.,BS.12.,BS.12.,BS.12.,BS.12.,BS.12.,BS.12.,BS.12.,BS.12.
Section-D1a5-VideoList-BS,PlayListButton-BS-VideoListButton-13,13. ??????,https://www.youtube.com/watch?v=AAAAAAAAAAA,https://img.youtube.com/vi/AAAAAAAAAAA/maxresdefault.jpg,ClickedVideoListButton,PlayListButton-BS-VideoListButton-13,Section-D1a5-VideoList-BS,13. ??????,BS.13.,BS.13.,BS.13.,BS.13.,BS.13.,BS.13.,BS.13.,BS.13.,BS.13.,BS.13.
Section-D1a5-VideoList-BS,PlayListButton-BS-VideoListButton-14,14. ??????,https://www.youtube.com/watch?v=AAAAAAAAAAA,https://img.youtube.com/vi/AAAAAAAAAAA/maxresdefault.jpg,ClickedVideoListButton,PlayListButton-BS-VideoListButton-14,Section-D1a5-VideoList-BS,14. ??????,BS.14.,BS.14.,BS.14.,BS.14.,BS.14.,BS.14.,BS.14.,BS.14.,BS.14.,BS.14.
Section-D1a5-VideoList-BS,PlayListButton-BS-VideoListButton-15,15. ??????,https://www.youtube.com/watch?v=AAAAAAAAAAA,https://img.youtube.com/vi/AAAAAAAAAAA/maxresdefault.jpg,ClickedVideoListButton,PlayListButton-BS-VideoListButton-15,Section-D1a5-VideoList-BS,15. ??????,BS.15.,BS.15.,BS.15.,BS.15.,BS.15.,BS.15.,BS.15.,BS.15.,BS.15.,BS.15.
Section-D1a5-VideoList-BS,PlayListButton-BS-VideoListButton-16,16. ??????,https://www.youtube.com/watch?v=AAAAAAAAAAA,https://img.youtube.com/vi/AAAAAAAAAAA/maxresdefault.jpg,ClickedVideoListButton,PlayListButton-BS-VideoListButton-16,Section-D1a5-VideoList-BS,16. ??????,BS.16.,BS.16.,BS.16.,BS.16.,BS.16.,BS.16.,BS.16.,BS.16.,BS.16.,BS.16.
Section-D1a5-VideoList-BS,PlayListButton-BS-VideoListButton-17,17. ??????,https://www.youtube.com/watch?v=AAAAAAAAAAA,https://img.youtube.com/vi/AAAAAAAAAAA/maxresdefault.jpg,ClickedVideoListButton,PlayListButton-BS-VideoListButton-17,Section-D1a5-VideoList-BS,17. ??????,BS.17.,BS.17.,BS.17.,BS.17.,BS.17.,BS.17.,BS.17.,BS.17.,BS.17.,BS.17.
Section-D1a5-VideoList-BS,PlayListButton-BS-VideoListButton-18,18. ??????,https://www.youtube.com/watch?v=AAAAAAAAAAA,https://img.youtube.com/vi/AAAAAAAAAAA/maxresdefault.jpg,ClickedVideoListButton,PlayListButton-BS-VideoListButton-18,Section-D1a5-VideoList-BS,18. ??????,BS.18.,BS.18.,BS.18.,BS.18.,BS.18.,BS.18.,BS.18.,BS.18.,BS.18.,BS.18.
Section-D1a5-VideoList-BS,PlayListButton-BS-VideoListButton-19,19. ??????,https://www.youtube.com/watch?v=AAAAAAAAAAA,https://img.youtube.com/vi/AAAAAAAAAAA/maxresdefault.jpg,ClickedVideoListButton,PlayListButton-BS-VideoListButton-19,Section-D1a5-VideoList-BS,19. ??????,BS.19.,BS.19.,BS.19.,BS.19.,BS.19.,BS.19.,BS.19.,BS.19.,BS.19.,BS.19.
Section-D1a5-VideoList-BS,PlayListButton-BS-VideoListButton-20,20. ??????,https://www.youtube.com/watch?v=AAAAAAAAAAA,https://img.youtube.com/vi/AAAAAAAAAAA/maxresdefault.jpg,ClickedVideoListButton,PlayListButton-BS-VideoListButton-20,Section-D1a5-VideoList-BS,20. ??????,BS.20.,BS.20.,BS.20.,BS.20.,BS.20.,BS.20.,BS.20.,BS.20.,BS.20.,BS.20.
Section-D1a5-VideoList-BT,PlayListButton-BT-VideoListButton-01,01. ??????,https://www.youtube.com/watch?v=AAAAAAAAAAA,https://img.youtube.com/vi/AAAAAAAAAAA/maxresdefault.jpg,ClickedVideoListButton,PlayListButton-BT-VideoListButton-01,Section-D1a5-VideoList-BT,01. ??????,BT.01.,BT.01.,BT.01.,BT.01.,BT.01.,BT.01.,BT.01.,BT.01.,BT.01.,BT.01.
Section-D1a5-VideoList-BT,PlayListButton-BT-VideoListButton-02,02. ??????,https://www.youtube.com/watch?v=AAAAAAAAAAA,https://img.youtube.com/vi/AAAAAAAAAAA/maxresdefault.jpg,ClickedVideoListButton,PlayListButton-BT-VideoListButton-02,Section-D1a5-VideoList-BT,02. ??????,BT.02.,BT.02.,BT.02.,BT.02.,BT.02.,BT.02.,BT.02.,BT.02.,BT.02.,BT.02.
Section-D1a5-VideoList-BT,PlayListButton-BT-VideoListButton-03,03. ??????,https://www.youtube.com/watch?v=AAAAAAAAAAA,https://img.youtube.com/vi/AAAAAAAAAAA/maxresdefault.jpg,ClickedVideoListButton,PlayListButton-BT-VideoListButton-03,Section-D1a5-VideoList-BT,03. ??????,BT.03.,BT.03.,BT.03.,BT.03.,BT.03.,BT.03.,BT.03.,BT.03.,BT.03.,BT.03.
Section-D1a5-VideoList-BT,PlayListButton-BT-VideoListButton-04,04. ??????,https://www.youtube.com/watch?v=AAAAAAAAAAA,https://img.youtube.com/vi/AAAAAAAAAAA/maxresdefault.jpg,ClickedVideoListButton,PlayListButton-BT-VideoListButton-04,Section-D1a5-VideoList-BT,04. ??????,BT.04.,BT.04.,BT.04.,BT.04.,BT.04.,BT.04.,BT.04.,BT.04.,BT.04.,BT.04.
Section-D1a5-VideoList-BT,PlayListButton-BT-VideoListButton-05,05. ??????,https://www.youtube.com/watch?v=AAAAAAAAAAA,https://img.youtube.com/vi/AAAAAAAAAAA/maxresdefault.jpg,ClickedVideoListButton,PlayListButton-BT-VideoListButton-05,Section-D1a5-VideoList-BT,05. ??????,BT.05.,BT.05.,BT.05.,BT.05.,BT.05.,BT.05.,BT.05.,BT.05.,BT.05.,BT.05.
Section-D1a5-VideoList-BT,PlayListButton-BT-VideoListButton-06,06. ??????,https://www.youtube.com/watch?v=AAAAAAAAAAA,https://img.youtube.com/vi/AAAAAAAAAAA/maxresdefault.jpg,ClickedVideoListButton,PlayListButton-BT-VideoListButton-06,Section-D1a5-VideoList-BT,06. ??????,BT.06.,BT.06.,BT.06.,BT.06.,BT.06.,BT.06.,BT.06.,BT.06.,BT.06.,BT.06.
Section-D1a5-VideoList-BT,PlayListButton-BT-VideoListButton-07,07. ??????,https://www.youtube.com/watch?v=AAAAAAAAAAA,https://img.youtube.com/vi/AAAAAAAAAAA/maxresdefault.jpg,ClickedVideoListButton,PlayListButton-BT-VideoListButton-07,Section-D1a5-VideoList-BT,07. ??????,BT.07.,BT.07.,BT.07.,BT.07.,BT.07.,BT.07.,BT.07.,BT.07.,BT.07.,BT.07.
Section-D1a5-VideoList-BT,PlayListButton-BT-VideoListButton-08,08. ??????,https://www.youtube.com/watch?v=AAAAAAAAAAA,https://img.youtube.com/vi/AAAAAAAAAAA/maxresdefault.jpg,ClickedVideoListButton,PlayListButton-BT-VideoListButton-08,Section-D1a5-VideoList-BT,08. ??????,BT.08.,BT.08.,BT.08.,BT.08.,BT.08.,BT.08.,BT.08.,BT.08.,BT.08.,BT.08.
Section-D1a5-VideoList-BT,PlayListButton-BT-VideoListButton-09,09. ??????,https://www.youtube.com/watch?v=AAAAAAAAAAA,https://img.youtube.com/vi/AAAAAAAAAAA/maxresdefault.jpg,ClickedVideoListButton,PlayListButton-BT-VideoListButton-09,Section-D1a5-VideoList-BT,09. ??????,BT.09.,BT.09.,BT.09.,BT.09.,BT.09.,BT.09.,BT.09.,BT.09.,BT.09.,BT.09.
Section-D1a5-VideoList-BT,PlayListButton-BT-VideoListButton-10,10. ??????,https://www.youtube.com/watch?v=AAAAAAAAAAA,https://img.youtube.com/vi/AAAAAAAAAAA/maxresdefault.jpg,ClickedVideoListButton,PlayListButton-BT-VideoListButton-10,Section-D1a5-VideoList-BT,10. ??????,BT.10.,BT.10.,BT.10.,BT.10.,BT.10.,BT.10.,BT.10.,BT.10.,BT.10.,BT.10.
Section-D1a5-VideoList-BT,PlayListButton-BT-VideoListButton-11,11. ??????,https://www.youtube.com/watch?v=AAAAAAAAAAA,https://img.youtube.com/vi/AAAAAAAAAAA/maxresdefault.jpg,ClickedVideoListButton,PlayListButton-BT-VideoListButton-11,Section-D1a5-VideoList-BT,11. ??????,BT.11.,BT.11.,BT.11.,BT.11.,BT.11.,BT.11.,BT.11.,BT.11.,BT.11.,BT.11.
Section-D1a5-VideoList-BT,PlayListButton-BT-VideoListButton-12,12. ??????,https://www.youtube.com/watch?v=AAAAAAAAAAA,https://img.youtube.com/vi/AAAAAAAAAAA/maxresdefault.jpg,ClickedVideoListButton,PlayListButton-BT-VideoListButton-12,Section-D1a5-VideoList-BT,12. ??????,BT.12.,BT.12.,BT.12.,BT.12.,BT.12.,BT.12.,BT.12.,BT.12.,BT.12.,BT.12.
Section-D1a5-VideoList-BT,PlayListButton-BT-VideoListButton-13,13. ??????,https://www.youtube.com/watch?v=AAAAAAAAAAA,https://img.youtube.com/vi/AAAAAAAAAAA/maxresdefault.jpg,ClickedVideoListButton,PlayListButton-BT-VideoListButton-13,Section-D1a5-VideoList-BT,13. ??????,BT.13.,BT.13.,BT.13.,BT.13.,BT.13.,BT.13.,BT.13.,BT.13.,BT.13.,BT.13.
Section-D1a5-VideoList-BT,PlayListButton-BT-VideoListButton-14,14. ??????,https://www.youtube.com/watch?v=AAAAAAAAAAA,https://img.youtube.com/vi/AAAAAAAAAAA/maxresdefault.jpg,ClickedVideoListButton,PlayListButton-BT-VideoListButton-14,Section-D1a5-VideoList-BT,14. ??????,BT.14.,BT.14.,BT.14.,BT.14.,BT.14.,BT.14.,BT.14.,BT.14.,BT.14.,BT.14.
Section-D1a5-VideoList-BT,PlayListButton-BT-VideoListButton-15,15. ??????,https://www.youtube.com/watch?v=AAAAAAAAAAA,https://img.youtube.com/vi/AAAAAAAAAAA/maxresdefault.jpg,ClickedVideoListButton,PlayListButton-BT-VideoListButton-15,Section-D1a5-VideoList-BT,15. ??????,BT.15.,BT.15.,BT.15.,BT.15.,BT.15.,BT.15.,BT.15.,BT.15.,BT.15.,BT.15.
Section-D1a5-VideoList-BT,PlayListButton-BT-VideoListButton-16,16. ??????,https://www.youtube.com/watch?v=AAAAAAAAAAA,https://img.youtube.com/vi/AAAAAAAAAAA/maxresdefault.jpg,ClickedVideoListButton,PlayListButton-BT-VideoListButton-16,Section-D1a5-VideoList-BT,16. ??????,BT.16.,BT.16.,BT.16.,BT.16.,BT.16.,BT.16.,BT.16.,BT.16.,BT.16.,BT.16.
Section-D1a5-VideoList-BT,PlayListButton-BT-VideoListButton-17,17. ??????,https://www.youtube.com/watch?v=AAAAAAAAAAA,https://img.youtube.com/vi/AAAAAAAAAAA/maxresdefault.jpg,ClickedVideoListButton,PlayListButton-BT-VideoListButton-17,Section-D1a5-VideoList-BT,17. ??????,BT.17.,BT.17.,BT.17.,BT.17.,BT.17.,BT.17.,BT.17.,BT.17.,BT.17.,BT.17.
Section-D1a5-VideoList-BT,PlayListButton-BT-VideoListButton-18,18. ??????,https://www.youtube.com/watch?v=AAAAAAAAAAA,https://img.youtube.com/vi/AAAAAAAAAAA/maxresdefault.jpg,ClickedVideoListButton,PlayListButton-BT-VideoListButton-18,Section-D1a5-VideoList-BT,18. ??????,BT.18.,BT.18.,BT.18.,BT.18.,BT.18.,BT.18.,BT.18.,BT.18.,BT.18.,BT.18.
Section-D1a5-VideoList-BT,PlayListButton-BT-VideoListButton-19,19. ??????,https://www.youtube.com/watch?v=AAAAAAAAAAA,https://img.youtube.com/vi/AAAAAAAAAAA/maxresdefault.jpg,ClickedVideoListButton,PlayListButton-BT-VideoListButton-19,Section-D1a5-VideoList-BT,19. ??????,BT.19.,BT.19.,BT.19.,BT.19.,BT.19.,BT.19.,BT.19.,BT.19.,BT.19.,BT.19.
Section-D1a5-VideoList-BT,PlayListButton-BT-VideoListButton-20,20. ??????,https://www.youtube.com/watch?v=AAAAAAAAAAA,https://img.youtube.com/vi/AAAAAAAAAAA/maxresdefault.jpg,ClickedVideoListButton,PlayListButton-BT-VideoListButton-20,Section-D1a5-VideoList-BT,20. ??????,BT.20.,BT.20.,BT.20.,BT.20.,BT.20.,BT.20.,BT.20.,BT.20.,BT.20.,BT.20.
Section-D1a5-VideoList-BU,PlayListButton-BU-VideoListButton-01,01. ??????,https://www.youtube.com/watch?v=AAAAAAAAAAA,https://img.youtube.com/vi/AAAAAAAAAAA/maxresdefault.jpg,ClickedVideoListButton,PlayListButton-BU-VideoListButton-01,Section-D1a5-VideoList-BU,01. ??????,BU.01.,BU.01.,BU.01.,BU.01.,BU.01.,BU.01.,BU.01.,BU.01.,BU.01.,BU.01.
Section-D1a5-VideoList-BU,PlayListButton-BU-VideoListButton-02,02. ??????,https://www.youtube.com/watch?v=AAAAAAAAAAA,https://img.youtube.com/vi/AAAAAAAAAAA/maxresdefault.jpg,ClickedVideoListButton,PlayListButton-BU-VideoListButton-02,Section-D1a5-VideoList-BU,02. ??????,BU.02.,BU.02.,BU.02.,BU.02.,BU.02.,BU.02.,BU.02.,BU.02.,BU.02.,BU.02.
Section-D1a5-VideoList-BU,PlayListButton-BU-VideoListButton-03,03. ??????,https://www.youtube.com/watch?v=AAAAAAAAAAA,https://img.youtube.com/vi/AAAAAAAAAAA/maxresdefault.jpg,ClickedVideoListButton,PlayListButton-BU-VideoListButton-03,Section-D1a5-VideoList-BU,03. ??????,BU.03.,BU.03.,BU.03.,BU.03.,BU.03.,BU.03.,BU.03.,BU.03.,BU.03.,BU.03.
Section-D1a5-VideoList-BU,PlayListButton-BU-VideoListButton-04,04. ??????,https://www.youtube.com/watch?v=AAAAAAAAAAA,https://img.youtube.com/vi/AAAAAAAAAAA/maxresdefault.jpg,ClickedVideoListButton,PlayListButton-BU-VideoListButton-04,Section-D1a5-VideoList-BU,04. ??????,BU.04.,BU.04.,BU.04.,BU.04.,BU.04.,BU.04.,BU.04.,BU.04.,BU.04.,BU.04.
Section-D1a5-VideoList-BU,PlayListButton-BU-VideoListButton-05,05. ??????,https://www.youtube.com/watch?v=AAAAAAAAAAA,https://img.youtube.com/vi/AAAAAAAAAAA/maxresdefault.jpg,ClickedVideoListButton,PlayListButton-BU-VideoListButton-05,Section-D1a5-VideoList-BU,05. ??????,BU.05.,BU.05.,BU.05.,BU.05.,BU.05.,BU.05.,BU.05.,BU.05.,BU.05.,BU.05.
Section-D1a5-VideoList-BU,PlayListButton-BU-VideoListButton-06,06. ??????,https://www.youtube.com/watch?v=AAAAAAAAAAA,https://img.youtube.com/vi/AAAAAAAAAAA/maxresdefault.jpg,ClickedVideoListButton,PlayListButton-BU-VideoListButton-06,Section-D1a5-VideoList-BU,06. ??????,BU.06.,BU.06.,BU.06.,BU.06.,BU.06.,BU.06.,BU.06.,BU.06.,BU.06.,BU.06.
Section-D1a5-VideoList-BU,PlayListButton-BU-VideoListButton-07,07. ??????,https://www.youtube.com/watch?v=AAAAAAAAAAA,https://img.youtube.com/vi/AAAAAAAAAAA/maxresdefault.jpg,ClickedVideoListButton,PlayListButton-BU-VideoListButton-07,Section-D1a5-VideoList-BU,07. ??????,BU.07.,BU.07.,BU.07.,BU.07.,BU.07.,BU.07.,BU.07.,BU.07.,BU.07.,BU.07.
Section-D1a5-VideoList-BU,PlayListButton-BU-VideoListButton-08,08. ??????,https://www.youtube.com/watch?v=AAAAAAAAAAA,https://img.youtube.com/vi/AAAAAAAAAAA/maxresdefault.jpg,ClickedVideoListButton,PlayListButton-BU-VideoListButton-08,Section-D1a5-VideoList-BU,08. ??????,BU.08.,BU.08.,BU.08.,BU.08.,BU.08.,BU.08.,BU.08.,BU.08.,BU.08.,BU.08.
Section-D1a5-VideoList-BU,PlayListButton-BU-VideoListButton-09,09. ??????,https://www.youtube.com/watch?v=AAAAAAAAAAA,https://img.youtube.com/vi/AAAAAAAAAAA/maxresdefault.jpg,ClickedVideoListButton,PlayListButton-BU-VideoListButton-09,Section-D1a5-VideoList-BU,09. ??????,BU.09.,BU.09.,BU.09.,BU.09.,BU.09.,BU.09.,BU.09.,BU.09.,BU.09.,BU.09.
Section-D1a5-VideoList-BU,PlayListButton-BU-VideoListButton-10,10. ??????,https://www.youtube.com/watch?v=AAAAAAAAAAA,https://img.youtube.com/vi/AAAAAAAAAAA/maxresdefault.jpg,ClickedVideoListButton,PlayListButton-BU-VideoListButton-10,Section-D1a5-VideoList-BU,10. ??????,BU.10.,BU.10.,BU.10.,BU.10.,BU.10.,BU.10.,BU.10.,BU.10.,BU.10.,BU.10.
Section-D1a5-VideoList-BU,PlayListButton-BU-VideoListButton-11,11. ??????,https://www.youtube.com/watch?v=AAAAAAAAAAA,https://img.youtube.com/vi/AAAAAAAAAAA/maxresdefault.jpg,ClickedVideoListButton,PlayListButton-BU-VideoListButton-11,Section-D1a5-VideoList-BU,11. ??????,BU.11.,BU.11.,BU.11.,BU.11.,BU.11.,BU.11.,BU.11.,BU.11.,BU.11.,BU.11.
Section-D1a5-VideoList-BU,PlayListButton-BU-VideoListButton-12,12. ??????,https://www.youtube.com/watch?v=AAAAAAAAAAA,https://img.youtube.com/vi/AAAAAAAAAAA/maxresdefault.jpg,ClickedVideoListButton,PlayListButton-BU-VideoListButton-12,Section-D1a5-VideoList-BU,12. ??????,BU.12.,BU.12.,BU.12.,BU.12.,BU.12.,BU.12.,BU.12.,BU.12.,BU.12.,BU.12.
Section-D1a5-VideoList-BU,PlayListButton-BU-VideoListButton-13,13. ??????,https://www.youtube.com/watch?v=AAAAAAAAAAA,https://img.youtube.com/vi/AAAAAAAAAAA/maxresdefault.jpg,ClickedVideoListButton,PlayListButton-BU-VideoListButton-13,Section-D1a5-VideoList-BU,13. ??????,BU.13.,BU.13.,BU.13.,BU.13.,BU.13.,BU.13.,BU.13.,BU.13.,BU.13.,BU.13.
Section-D1a5-VideoList-BU,PlayListButton-BU-VideoListButton-14,14. ??????,https://www.youtube.com/watch?v=AAAAAAAAAAA,https://img.youtube.com/vi/AAAAAAAAAAA/maxresdefault.jpg,ClickedVideoListButton,PlayListButton-BU-VideoListButton-14,Section-D1a5-VideoList-BU,14. ??????,BU.14.,BU.14.,BU.14.,BU.14.,BU.14.,BU.14.,BU.14.,BU.14.,BU.14.,BU.14.
Section-D1a5-VideoList-BU,PlayListButton-BU-VideoListButton-15,15. ??????,https://www.youtube.com/watch?v=AAAAAAAAAAA,https://img.youtube.com/vi/AAAAAAAAAAA/maxresdefault.jpg,ClickedVideoListButton,PlayListButton-BU-VideoListButton-15,Section-D1a5-VideoList-BU,15. ??????,BU.15.,BU.15.,BU.15.,BU.15.,BU.15.,BU.15.,BU.15.,BU.15.,BU.15.,BU.15.
Section-D1a5-VideoList-BU,PlayListButton-BU-VideoListButton-16,16. ??????,https://www.youtube.com/watch?v=AAAAAAAAAAA,https://img.youtube.com/vi/AAAAAAAAAAA/maxresdefault.jpg,ClickedVideoListButton,PlayListButton-BU-VideoListButton-16,Section-D1a5-VideoList-BU,16. ??????,BU.16.,BU.16.,BU.16.,BU.16.,BU.16.,BU.16.,BU.16.,BU.16.,BU.16.,BU.16.
Section-D1a5-VideoList-BU,PlayListButton-BU-VideoListButton-17,17. ??????,https://www.youtube.com/watch?v=AAAAAAAAAAA,https://img.youtube.com/vi/AAAAAAAAAAA/maxresdefault.jpg,ClickedVideoListButton,PlayListButton-BU-VideoListButton-17,Section-D1a5-VideoList-BU,17. ??????,BU.17.,BU.17.,BU.17.,BU.17.,BU.17.,BU.17.,BU.17.,BU.17.,BU.17.,BU.17.
Section-D1a5-VideoList-BU,PlayListButton-BU-VideoListButton-18,18. ??????,https://www.youtube.com/watch?v=AAAAAAAAAAA,https://img.youtube.com/vi/AAAAAAAAAAA/maxresdefault.jpg,ClickedVideoListButton,PlayListButton-BU-VideoListButton-18,Section-D1a5-VideoList-BU,18. ??????,BU.18.,BU.18.,BU.18.,BU.18.,BU.18.,BU.18.,BU.18.,BU.18.,BU.18.,BU.18.
Section-D1a5-VideoList-BU,PlayListButton-BU-VideoListButton-19,19. ??????,https://www.youtube.com/watch?v=AAAAAAAAAAA,https://img.youtube.com/vi/AAAAAAAAAAA/maxresdefault.jpg,ClickedVideoListButton,PlayListButton-BU-VideoListButton-19,Section-D1a5-VideoList-BU,19. ??????,BU.19.,BU.19.,BU.19.,BU.19.,BU.19.,BU.19.,BU.19.,BU.19.,BU.19.,BU.19.
Section-D1a5-VideoList-BU,PlayListButton-BU-VideoListButton-20,20. ??????,https://www.youtube.com/watch?v=AAAAAAAAAAA,https://img.youtube.com/vi/AAAAAAAAAAA/maxresdefault.jpg,ClickedVideoListButton,PlayListButton-BU-VideoListButton-20,Section-D1a5-VideoList-BU,20. ??????,BU.20.,BU.20.,BU.20.,BU.20.,BU.20.,BU.20.,BU.20.,BU.20.,BU.20.,BU.20.
Section-D1a5-VideoList-BV,PlayListButton-BV-VideoListButton-01,01. ??????,https://www.youtube.com/watch?v=AAAAAAAAAAA,https://img.youtube.com/vi/AAAAAAAAAAA/maxresdefault.jpg,ClickedVideoListButton,PlayListButton-BV-VideoListButton-01,Section-D1a5-VideoList-BV,01. ??????,BV.01.,BV.01.,BV.01.,BV.01.,BV.01.,BV.01.,BV.01.,BV.01.,BV.01.,BV.01.
Section-D1a5-VideoList-BV,PlayListButton-BV-VideoListButton-02,02. ??????,https://www.youtube.com/watch?v=AAAAAAAAAAA,https://img.youtube.com/vi/AAAAAAAAAAA/maxresdefault.jpg,ClickedVideoListButton,PlayListButton-BV-VideoListButton-02,Section-D1a5-VideoList-BV,02. ??????,BV.02.,BV.02.,BV.02.,BV.02.,BV.02.,BV.02.,BV.02.,BV.02.,BV.02.,BV.02.
Section-D1a5-VideoList-BV,PlayListButton-BV-VideoListButton-03,03. ??????,https://www.youtube.com/watch?v=AAAAAAAAAAA,https://img.youtube.com/vi/AAAAAAAAAAA/maxresdefault.jpg,ClickedVideoListButton,PlayListButton-BV-VideoListButton-03,Section-D1a5-VideoList-BV,03. ??????,BV.03.,BV.03.,BV.03.,BV.03.,BV.03.,BV.03.,BV.03.,BV.03.,BV.03.,BV.03.
Section-D1a5-VideoList-BV,PlayListButton-BV-VideoListButton-04,04. ??????,https://www.youtube.com/watch?v=AAAAAAAAAAA,https://img.youtube.com/vi/AAAAAAAAAAA/maxresdefault.jpg,ClickedVideoListButton,PlayListButton-BV-VideoListButton-04,Section-D1a5-VideoList-BV,04. ??????,BV.04.,BV.04.,BV.04.,BV.04.,BV.04.,BV.04.,BV.04.,BV.04.,BV.04.,BV.04.
Section-D1a5-VideoList-BV,PlayListButton-BV-VideoListButton-05,05. ??????,https://www.youtube.com/watch?v=AAAAAAAAAAA,https://img.youtube.com/vi/AAAAAAAAAAA/maxresdefault.jpg,ClickedVideoListButton,PlayListButton-BV-VideoListButton-05,Section-D1a5-VideoList-BV,05. ??????,BV.05.,BV.05.,BV.05.,BV.05.,BV.05.,BV.05.,BV.05.,BV.05.,BV.05.,BV.05.
Section-D1a5-VideoList-BV,PlayListButton-BV-VideoListButton-06,06. ??????,https://www.youtube.com/watch?v=AAAAAAAAAAA,https://img.youtube.com/vi/AAAAAAAAAAA/maxresdefault.jpg,ClickedVideoListButton,PlayListButton-BV-VideoListButton-06,Section-D1a5-VideoList-BV,06. ??????,BV.06.,BV.06.,BV.06.,BV.06.,BV.06.,BV.06.,BV.06.,BV.06.,BV.06.,BV.06.
Section-D1a5-VideoList-BV,PlayListButton-BV-VideoListButton-07,07. ??????,https://www.youtube.com/watch?v=AAAAAAAAAAA,https://img.youtube.com/vi/AAAAAAAAAAA/maxresdefault.jpg,ClickedVideoListButton,PlayListButton-BV-VideoListButton-07,Section-D1a5-VideoList-BV,07. ??????,BV.07.,BV.07.,BV.07.,BV.07.,BV.07.,BV.07.,BV.07.,BV.07.,BV.07.,BV.07.
Section-D1a5-VideoList-BV,PlayListButton-BV-VideoListButton-08,08. ??????,https://www.youtube.com/watch?v=AAAAAAAAAAA,https://img.youtube.com/vi/AAAAAAAAAAA/maxresdefault.jpg,ClickedVideoListButton,PlayListButton-BV-VideoListButton-08,Section-D1a5-VideoList-BV,08. ??????,BV.08.,BV.08.,BV.08.,BV.08.,BV.08.,BV.08.,BV.08.,BV.08.,BV.08.,BV.08.
Section-D1a5-VideoList-BV,PlayListButton-BV-VideoListButton-09,09. ??????,https://www.youtube.com/watch?v=AAAAAAAAAAA,https://img.youtube.com/vi/AAAAAAAAAAA/maxresdefault.jpg,ClickedVideoListButton,PlayListButton-BV-VideoListButton-09,Section-D1a5-VideoList-BV,09. ??????,BV.09.,BV.09.,BV.09.,BV.09.,BV.09.,BV.09.,BV.09.,BV.09.,BV.09.,BV.09.
Section-D1a5-VideoList-BV,PlayListButton-BV-VideoListButton-10,10. ??????,https://www.youtube.com/watch?v=AAAAAAAAAAA,https://img.youtube.com/vi/AAAAAAAAAAA/maxresdefault.jpg,ClickedVideoListButton,PlayListButton-BV-VideoListButton-10,Section-D1a5-VideoList-BV,10. ??????,BV.10.,BV.10.,BV.10.,BV.10.,BV.10.,BV.10.,BV.10.,BV.10.,BV.10.,BV.10.
Section-D1a5-VideoList-BV,PlayListButton-BV-VideoListButton-11,11. ??????,https://www.youtube.com/watch?v=AAAAAAAAAAA,https://img.youtube.com/vi/AAAAAAAAAAA/maxresdefault.jpg,ClickedVideoListButton,PlayListButton-BV-VideoListButton-11,Section-D1a5-VideoList-BV,11. ??????,BV.11.,BV.11.,BV.11.,BV.11.,BV.11.,BV.11.,BV.11.,BV.11.,BV.11.,BV.11.
Section-D1a5-VideoList-BV,PlayListButton-BV-VideoListButton-12,12. ??????,https://www.youtube.com/watch?v=AAAAAAAAAAA,https://img.youtube.com/vi/AAAAAAAAAAA/maxresdefault.jpg,ClickedVideoListButton,PlayListButton-BV-VideoListButton-12,Section-D1a5-VideoList-BV,12. ??????,BV.12.,BV.12.,BV.12.,BV.12.,BV.12.,BV.12.,BV.12.,BV.12.,BV.12.,BV.12.
Section-D1a5-VideoList-BV,PlayListButton-BV-VideoListButton-13,13. ??????,https://www.youtube.com/watch?v=AAAAAAAAAAA,https://img.youtube.com/vi/AAAAAAAAAAA/maxresdefault.jpg,ClickedVideoListButton,PlayListButton-BV-VideoListButton-13,Section-D1a5-VideoList-BV,13. ??????,BV.13.,BV.13.,BV.13.,BV.13.,BV.13.,BV.13.,BV.13.,BV.13.,BV.13.,BV.13.
Section-D1a5-VideoList-BV,PlayListButton-BV-VideoListButton-14,14. ??????,https://www.youtube.com/watch?v=AAAAAAAAAAA,https://img.youtube.com/vi/AAAAAAAAAAA/maxresdefault.jpg,ClickedVideoListButton,PlayListButton-BV-VideoListButton-14,Section-D1a5-VideoList-BV,14. ??????,BV.14.,BV.14.,BV.14.,BV.14.,BV.14.,BV.14.,BV.14.,BV.14.,BV.14.,BV.14.
Section-D1a5-VideoList-BV,PlayListButton-BV-VideoListButton-15,15. ??????,https://www.youtube.com/watch?v=AAAAAAAAAAA,https://img.youtube.com/vi/AAAAAAAAAAA/maxresdefault.jpg,ClickedVideoListButton,PlayListButton-BV-VideoListButton-15,Section-D1a5-VideoList-BV,15. ??????,BV.15.,BV.15.,BV.15.,BV.15.,BV.15.,BV.15.,BV.15.,BV.15.,BV.15.,BV.15.
Section-D1a5-VideoList-BV,PlayListButton-BV-VideoListButton-16,16. ??????,https://www.youtube.com/watch?v=AAAAAAAAAAA,https://img.youtube.com/vi/AAAAAAAAAAA/maxresdefault.jpg,ClickedVideoListButton,PlayListButton-BV-VideoListButton-16,Section-D1a5-VideoList-BV,16. ??????,BV.16.,BV.16.,BV.16.,BV.16.,BV.16.,BV.16.,BV.16.,BV.16.,BV.16.,BV.16.
Section-D1a5-VideoList-BV,PlayListButton-BV-VideoListButton-17,17. ??????,https://www.youtube.com/watch?v=AAAAAAAAAAA,https://img.youtube.com/vi/AAAAAAAAAAA/maxresdefault.jpg,ClickedVideoListButton,PlayListButton-BV-VideoListButton-17,Section-D1a5-VideoList-BV,17. ??????,BV.17.,BV.17.,BV.17.,BV.17.,BV.17.,BV.17.,BV.17.,BV.17.,BV.17.,BV.17.
Section-D1a5-VideoList-BV,PlayListButton-BV-VideoListButton-18,18. ??????,https://www.youtube.com/watch?v=AAAAAAAAAAA,https://img.youtube.com/vi/AAAAAAAAAAA/maxresdefault.jpg,ClickedVideoListButton,PlayListButton-BV-VideoListButton-18,Section-D1a5-VideoList-BV,18. ??????,BV.18.,BV.18.,BV.18.,BV.18.,BV.18.,BV.18.,BV.18.,BV.18.,BV.18.,BV.18.
Section-D1a5-VideoList-BV,PlayListButton-BV-VideoListButton-19,19. ??????,https://www.youtube.com/watch?v=AAAAAAAAAAA,https://img.youtube.com/vi/AAAAAAAAAAA/maxresdefault.jpg,ClickedVideoListButton,PlayListButton-BV-VideoListButton-19,Section-D1a5-VideoList-BV,19. ??????,BV.19.,BV.19.,BV.19.,BV.19.,BV.19.,BV.19.,BV.19.,BV.19.,BV.19.,BV.19.
Section-D1a5-VideoList-BV,PlayListButton-BV-VideoListButton-20,20. ??????,https://www.youtube.com/watch?v=AAAAAAAAAAA,https://img.youtube.com/vi/AAAAAAAAAAA/maxresdefault.jpg,ClickedVideoListButton,PlayListButton-BV-VideoListButton-20,Section-D1a5-VideoList-BV,20. ??????,BV.20.,BV.20.,BV.20.,BV.20.,BV.20.,BV.20.,BV.20.,BV.20.,BV.20.,BV.20.
Section-D1a5-VideoList-BW,PlayListButton-BW-VideoListButton-01,01. ??????,https://www.youtube.com/watch?v=AAAAAAAAAAA,https://img.youtube.com/vi/AAAAAAAAAAA/maxresdefault.jpg,ClickedVideoListButton,PlayListButton-BW-VideoListButton-01,Section-D1a5-VideoList-BW,01. ??????,BW.01.,BW.01.,BW.01.,BW.01.,BW.01.,BW.01.,BW.01.,BW.01.,BW.01.,BW.01.
Section-D1a5-VideoList-BW,PlayListButton-BW-VideoListButton-02,02. ??????,https://www.youtube.com/watch?v=AAAAAAAAAAA,https://img.youtube.com/vi/AAAAAAAAAAA/maxresdefault.jpg,ClickedVideoListButton,PlayListButton-BW-VideoListButton-02,Section-D1a5-VideoList-BW,02. ??????,BW.02.,BW.02.,BW.02.,BW.02.,BW.02.,BW.02.,BW.02.,BW.02.,BW.02.,BW.02.
Section-D1a5-VideoList-BW,PlayListButton-BW-VideoListButton-03,03. ??????,https://www.youtube.com/watch?v=AAAAAAAAAAA,https://img.youtube.com/vi/AAAAAAAAAAA/maxresdefault.jpg,ClickedVideoListButton,PlayListButton-BW-VideoListButton-03,Section-D1a5-VideoList-BW,03. ??????,BW.03.,BW.03.,BW.03.,BW.03.,BW.03.,BW.03.,BW.03.,BW.03.,BW.03.,BW.03.
Section-D1a5-VideoList-BW,PlayListButton-BW-VideoListButton-04,04. ??????,https://www.youtube.com/watch?v=AAAAAAAAAAA,https://img.youtube.com/vi/AAAAAAAAAAA/maxresdefault.jpg,ClickedVideoListButton,PlayListButton-BW-VideoListButton-04,Section-D1a5-VideoList-BW,04. ??????,BW.04.,BW.04.,BW.04.,BW.04.,BW.04.,BW.04.,BW.04.,BW.04.,BW.04.,BW.04.
Section-D1a5-VideoList-BW,PlayListButton-BW-VideoListButton-05,05. ??????,https://www.youtube.com/watch?v=AAAAAAAAAAA,https://img.youtube.com/vi/AAAAAAAAAAA/maxresdefault.jpg,ClickedVideoListButton,PlayListButton-BW-VideoListButton-05,Section-D1a5-VideoList-BW,05. ??????,BW.05.,BW.05.,BW.05.,BW.05.,BW.05.,BW.05.,BW.05.,BW.05.,BW.05.,BW.05.
Section-D1a5-VideoList-BW,PlayListButton-BW-VideoListButton-06,06. ??????,https://www.youtube.com/watch?v=AAAAAAAAAAA,https://img.youtube.com/vi/AAAAAAAAAAA/maxresdefault.jpg,ClickedVideoListButton,PlayListButton-BW-VideoListButton-06,Section-D1a5-VideoList-BW,06. ??????,BW.06.,BW.06.,BW.06.,BW.06.,BW.06.,BW.06.,BW.06.,BW.06.,BW.06.,BW.06.
Section-D1a5-VideoList-BW,PlayListButton-BW-VideoListButton-07,07. ??????,https://www.youtube.com/watch?v=AAAAAAAAAAA,https://img.youtube.com/vi/AAAAAAAAAAA/maxresdefault.jpg,ClickedVideoListButton,PlayListButton-BW-VideoListButton-07,Section-D1a5-VideoList-BW,07. ??????,BW.07.,BW.07.,BW.07.,BW.07.,BW.07.,BW.07.,BW.07.,BW.07.,BW.07.,BW.07.
Section-D1a5-VideoList-BW,PlayListButton-BW-VideoListButton-08,08. ??????,https://www.youtube.com/watch?v=AAAAAAAAAAA,https://img.youtube.com/vi/AAAAAAAAAAA/maxresdefault.jpg,ClickedVideoListButton,PlayListButton-BW-VideoListButton-08,Section-D1a5-VideoList-BW,08. ??????,BW.08.,BW.08.,BW.08.,BW.08.,BW.08.,BW.08.,BW.08.,BW.08.,BW.08.,BW.08.
Section-D1a5-VideoList-BW,PlayListButton-BW-VideoListButton-09,09. ??????,https://www.youtube.com/watch?v=AAAAAAAAAAA,https://img.youtube.com/vi/AAAAAAAAAAA/maxresdefault.jpg,ClickedVideoListButton,PlayListButton-BW-VideoListButton-09,Section-D1a5-VideoList-BW,09. ??????,BW.09.,BW.09.,BW.09.,BW.09.,BW.09.,BW.09.,BW.09.,BW.09.,BW.09.,BW.09.
Section-D1a5-VideoList-BW,PlayListButton-BW-VideoListButton-10,10. ??????,https://www.youtube.com/watch?v=AAAAAAAAAAA,https://img.youtube.com/vi/AAAAAAAAAAA/maxresdefault.jpg,ClickedVideoListButton,PlayListButton-BW-VideoListButton-10,Section-D1a5-VideoList-BW,10. ??????,BW.10.,BW.10.,BW.10.,BW.10.,BW.10.,BW.10.,BW.10.,BW.10.,BW.10.,BW.10.
Section-D1a5-VideoList-BW,PlayListButton-BW-VideoListButton-11,11. ??????,https://www.youtube.com/watch?v=AAAAAAAAAAA,https://img.youtube.com/vi/AAAAAAAAAAA/maxresdefault.jpg,ClickedVideoListButton,PlayListButton-BW-VideoListButton-11,Section-D1a5-VideoList-BW,11. ??????,BW.11.,BW.11.,BW.11.,BW.11.,BW.11.,BW.11.,BW.11.,BW.11.,BW.11.,BW.11.
Section-D1a5-VideoList-BW,PlayListButton-BW-VideoListButton-12,12. ??????,https://www.youtube.com/watch?v=AAAAAAAAAAA,https://img.youtube.com/vi/AAAAAAAAAAA/maxresdefault.jpg,ClickedVideoListButton,PlayListButton-BW-VideoListButton-12,Section-D1a5-VideoList-BW,12. ??????,BW.12.,BW.12.,BW.12.,BW.12.,BW.12.,BW.12.,BW.12.,BW.12.,BW.12.,BW.12.
Section-D1a5-VideoList-BW,PlayListButton-BW-VideoListButton-13,13. ??????,https://www.youtube.com/watch?v=AAAAAAAAAAA,https://img.youtube.com/vi/AAAAAAAAAAA/maxresdefault.jpg,ClickedVideoListButton,PlayListButton-BW-VideoListButton-13,Section-D1a5-VideoList-BW,13. ??????,BW.13.,BW.13.,BW.13.,BW.13.,BW.13.,BW.13.,BW.13.,BW.13.,BW.13.,BW.13.
Section-D1a5-VideoList-BW,PlayListButton-BW-VideoListButton-14,14. ??????,https://www.youtube.com/watch?v=AAAAAAAAAAA,https://img.youtube.com/vi/AAAAAAAAAAA/maxresdefault.jpg,ClickedVideoListButton,PlayListButton-BW-VideoListButton-14,Section-D1a5-VideoList-BW,14. ??????,BW.14.,BW.14.,BW.14.,BW.14.,BW.14.,BW.14.,BW.14.,BW.14.,BW.14.,BW.14.
Section-D1a5-VideoList-BW,PlayListButton-BW-VideoListButton-15,15. ??????,https://www.youtube.com/watch?v=AAAAAAAAAAA,https://img.youtube.com/vi/AAAAAAAAAAA/maxresdefault.jpg,ClickedVideoListButton,PlayListButton-BW-VideoListButton-15,Section-D1a5-VideoList-BW,15. ??????,BW.15.,BW.15.,BW.15.,BW.15.,BW.15.,BW.15.,BW.15.,BW.15.,BW.15.,BW.15.
Section-D1a5-VideoList-BW,PlayListButton-BW-VideoListButton-16,16. ??????,https://www.youtube.com/watch?v=AAAAAAAAAAA,https://img.youtube.com/vi/AAAAAAAAAAA/maxresdefault.jpg,ClickedVideoListButton,PlayListButton-BW-VideoListButton-16,Section-D1a5-VideoList-BW,16. ??????,BW.16.,BW.16.,BW.16.,BW.16.,BW.16.,BW.16.,BW.16.,BW.16.,BW.16.,BW.16.
Section-D1a5-VideoList-BW,PlayListButton-BW-VideoListButton-17,17. ??????,https://www.youtube.com/watch?v=AAAAAAAAAAA,https://img.youtube.com/vi/AAAAAAAAAAA/maxresdefault.jpg,ClickedVideoListButton,PlayListButton-BW-VideoListButton-17,Section-D1a5-VideoList-BW,17. ??????,BW.17.,BW.17.,BW.17.,BW.17.,BW.17.,BW.17.,BW.17.,BW.17.,BW.17.,BW.17.
Section-D1a5-VideoList-BW,PlayListButton-BW-VideoListButton-18,18. ??????,https://www.youtube.com/watch?v=AAAAAAAAAAA,https://img.youtube.com/vi/AAAAAAAAAAA/maxresdefault.jpg,ClickedVideoListButton,PlayListButton-BW-VideoListButton-18,Section-D1a5-VideoList-BW,18. ??????,BW.18.,BW.18.,BW.18.,BW.18.,BW.18.,BW.18.,BW.18.,BW.18.,BW.18.,BW.18.
Section-D1a5-VideoList-BW,PlayListButton-BW-VideoListButton-19,19. ??????,https://www.youtube.com/watch?v=AAAAAAAAAAA,https://img.youtube.com/vi/AAAAAAAAAAA/maxresdefault.jpg,ClickedVideoListButton,PlayListButton-BW-VideoListButton-19,Section-D1a5-VideoList-BW,19. ??????,BW.19.,BW.19.,BW.19.,BW.19.,BW.19.,BW.19.,BW.19.,BW.19.,BW.19.,BW.19.
Section-D1a5-VideoList-BW,PlayListButton-BW-VideoListButton-20,20. ??????,https://www.youtube.com/watch?v=AAAAAAAAAAA,https://img.youtube.com/vi/AAAAAAAAAAA/maxresdefault.jpg,ClickedVideoListButton,PlayListButton-BW-VideoListButton-20,Section-D1a5-VideoList-BW,20. ??????,BW.20.,BW.20.,BW.20.,BW.20.,BW.20.,BW.20.,BW.20.,BW.20.,BW.20.,BW.20.
Section-D1a5-VideoList-BX,PlayListButton-BX-VideoListButton-01,01. ??????,https://www.youtube.com/watch?v=AAAAAAAAAAA,https://img.youtube.com/vi/AAAAAAAAAAA/maxresdefault.jpg,ClickedVideoListButton,PlayListButton-BX-VideoListButton-01,Section-D1a5-VideoList-BX,01. ??????,BX.01.,BX.01.,BX.01.,BX.01.,BX.01.,BX.01.,BX.01.,BX.01.,BX.01.,BX.01.
Section-D1a5-VideoList-BX,PlayListButton-BX-VideoListButton-02,02. ??????,https://www.youtube.com/watch?v=AAAAAAAAAAA,https://img.youtube.com/vi/AAAAAAAAAAA/maxresdefault.jpg,ClickedVideoListButton,PlayListButton-BX-VideoListButton-02,Section-D1a5-VideoList-BX,02. ??????,BX.02.,BX.02.,BX.02.,BX.02.,BX.02.,BX.02.,BX.02.,BX.02.,BX.02.,BX.02.
Section-D1a5-VideoList-BX,PlayListButton-BX-VideoListButton-03,03. ??????,https://www.youtube.com/watch?v=AAAAAAAAAAA,https://img.youtube.com/vi/AAAAAAAAAAA/maxresdefault.jpg,ClickedVideoListButton,PlayListButton-BX-VideoListButton-03,Section-D1a5-VideoList-BX,03. ??????,BX.03.,BX.03.,BX.03.,BX.03.,BX.03.,BX.03.,BX.03.,BX.03.,BX.03.,BX.03.
Section-D1a5-VideoList-BX,PlayListButton-BX-VideoListButton-04,04. ??????,https://www.youtube.com/watch?v=AAAAAAAAAAA,https://img.youtube.com/vi/AAAAAAAAAAA/maxresdefault.jpg,ClickedVideoListButton,PlayListButton-BX-VideoListButton-04,Section-D1a5-VideoList-BX,04. ??????,BX.04.,BX.04.,BX.04.,BX.04.,BX.04.,BX.04.,BX.04.,BX.04.,BX.04.,BX.04.
Section-D1a5-VideoList-BX,PlayListButton-BX-VideoListButton-05,05. ??????,https://www.youtube.com/watch?v=AAAAAAAAAAA,https://img.youtube.com/vi/AAAAAAAAAAA/maxresdefault.jpg,ClickedVideoListButton,PlayListButton-BX-VideoListButton-05,Section-D1a5-VideoList-BX,05. ??????,BX.05.,BX.05.,BX.05.,BX.05.,BX.05.,BX.05.,BX.05.,BX.05.,BX.05.,BX.05.
Section-D1a5-VideoList-BX,PlayListButton-BX-VideoListButton-06,06. ??????,https://www.youtube.com/watch?v=AAAAAAAAAAA,https://img.youtube.com/vi/AAAAAAAAAAA/maxresdefault.jpg,ClickedVideoListButton,PlayListButton-BX-VideoListButton-06,Section-D1a5-VideoList-BX,06. ??????,BX.06.,BX.06.,BX.06.,BX.06.,BX.06.,BX.06.,BX.06.,BX.06.,BX.06.,BX.06.
Section-D1a5-VideoList-BX,PlayListButton-BX-VideoListButton-07,07. ??????,https://www.youtube.com/watch?v=AAAAAAAAAAA,https://img.youtube.com/vi/AAAAAAAAAAA/maxresdefault.jpg,ClickedVideoListButton,PlayListButton-BX-VideoListButton-07,Section-D1a5-VideoList-BX,07. ??????,BX.07.,BX.07.,BX.07.,BX.07.,BX.07.,BX.07.,BX.07.,BX.07.,BX.07.,BX.07.
Section-D1a5-VideoList-BX,PlayListButton-BX-VideoListButton-08,08. ??????,https://www.youtube.com/watch?v=AAAAAAAAAAA,https://img.youtube.com/vi/AAAAAAAAAAA/maxresdefault.jpg,ClickedVideoListButton,PlayListButton-BX-VideoListButton-08,Section-D1a5-VideoList-BX,08. ??????,BX.08.,BX.08.,BX.08.,BX.08.,BX.08.,BX.08.,BX.08.,BX.08.,BX.08.,BX.08.
Section-D1a5-VideoList-BX,PlayListButton-BX-VideoListButton-09,09. ??????,https://www.youtube.com/watch?v=AAAAAAAAAAA,https://img.youtube.com/vi/AAAAAAAAAAA/maxresdefault.jpg,ClickedVideoListButton,PlayListButton-BX-VideoListButton-09,Section-D1a5-VideoList-BX,09. ??????,BX.09.,BX.09.,BX.09.,BX.09.,BX.09.,BX.09.,BX.09.,BX.09.,BX.09.,BX.09.
Section-D1a5-VideoList-BX,PlayListButton-BX-VideoListButton-10,10. ??????,https://www.youtube.com/watch?v=AAAAAAAAAAA,https://img.youtube.com/vi/AAAAAAAAAAA/maxresdefault.jpg,ClickedVideoListButton,PlayListButton-BX-VideoListButton-10,Section-D1a5-VideoList-BX,10. ??????,BX.10.,BX.10.,BX.10.,BX.10.,BX.10.,BX.10.,BX.10.,BX.10.,BX.10.,BX.10.
Section-D1a5-VideoList-BX,PlayListButton-BX-VideoListButton-11,11. ??????,https://www.youtube.com/watch?v=AAAAAAAAAAA,https://img.youtube.com/vi/AAAAAAAAAAA/maxresdefault.jpg,ClickedVideoListButton,PlayListButton-BX-VideoListButton-11,Section-D1a5-VideoList-BX,11. ??????,BX.11.,BX.11.,BX.11.,BX.11.,BX.11.,BX.11.,BX.11.,BX.11.,BX.11.,BX.11.
Section-D1a5-VideoList-BX,PlayListButton-BX-VideoListButton-12,12. ??????,https://www.youtube.com/watch?v=AAAAAAAAAAA,https://img.youtube.com/vi/AAAAAAAAAAA/maxresdefault.jpg,ClickedVideoListButton,PlayListButton-BX-VideoListButton-12,Section-D1a5-VideoList-BX,12. ??????,BX.12.,BX.12.,BX.12.,BX.12.,BX.12.,BX.12.,BX.12.,BX.12.,BX.12.,BX.12.
Section-D1a5-VideoList-BX,PlayListButton-BX-VideoListButton-13,13. ??????,https://www.youtube.com/watch?v=AAAAAAAAAAA,https://img.youtube.com/vi/AAAAAAAAAAA/maxresdefault.jpg,ClickedVideoListButton,PlayListButton-BX-VideoListButton-13,Section-D1a5-VideoList-BX,13. ??????,BX.13.,BX.13.,BX.13.,BX.13.,BX.13.,BX.13.,BX.13.,BX.13.,BX.13.,BX.13.
Section-D1a5-VideoList-BX,PlayListButton-BX-VideoListButton-14,14. ??????,https://www.youtube.com/watch?v=AAAAAAAAAAA,https://img.youtube.com/vi/AAAAAAAAAAA/maxresdefault.jpg,ClickedVideoListButton,PlayListButton-BX-VideoListButton-14,Section-D1a5-VideoList-BX,14. ??????,BX.14.,BX.14.,BX.14.,BX.14.,BX.14.,BX.14.,BX.14.,BX.14.,BX.14.,BX.14.
Section-D1a5-VideoList-BX,PlayListButton-BX-VideoListButton-15,15. ??????,https://www.youtube.com/watch?v=AAAAAAAAAAA,https://img.youtube.com/vi/AAAAAAAAAAA/maxresdefault.jpg,ClickedVideoListButton,PlayListButton-BX-VideoListButton-15,Section-D1a5-VideoList-BX,15. ??????,BX.15.,BX.15.,BX.15.,BX.15.,BX.15.,BX.15.,BX.15.,BX.15.,BX.15.,BX.15.
Section-D1a5-VideoList-BX,PlayListButton-BX-VideoListButton-16,16. ??????,https://www.youtube.com/watch?v=AAAAAAAAAAA,https://img.youtube.com/vi/AAAAAAAAAAA/maxresdefault.jpg,ClickedVideoListButton,PlayListButton-BX-VideoListButton-16,Section-D1a5-VideoList-BX,16. ??????,BX.16.,BX.16.,BX.16.,BX.16.,BX.16.,BX.16.,BX.16.,BX.16.,BX.16.,BX.16.
Section-D1a5-VideoList-BX,PlayListButton-BX-VideoListButton-17,17. ??????,https://www.youtube.com/watch?v=AAAAAAAAAAA,https://img.youtube.com/vi/AAAAAAAAAAA/maxresdefault.jpg,ClickedVideoListButton,PlayListButton-BX-VideoListButton-17,Section-D1a5-VideoList-BX,17. ??????,BX.17.,BX.17.,BX.17.,BX.17.,BX.17.,BX.17.,BX.17.,BX.17.,BX.17.,BX.17.
Section-D1a5-VideoList-BX,PlayListButton-BX-VideoListButton-18,18. ??????,https://www.youtube.com/watch?v=AAAAAAAAAAA,https://img.youtube.com/vi/AAAAAAAAAAA/maxresdefault.jpg,ClickedVideoListButton,PlayListButton-BX-VideoListButton-18,Section-D1a5-VideoList-BX,18. ??????,BX.18.,BX.18.,BX.18.,BX.18.,BX.18.,BX.18.,BX.18.,BX.18.,BX.18.,BX.18.
Section-D1a5-VideoList-BX,PlayListButton-BX-VideoListButton-19,19. ??????,https://www.youtube.com/watch?v=AAAAAAAAAAA,https://img.youtube.com/vi/AAAAAAAAAAA/maxresdefault.jpg,ClickedVideoListButton,PlayListButton-BX-VideoListButton-19,Section-D1a5-VideoList-BX,19. ??????,BX.19.,BX.19.,BX.19.,BX.19.,BX.19.,BX.19.,BX.19.,BX.19.,BX.19.,BX.19.
Section-D1a5-VideoList-BX,PlayListButton-BX-VideoListButton-20,20. ??????,https://www.youtube.com/watch?v=AAAAAAAAAAA,https://img.youtube.com/vi/AAAAAAAAAAA/maxresdefault.jpg,ClickedVideoListButton,PlayListButton-BX-VideoListButton-20,Section-D1a5-VideoList-BX,20. ??????,BX.20.,BX.20.,BX.20.,BX.20.,BX.20.,BX.20.,BX.20.,BX.20.,BX.20.,BX.20.
Section-D1a5-VideoList-BY,PlayListButton-BY-VideoListButton-01,01. ??????,https://www.youtube.com/watch?v=AAAAAAAAAAA,https://img.youtube.com/vi/AAAAAAAAAAA/maxresdefault.jpg,ClickedVideoListButton,PlayListButton-BY-VideoListButton-01,Section-D1a5-VideoList-BY,01. ??????,BY.01.,BY.01.,BY.01.,BY.01.,BY.01.,BY.01.,BY.01.,BY.01.,BY.01.,BY.01.
Section-D1a5-VideoList-BY,PlayListButton-BY-VideoListButton-02,02. ??????,https://www.youtube.com/watch?v=AAAAAAAAAAA,https://img.youtube.com/vi/AAAAAAAAAAA/maxresdefault.jpg,ClickedVideoListButton,PlayListButton-BY-VideoListButton-02,Section-D1a5-VideoList-BY,02. ??????,BY.02.,BY.02.,BY.02.,BY.02.,BY.02.,BY.02.,BY.02.,BY.02.,BY.02.,BY.02.
Section-D1a5-VideoList-BY,PlayListButton-BY-VideoListButton-03,03. ??????,https://www.youtube.com/watch?v=AAAAAAAAAAA,https://img.youtube.com/vi/AAAAAAAAAAA/maxresdefault.jpg,ClickedVideoListButton,PlayListButton-BY-VideoListButton-03,Section-D1a5-VideoList-BY,03. ??????,BY.03.,BY.03.,BY.03.,BY.03.,BY.03.,BY.03.,BY.03.,BY.03.,BY.03.,BY.03.
Section-D1a5-VideoList-BY,PlayListButton-BY-VideoListButton-04,04. ??????,https://www.youtube.com/watch?v=AAAAAAAAAAA,https://img.youtube.com/vi/AAAAAAAAAAA/maxresdefault.jpg,ClickedVideoListButton,PlayListButton-BY-VideoListButton-04,Section-D1a5-VideoList-BY,04. ??????,BY.04.,BY.04.,BY.04.,BY.04.,BY.04.,BY.04.,BY.04.,BY.04.,BY.04.,BY.04.
Section-D1a5-VideoList-BY,PlayListButton-BY-VideoListButton-05,05. ??????,https://www.youtube.com/watch?v=AAAAAAAAAAA,https://img.youtube.com/vi/AAAAAAAAAAA/maxresdefault.jpg,ClickedVideoListButton,PlayListButton-BY-VideoListButton-05,Section-D1a5-VideoList-BY,05. ??????,BY.05.,BY.05.,BY.05.,BY.05.,BY.05.,BY.05.,BY.05.,BY.05.,BY.05.,BY.05.
Section-D1a5-VideoList-BY,PlayListButton-BY-VideoListButton-06,06. ??????,https://www.youtube.com/watch?v=AAAAAAAAAAA,https://img.youtube.com/vi/AAAAAAAAAAA/maxresdefault.jpg,ClickedVideoListButton,PlayListButton-BY-VideoListButton-06,Section-D1a5-VideoList-BY,06. ??????,BY.06.,BY.06.,BY.06.,BY.06.,BY.06.,BY.06.,BY.06.,BY.06.,BY.06.,BY.06.
Section-D1a5-VideoList-BY,PlayListButton-BY-VideoListButton-07,07. ??????,https://www.youtube.com/watch?v=AAAAAAAAAAA,https://img.youtube.com/vi/AAAAAAAAAAA/maxresdefault.jpg,ClickedVideoListButton,PlayListButton-BY-VideoListButton-07,Section-D1a5-VideoList-BY,07. ??????,BY.07.,BY.07.,BY.07.,BY.07.,BY.07.,BY.07.,BY.07.,BY.07.,BY.07.,BY.07.
Section-D1a5-VideoList-BY,PlayListButton-BY-VideoListButton-08,08. ??????,https://www.youtube.com/watch?v=AAAAAAAAAAA,https://img.youtube.com/vi/AAAAAAAAAAA/maxresdefault.jpg,ClickedVideoListButton,PlayListButton-BY-VideoListButton-08,Section-D1a5-VideoList-BY,08. ??????,BY.08.,BY.08.,BY.08.,BY.08.,BY.08.,BY.08.,BY.08.,BY.08.,BY.08.,BY.08.
Section-D1a5-VideoList-BY,PlayListButton-BY-VideoListButton-09,09. ??????,https://www.youtube.com/watch?v=AAAAAAAAAAA,https://img.youtube.com/vi/AAAAAAAAAAA/maxresdefault.jpg,ClickedVideoListButton,PlayListButton-BY-VideoListButton-09,Section-D1a5-VideoList-BY,09. ??????,BY.09.,BY.09.,BY.09.,BY.09.,BY.09.,BY.09.,BY.09.,BY.09.,BY.09.,BY.09.
Section-D1a5-VideoList-BY,PlayListButton-BY-VideoListButton-10,10. ??????,https://www.youtube.com/watch?v=AAAAAAAAAAA,https://img.youtube.com/vi/AAAAAAAAAAA/maxresdefault.jpg,ClickedVideoListButton,PlayListButton-BY-VideoListButton-10,Section-D1a5-VideoList-BY,10. ??????,BY.10.,BY.10.,BY.10.,BY.10.,BY.10.,BY.10.,BY.10.,BY.10.,BY.10.,BY.10.
Section-D1a5-VideoList-BY,PlayListButton-BY-VideoListButton-11,11. ??????,https://www.youtube.com/watch?v=AAAAAAAAAAA,https://img.youtube.com/vi/AAAAAAAAAAA/maxresdefault.jpg,ClickedVideoListButton,PlayListButton-BY-VideoListButton-11,Section-D1a5-VideoList-BY,11. ??????,BY.11.,BY.11.,BY.11.,BY.11.,BY.11.,BY.11.,BY.11.,BY.11.,BY.11.,BY.11.
Section-D1a5-VideoList-BY,PlayListButton-BY-VideoListButton-12,12. ??????,https://www.youtube.com/watch?v=AAAAAAAAAAA,https://img.youtube.com/vi/AAAAAAAAAAA/maxresdefault.jpg,ClickedVideoListButton,PlayListButton-BY-VideoListButton-12,Section-D1a5-VideoList-BY,12. ??????,BY.12.,BY.12.,BY.12.,BY.12.,BY.12.,BY.12.,BY.12.,BY.12.,BY.12.,BY.12.
Section-D1a5-VideoList-BY,PlayListButton-BY-VideoListButton-13,13. ??????,https://www.youtube.com/watch?v=AAAAAAAAAAA,https://img.youtube.com/vi/AAAAAAAAAAA/maxresdefault.jpg,ClickedVideoListButton,PlayListButton-BY-VideoListButton-13,Section-D1a5-VideoList-BY,13. ??????,BY.13.,BY.13.,BY.13.,BY.13.,BY.13.,BY.13.,BY.13.,BY.13.,BY.13.,BY.13.
Section-D1a5-VideoList-BY,PlayListButton-BY-VideoListButton-14,14. ??????,https://www.youtube.com/watch?v=AAAAAAAAAAA,https://img.youtube.com/vi/AAAAAAAAAAA/maxresdefault.jpg,ClickedVideoListButton,PlayListButton-BY-VideoListButton-14,Section-D1a5-VideoList-BY,14. ??????,BY.14.,BY.14.,BY.14.,BY.14.,BY.14.,BY.14.,BY.14.,BY.14.,BY.14.,BY.14.
Section-D1a5-VideoList-BY,PlayListButton-BY-VideoListButton-15,15. ??????,https://www.youtube.com/watch?v=AAAAAAAAAAA,https://img.youtube.com/vi/AAAAAAAAAAA/maxresdefault.jpg,ClickedVideoListButton,PlayListButton-BY-VideoListButton-15,Section-D1a5-VideoList-BY,15. ??????,BY.15.,BY.15.,BY.15.,BY.15.,BY.15.,BY.15.,BY.15.,BY.15.,BY.15.,BY.15.
Section-D1a5-VideoList-BY,PlayListButton-BY-VideoListButton-16,16. ??????,https://www.youtube.com/watch?v=AAAAAAAAAAA,https://img.youtube.com/vi/AAAAAAAAAAA/maxresdefault.jpg,ClickedVideoListButton,PlayListButton-BY-VideoListButton-16,Section-D1a5-VideoList-BY,16. ??????,BY.16.,BY.16.,BY.16.,BY.16.,BY.16.,BY.16.,BY.16.,BY.16.,BY.16.,BY.16.
Section-D1a5-VideoList-BY,PlayListButton-BY-VideoListButton-17,17. ??????,https://www.youtube.com/watch?v=AAAAAAAAAAA,https://img.youtube.com/vi/AAAAAAAAAAA/maxresdefault.jpg,ClickedVideoListButton,PlayListButton-BY-VideoListButton-17,Section-D1a5-VideoList-BY,17. ??????,BY.17.,BY.17.,BY.17.,BY.17.,BY.17.,BY.17.,BY.17.,BY.17.,BY.17.,BY.17.
Section-D1a5-VideoList-BY,PlayListButton-BY-VideoListButton-18,18. ??????,https://www.youtube.com/watch?v=AAAAAAAAAAA,https://img.youtube.com/vi/AAAAAAAAAAA/maxresdefault.jpg,ClickedVideoListButton,PlayListButton-BY-VideoListButton-18,Section-D1a5-VideoList-BY,18. ??????,BY.18.,BY.18.,BY.18.,BY.18.,BY.18.,BY.18.,BY.18.,BY.18.,BY.18.,BY.18.
Section-D1a5-VideoList-BY,PlayListButton-BY-VideoListButton-19,19. ??????,https://www.youtube.com/watch?v=AAAAAAAAAAA,https://img.youtube.com/vi/AAAAAAAAAAA/maxresdefault.jpg,ClickedVideoListButton,PlayListButton-BY-VideoListButton-19,Section-D1a5-VideoList-BY,19. ??????,BY.19.,BY.19.,BY.19.,BY.19.,BY.19.,BY.19.,BY.19.,BY.19.,BY.19.,BY.19.
Section-D1a5-VideoList-BY,PlayListButton-BY-VideoListButton-20,20. ??????,https://www.youtube.com/watch?v=AAAAAAAAAAA,https://img.youtube.com/vi/AAAAAAAAAAA/maxresdefault.jpg,ClickedVideoListButton,PlayListButton-BY-VideoListButton-20,Section-D1a5-VideoList-BY,20. ??????,BY.20.,BY.20.,BY.20.,BY.20.,BY.20.,BY.20.,BY.20.,BY.20.,BY.20.,BY.20.
Section-D1a5-VideoList-BZ,PlayListButton-BZ-VideoListButton-01,01. Barcelona Gospel Messengers - Can´t Get Enough of Your Love... (Barry White),https://www.youtube.com/watch?v=C6f4sAtnfuQ,https://img.youtube.com/vi/C6f4sAtnfuQ/maxresdefault.jpg,ClickedVideoListButton,PlayListButton-BZ-VideoListButton-01,Section-D1a5-VideoList-BZ,01. ??????,BZ.01.,BZ.01.,BZ.01.,BZ.01.,BZ.01.,BZ.01.,BZ.01.,BZ.01.,BZ.01.,BZ.01.
Section-D1a5-VideoList-BZ,PlayListButton-BZ-VideoListButton-02,02. Paris Select - Levitating (Dua Lipa remix cover),https://www.youtube.com/watch?v=IMK43T8sBRc,https://img.youtube.com/vi/IMK43T8sBRc/maxresdefault.jpg,ClickedVideoListButton,PlayListButton-BZ-VideoListButton-02,Section-D1a5-VideoList-BZ,02. ??????,BZ.02.,BZ.02.,BZ.02.,BZ.02.,BZ.02.,BZ.02.,BZ.02.,BZ.02.,BZ.02.,BZ.02.
Section-D1a5-VideoList-BZ,PlayListButton-BZ-VideoListButton-03,03. Paris Select - Off the Wall (Michael Jackson remix cover),https://www.youtube.com/watch?v=nwnG2EK9Sk4,https://img.youtube.com/vi/nwnG2EK9Sk4/maxresdefault.jpg,ClickedVideoListButton,PlayListButton-BZ-VideoListButton-03,Section-D1a5-VideoList-BZ,03. ??????,BZ.03.,BZ.03.,BZ.03.,BZ.03.,BZ.03.,BZ.03.,BZ.03.,BZ.03.,BZ.03.,BZ.03.
Section-D1a5-VideoList-BZ,PlayListButton-BZ-VideoListButton-04,04. Paris Select - Saturday Night Fever (Bee Gees remix cover),https://www.youtube.com/watch?v=4Fq4aFnavYY,https://img.youtube.com/vi/4Fq4aFnavYY/maxresdefault.jpg,ClickedVideoListButton,PlayListButton-BZ-VideoListButton-04,Section-D1a5-VideoList-BZ,04. ??????,BZ.04.,BZ.04.,BZ.04.,BZ.04.,BZ.04.,BZ.04.,BZ.04.,BZ.04.,BZ.04.,BZ.04.
Section-D1a5-VideoList-BZ,PlayListButton-BZ-VideoListButton-05,05. Paris Select - Dancing Queen (Abba remix cover),https://www.youtube.com/watch?v=woWJSvHW1zY,https://img.youtube.com/vi/woWJSvHW1zY/maxresdefault.jpg,ClickedVideoListButton,PlayListButton-BZ-VideoListButton-05,Section-D1a5-VideoList-BZ,05. ??????,BZ.05.,BZ.05.,BZ.05.,BZ.05.,BZ.05.,BZ.05.,BZ.05.,BZ.05.,BZ.05.,BZ.05.
Section-D1a5-VideoList-BZ,PlayListButton-BZ-VideoListButton-06,06. Paris Select - About Damn Time (Lizzo remix cover),https://www.youtube.com/watch?v=AbS_WdT-n-o,https://img.youtube.com/vi/AbS_WdT-n-o/maxresdefault.jpg,ClickedVideoListButton,PlayListButton-BZ-VideoListButton-06,Section-D1a5-VideoList-BZ,06. ??????,BZ.06.,BZ.06.,BZ.06.,BZ.06.,BZ.06.,BZ.06.,BZ.06.,BZ.06.,BZ.06.,BZ.06.
Section-D1a5-VideoList-BZ,PlayListButton-BZ-VideoListButton-07,"07. Paris Select - Fantasy (Earth, Wind & Fire remix cover)",https://www.youtube.com/watch?v=jWZekVPM-wg,https://img.youtube.com/vi/jWZekVPM-wg/maxresdefault.jpg,ClickedVideoListButton,PlayListButton-BZ-VideoListButton-07,Section-D1a5-VideoList-BZ,07. ??????,BZ.07.,BZ.07.,BZ.07.,BZ.07.,BZ.07.,BZ.07.,BZ.07.,BZ.07.,BZ.07.,BZ.07.
Section-D1a5-VideoList-BZ,PlayListButton-BZ-VideoListButton-08,08. Paris Select - Stayin' Alive (Bee Gees remix cover),https://www.youtube.com/watch?v=1zikZE87xd0,https://img.youtube.com/vi/1zikZE87xd0/maxresdefault.jpg,ClickedVideoListButton,PlayListButton-BZ-VideoListButton-08,Section-D1a5-VideoList-BZ,08. ??????,BZ.08.,BZ.08.,BZ.08.,BZ.08.,BZ.08.,BZ.08.,BZ.08.,BZ.08.,BZ.08.,BZ.08.
Section-D1a5-VideoList-BZ,PlayListButton-BZ-VideoListButton-09,09. Paris Select - Medley (Calvin Harris remix cover),https://www.youtube.com/watch?v=qOtbd3u5C9Y,https://img.youtube.com/vi/qOtbd3u5C9Y/maxresdefault.jpg,ClickedVideoListButton,PlayListButton-BZ-VideoListButton-09,Section-D1a5-VideoList-BZ,09. ??????,BZ.09.,BZ.09.,BZ.09.,BZ.09.,BZ.09.,BZ.09.,BZ.09.,BZ.09.,BZ.09.,BZ.09.
Section-D1a5-VideoList-BZ,PlayListButton-BZ-VideoListButton-10,10. Paris Select - Lovely Day (Bill Withers remix cover),https://www.youtube.com/watch?v=CZdxvfrX3RY,https://img.youtube.com/vi/CZdxvfrX3RY/maxresdefault.jpg,ClickedVideoListButton,PlayListButton-BZ-VideoListButton-10,Section-D1a5-VideoList-BZ,10. ??????,BZ.10.,BZ.10.,BZ.10.,BZ.10.,BZ.10.,BZ.10.,BZ.10.,BZ.10.,BZ.10.,BZ.10.
Section-D1a5-VideoList-BZ,PlayListButton-BZ-VideoListButton-11,11. Paris Select - Señorita (Shawn Mendes & Camila Cabello remix cover),https://www.youtube.com/watch?v=AT3wIsH3RpA,https://img.youtube.com/vi/AT3wIsH3RpA/maxresdefault.jpg,ClickedVideoListButton,PlayListButton-BZ-VideoListButton-11,Section-D1a5-VideoList-BZ,11. ??????,BZ.11.,BZ.11.,BZ.11.,BZ.11.,BZ.11.,BZ.11.,BZ.11.,BZ.11.,BZ.11.,BZ.11.
Section-D1a5-VideoList-BZ,PlayListButton-BZ-VideoListButton-12,"12. Leonid & Friends - Boogie Wonderland (Earth, Wind & Fire remix cover)",https://www.youtube.com/watch?v=iQCpWw9dNRk,https://img.youtube.com/vi/iQCpWw9dNRk/maxresdefault.jpg,ClickedVideoListButton,PlayListButton-BZ-VideoListButton-12,Section-D1a5-VideoList-BZ,12. ??????,BZ.12.,BZ.12.,BZ.12.,BZ.12.,BZ.12.,BZ.12.,BZ.12.,BZ.12.,BZ.12.,BZ.12.
Section-D1a5-VideoList-BZ,PlayListButton-BZ-VideoListButton-13,13. Leonid & Friends - Ain’t Nobody (Chaka Khan and Rufus remix cover),https://www.youtube.com/watch?v=jko3HdUOLhc,https://img.youtube.com/vi/jko3HdUOLhc/maxresdefault.jpg,ClickedVideoListButton,PlayListButton-BZ-VideoListButton-13,Section-D1a5-VideoList-BZ,13. ??????,BZ.13.,BZ.13.,BZ.13.,BZ.13.,BZ.13.,BZ.13.,BZ.13.,BZ.13.,BZ.13.,BZ.13.
Section-D1a5-VideoList-BZ,PlayListButton-BZ-VideoListButton-14,14. Dathan Thigpen choir - Human Nature (Michael Jackson remix cover),https://www.youtube.com/watch?v=Tg3xDcp8E6s,https://img.youtube.com/vi/Tg3xDcp8E6s/maxresdefault.jpg,ClickedVideoListButton,PlayListButton-BZ-VideoListButton-14,Section-D1a5-VideoList-BZ,14. ??????,BZ.14.,BZ.14.,BZ.14.,BZ.14.,BZ.14.,BZ.14.,BZ.14.,BZ.14.,BZ.14.,BZ.14.
Section-D1a5-VideoList-BZ,PlayListButton-BZ-VideoListButton-15,15. David Perrico Pop Strings Orch... - Year of the Cat (Al Stewart remix cover),https://www.youtube.com/watch?v=83Yx6yDYwZ4,https://img.youtube.com/vi/83Yx6yDYwZ4/maxresdefault.jpg,ClickedVideoListButton,PlayListButton-BZ-VideoListButton-15,Section-D1a5-VideoList-BZ,15. ??????,BZ.15.,BZ.15.,BZ.15.,BZ.15.,BZ.15.,BZ.15.,BZ.15.,BZ.15.,BZ.15.,BZ.15.
Section-D1a5-VideoList-BZ,PlayListButton-BZ-VideoListButton-16,16. Miami Co. - Hot Stuff (Donna Summer remix cover),https://www.youtube.com/watch?v=n5U-_CFfRDA,https://img.youtube.com/vi/n5U-_CFfRDA/maxresdefault.jpg,ClickedVideoListButton,PlayListButton-BZ-VideoListButton-16,Section-D1a5-VideoList-BZ,16. ??????,BZ.16.,BZ.16.,BZ.16.,BZ.16.,BZ.16.,BZ.16.,BZ.16.,BZ.16.,BZ.16.,BZ.16.
Section-D1a5-VideoList-BZ,PlayListButton-BZ-VideoListButton-17,17. Dua Lipa - Levitating (Dj Smooth remix),https://www.youtube.com/watch?v=6y9sLeB3fsk,https://img.youtube.com/vi/6y9sLeB3fsk/maxresdefault.jpg,ClickedVideoListButton,PlayListButton-BZ-VideoListButton-17,Section-D1a5-VideoList-BZ,17. ??????,BZ.17.,BZ.17.,BZ.17.,BZ.17.,BZ.17.,BZ.17.,BZ.17.,BZ.17.,BZ.17.,BZ.17.
Section-D1a5-VideoList-BZ,PlayListButton-BZ-VideoListButton-18,18. Dua Lipa - Houdini (Dj Smooth remix),https://www.youtube.com/watch?v=GZW9jsYl3uY,https://img.youtube.com/vi/GZW9jsYl3uY/maxresdefault.jpg,ClickedVideoListButton,PlayListButton-BZ-VideoListButton-18,Section-D1a5-VideoList-BZ,18. ??????,BZ.18.,BZ.18.,BZ.18.,BZ.18.,BZ.18.,BZ.18.,BZ.18.,BZ.18.,BZ.18.,BZ.18.
Section-D1a5-VideoList-BZ,PlayListButton-BZ-VideoListButton-19,19. Dua Lipa - Don't Start Now (The Tonight Show Starring Jimmy Fallon),https://www.youtube.com/watch?v=JlkPChcoHOg,https://img.youtube.com/vi/JlkPChcoHOg/maxresdefault.jpg,ClickedVideoListButton,PlayListButton-BZ-VideoListButton-19,Section-D1a5-VideoList-BZ,19. ??????,BZ.19.,BZ.19.,BZ.19.,BZ.19.,BZ.19.,BZ.19.,BZ.19.,BZ.19.,BZ.19.,BZ.19.
Section-D1a5-VideoList-BZ,PlayListButton-BZ-VideoListButton-20,20. Capital Cities - Safe & Sound (Live at Perez Hilton's SXSW Party),https://www.youtube.com/watch?v=hDs5XXTMnNg,https://img.youtube.com/vi/hDs5XXTMnNg/maxresdefault.jpg,ClickedVideoListButton,PlayListButton-BZ-VideoListButton-20,Section-D1a5-VideoList-BZ,20. ??????,BZ.20.,BZ.20.,BZ.20.,BZ.20.,BZ.20.,BZ.20.,BZ.20.,BZ.20.,BZ.20.,BZ.20.
Section-D1a5-VideoList-BZ,PlayListButton-BZ-VideoListButton-21,21. Capital Cities - Kangaroo Court (Live at Live Nation Labs SXSW),https://www.youtube.com/watch?v=5Ssh5uTcXeE,https://img.youtube.com/vi/5Ssh5uTcXeE/maxresdefault.jpg,ClickedVideoListButton,PlayListButton-BZ-VideoListButton-21,Section-D1a5-VideoList-BZ,21. ??????,BZ.21.,BZ.21.,BZ.21.,BZ.21.,BZ.21.,BZ.21.,BZ.21.,BZ.21.,BZ.21.,BZ.21.
Section-D1a5-VideoList-BZ,PlayListButton-BZ-VideoListButton-22,22. Chan Chan - Playing For Change (Song Around The World),https://www.youtube.com/watch?v=WAjRmHODjyQ,https://img.youtube.com/vi/WAjRmHODjyQ/maxresdefault.jpg,ClickedVideoListButton,PlayListButton-BZ-VideoListButton-22,Section-D1a5-VideoList-BZ,22. ??????,BZ.22.,BZ.22.,BZ.22.,BZ.22.,BZ.22.,BZ.22.,BZ.22.,BZ.22.,BZ.22.,BZ.22.
Section-D1a5-VideoList-BZ,PlayListButton-BZ-VideoListButton-23,23. Red Hot Chili Peppers - The Adventures of Rain Dance Maggie (Venice Beach),https://www.youtube.com/watch?v=RtBbinpK5XI,https://img.youtube.com/vi/RtBbinpK5XI/maxresdefault.jpg,ClickedVideoListButton,PlayListButton-BZ-VideoListButton-23,Section-D1a5-VideoList-BZ,23. ??????,BZ.23.,BZ.23.,BZ.23.,BZ.23.,BZ.23.,BZ.23.,BZ.23.,BZ.23.,BZ.23.,BZ.23.
Section-D1a5-VideoList-BZ,PlayListButton-BZ-VideoListButton-24,24. Coldplay - Adventure Of A Lifetime (Live at Global Citizen Festival Hamburg),https://www.youtube.com/watch?v=1D4YKwlhwFo,https://img.youtube.com/vi/1D4YKwlhwFo/maxresdefault.jpg,ClickedVideoListButton,PlayListButton-BZ-VideoListButton-24,Section-D1a5-VideoList-BZ,24. ??????,BZ.24.,BZ.24.,BZ.24.,BZ.24.,BZ.24.,BZ.24.,BZ.24.,BZ.24.,BZ.24.,BZ.24.
Section-D1a5-VideoList-BZ,PlayListButton-BZ-VideoListButton-25,25. Chris Martins - A Different Corner (Tribute to George Michael...),https://www.youtube.com/watch?v=CmQRGZl_AXE,https://img.youtube.com/vi/CmQRGZl_AXE/maxresdefault.jpg,ClickedVideoListButton,PlayListButton-BZ-VideoListButton-25,Section-D1a5-VideoList-BZ,25. ??????,BZ.25.,BZ.25.,BZ.25.,BZ.25.,BZ.25.,BZ.25.,BZ.25.,BZ.25.,BZ.25.,BZ.25.
Section-D1a5-VideoList-BZ,PlayListButton-BZ-VideoListButton-26,26. Le Flex - Meet Me On The Dancefloor (Choreography by Tevyn Cole),https://www.youtube.com/watch?v=hrI-0c3bNFY,https://img.youtube.com/vi/hrI-0c3bNFY/maxresdefault.jpg,ClickedVideoListButton,PlayListButton-BZ-VideoListButton-26,Section-D1a5-VideoList-BZ,26. ??????,BZ.26.,BZ.26.,BZ.26.,BZ.26.,BZ.26.,BZ.26.,BZ.26.,BZ.26.,BZ.26.,BZ.26.
Section-D1a5-VideoList-BZ,PlayListButton-BZ-VideoListButton-27,"27. Kraak & Smaak - Naked (Live at TivoliVredenburg, Utrecht, The Netherlands)",https://www.youtube.com/watch?v=QmpLAArrjEI,https://img.youtube.com/vi/QmpLAArrjEI/maxresdefault.jpg,ClickedVideoListButton,PlayListButton-BZ-VideoListButton-27,Section-D1a5-VideoList-BZ,27. ??????,BZ.27.,BZ.27.,BZ.27.,BZ.27.,BZ.27.,BZ.27.,BZ.27.,BZ.27.,BZ.27.,BZ.27.
Section-D1a5-VideoList-BZ,PlayListButton-BZ-VideoListButton-28,"28. Chris Standring - Oliver's Twist (feat, Venice Beach Roller Skaters)",https://www.youtube.com/watch?v=zSRxvfR-_nE,https://img.youtube.com/vi/zSRxvfR-_nE/maxresdefault.jpg,ClickedVideoListButton,PlayListButton-BZ-VideoListButton-28,Section-D1a5-VideoList-BZ,28. ??????,BZ.28.,BZ.28.,BZ.28.,BZ.28.,BZ.28.,BZ.28.,BZ.28.,BZ.28.,BZ.28.,BZ.28.
Section-D1a5-VideoList-BZ,PlayListButton-BZ-VideoListButton-29,29. Marie Flore - Mal Barré (Live),https://www.youtube.com/watch?v=jCc96pcQ75A,https://img.youtube.com/vi/jCc96pcQ75A/maxresdefault.jpg,ClickedVideoListButton,PlayListButton-BZ-VideoListButton-29,Section-D1a5-VideoList-BZ,29. ??????,BZ.29.,BZ.29.,BZ.29.,BZ.29.,BZ.29.,BZ.29.,BZ.29.,BZ.29.,BZ.29.,BZ.29.
Section-D1a5-VideoList-BZ,PlayListButton-BZ-VideoListButton-30,30. Tears For Fears - Everybody Wants To Rule The World,https://www.youtube.com/watch?v=NZ-o1N2swMw,https://img.youtube.com/vi/NZ-o1N2swMw/maxresdefault.jpg,ClickedVideoListButton,PlayListButton-BZ-VideoListButton-30,Section-D1a5-VideoList-BZ,30. ??????,BZ.30.,BZ.30.,BZ.30.,BZ.30.,BZ.30.,BZ.30.,BZ.30.,BZ.30.,BZ.30.,BZ.30.
Section-D1a5-VideoList-BZ,PlayListButton-BZ-VideoListButton-31,31. Peter Gabriel - Solsbury Hill (Live),https://www.youtube.com/watch?v=WeYqJxlSv-Y,https://img.youtube.com/vi/WeYqJxlSv-Y/maxresdefault.jpg,ClickedVideoListButton,PlayListButton-BZ-VideoListButton-31,Section-D1a5-VideoList-BZ,31. ??????,BZ.31.,BZ.31.,BZ.31.,BZ.31.,BZ.31.,BZ.31.,BZ.31.,BZ.31.,BZ.31.,BZ.31.
Section-D1a5-VideoList-BZ,PlayListButton-BZ-VideoListButton-32,32. Fatboy Slim - Weapon Of Choice (feat. Bootsy Collins & Christopher Walken),https://www.youtube.com/watch?v=wCDIYvFmgW8,https://img.youtube.com/vi/wCDIYvFmgW8/maxresdefault.jpg,ClickedVideoListButton,PlayListButton-BZ-VideoListButton-32,Section-D1a5-VideoList-BZ,32. ??????,BZ.32.,BZ.32.,BZ.32.,BZ.32.,BZ.32.,BZ.32.,BZ.32.,BZ.32.,BZ.32.,BZ.32.
Section-D1a5-VideoList-BZ,PlayListButton-BZ-VideoListButton-33,33. Richard Goodall - Don't Stop Believin' (America's Got Talent),https://www.youtube.com/watch?v=cffU0jSYJd8,https://img.youtube.com/vi/cffU0jSYJd8/maxresdefault.jpg,ClickedVideoListButton,PlayListButton-BZ-VideoListButton-33,Section-D1a5-VideoList-BZ,33. ??????,BZ.33.,BZ.33.,BZ.33.,BZ.33.,BZ.33.,BZ.33.,BZ.33.,BZ.33.,BZ.33.,BZ.33.
Section-D1a5-VideoList-BZ,PlayListButton-BZ-VideoListButton-34,34. Master KG - Jerusalema (Jerusalema (Feat. Burna Boy & Nomcebo Zikode),https://www.youtube.com/watch?v=9-RhCvYpxqc,https://img.youtube.com/vi/9-RhCvYpxqc/maxresdefault.jpg,ClickedVideoListButton,PlayListButton-BZ-VideoListButton-34,Section-D1a5-VideoList-BZ,34. ??????,BZ.34.,BZ.34.,BZ.34.,BZ.34.,BZ.34.,BZ.34.,BZ.34.,BZ.34.,BZ.34.,BZ.34.
Section-D1a5-VideoList-BZ,PlayListButton-BZ-VideoListButton-35,35. Master KG - Jerusalema (Jerusalema (Feat. Burna Boy & Nomcebo Zikode),https://www.youtube.com/watch?v=mdFudLPyqng,https://img.youtube.com/vi/mdFudLPyqng/maxresdefault.jpg,ClickedVideoListButton,PlayListButton-BZ-VideoListButton-35,Section-D1a5-VideoList-BZ,35. ??????,BZ.35.,BZ.35.,BZ.35.,BZ.35.,BZ.35.,BZ.35.,BZ.35.,BZ.35.,BZ.35.,BZ.35.
Section-D1a5-VideoList-BZ,PlayListButton-BZ-VideoListButton-36,36. Master KG - Jerusalema (Jerusalema (Feat. Burna Boy & Nomcebo Zikode),https://www.youtube.com/watch?v=9_tXHwe6o3A,https://img.youtube.com/vi/9_tXHwe6o3A/maxresdefault.jpg,ClickedVideoListButton,PlayListButton-BZ-VideoListButton-36,Section-D1a5-VideoList-BZ,36. ??????,BZ.36.,BZ.36.,BZ.36.,BZ.36.,BZ.36.,BZ.36.,BZ.36.,BZ.36.,BZ.36.,BZ.36.
Section-D1a5-VideoList-BZ,PlayListButton-BZ-VideoListButton-37,37. Master KG - Jerusalema (Jerusalema (Feat. Burna Boy & Nomcebo Zikode),https://www.youtube.com/watch?v=kE5IryxWD1c,https://img.youtube.com/vi/kE5IryxWD1c/maxresdefault.jpg,ClickedVideoListButton,PlayListButton-BZ-VideoListButton-37,Section-D1a5-VideoList-BZ,37. ??????,BZ.37.,BZ.37.,BZ.37.,BZ.37.,BZ.37.,BZ.37.,BZ.37.,BZ.37.,BZ.37.,BZ.37.
Section-D1a5-VideoList-BZ,PlayListButton-BZ-VideoListButton-38,38. Kraak & Smaak - I Think (08:18) & Stumble (46:09) (feat. Ivar & Berenice),https://www.youtube.com/watch?v=X6mtBbHVGLA,https://img.youtube.com/vi/X6mtBbHVGLA/maxresdefault.jpg,ClickedVideoListButton,PlayListButton-BZ-VideoListButton-38,Section-D1a5-VideoList-BZ,38. ??????,BZ.38.,BZ.38.,BZ.38.,BZ.38.,BZ.38.,BZ.38.,BZ.38.,BZ.38.,BZ.38.,BZ.38.
Section-D1a5-VideoList-BZ,PlayListButton-BZ-VideoListButton-39,39. Polo & Pan - Canopée (59:30),https://www.youtube.com/watch?v=CsGauHXioos,https://img.youtube.com/vi/CsGauHXioos/maxresdefault.jpg,ClickedVideoListButton,PlayListButton-BZ-VideoListButton-39,Section-D1a5-VideoList-BZ,39. ??????,BZ.39.,BZ.39.,BZ.39.,BZ.39.,BZ.39.,BZ.39.,BZ.39.,BZ.39.,BZ.39.,BZ.39.
Section-D1a5-VideoList-BZ,PlayListButton-BZ-VideoListButton-40,40. Paris Select - Africa (Toto remix cover),https://www.youtube.com/watch?v=Bpgpmk9J6BI,https://img.youtube.com/vi/Bpgpmk9J6BI/maxresdefault.jpg,ClickedVideoListButton,PlayListButton-BZ-VideoListButton-40,Section-D1a5-VideoList-BZ,40. ??????,BZ.40.,BZ.40.,BZ.40.,BZ.40.,BZ.40.,BZ.40.,BZ.40.,BZ.40.,BZ.40.,BZ.40.
Section-D1a5-VideoList-BZ,PlayListButton-BZ-VideoListButton-41,41. Pub Choir - Africa (Toto remix cover),https://www.youtube.com/watch?v=kTmRhPsJo5M,https://img.youtube.com/vi/kTmRhPsJo5M/maxresdefault.jpg,ClickedVideoListButton,PlayListButton-BZ-VideoListButton-41,Section-D1a5-VideoList-BZ,41. ??????,BZ.41.,BZ.41.,BZ.41.,BZ.41.,BZ.41.,BZ.41.,BZ.41.,BZ.41.,BZ.41.,BZ.41.
Section-D1a5-VideoList-BZ,PlayListButton-BZ-VideoListButton-42,42. Angel City Chorale - Africa (Toto remix cover),https://www.youtube.com/watch?v=-c9-poC5HGw,https://img.youtube.com/vi/-c9-poC5HGw/maxresdefault.jpg,ClickedVideoListButton,PlayListButton-BZ-VideoListButton-42,Section-D1a5-VideoList-BZ,42. ??????,BZ.42.,BZ.42.,BZ.42.,BZ.42.,BZ.42.,BZ.42.,BZ.42.,BZ.42.,BZ.42.,BZ.42.
Section-D1a5-VideoList-BZ,PlayListButton-BZ-VideoListButton-43,43. SYNTHONY - Children (Robert Miles remix cover),https://www.youtube.com/watch?v=RpySgCQpm5M,https://img.youtube.com/vi/RpySgCQpm5M/maxresdefault.jpg,ClickedVideoListButton,PlayListButton-BZ-VideoListButton-43,Section-D1a5-VideoList-BZ,43. ??????,BZ.43.,BZ.43.,BZ.43.,BZ.43.,BZ.43.,BZ.43.,BZ.43.,BZ.43.,BZ.43.,BZ.43.
Section-D1a5-VideoList-BZ,PlayListButton-BZ-VideoListButton-44,"44. The Danish National Sym.. - The Good, the Bad and the Ugly (Ennio Morricone)",https://www.youtube.com/watch?v=enuOArEfqGo,https://img.youtube.com/vi/enuOArEfqGo/maxresdefault.jpg,ClickedVideoListButton,PlayListButton-BZ-VideoListButton-44,Section-D1a5-VideoList-BZ,44. ??????,BZ.44.,BZ.44.,BZ.44.,BZ.44.,BZ.44.,BZ.44.,BZ.44.,BZ.44.,BZ.44.,BZ.44.
Section-D1a5-VideoList-ZZ,PlayListButton-ZZ-VideoListButton-01,01. ??????,https://www.youtube.com/watch?v=AAAAAAAAAAA,https://img.youtube.com/vi/AAAAAAAAAAA/maxresdefault.jpg,ClickedVideoListButton,PlayListButton-ZZ-VideoListButton-01,Section-D1a5-VideoList-ZZ,01. ??????,ZZ.01.,ZZ.01.,ZZ.01.,ZZ.01.,ZZ.01.,ZZ.01.,ZZ.01.,ZZ.01.,ZZ.01.,ZZ.01.
Section-D1a5-VideoList-ZZ,PlayListButton-ZZ-VideoListButton-02,02. ??????,https://www.youtube.com/watch?v=AAAAAAAAAAA,https://img.youtube.com/vi/AAAAAAAAAAA/maxresdefault.jpg,ClickedVideoListButton,PlayListButton-ZZ-VideoListButton-02,Section-D1a5-VideoList-ZZ,02. ??????,ZZ.02.,ZZ.02.,ZZ.02.,ZZ.02.,ZZ.02.,ZZ.02.,ZZ.02.,ZZ.02.,ZZ.02.,ZZ.02.
Section-D1a5-VideoList-ZZ,PlayListButton-ZZ-VideoListButton-03,03. ??????,https://www.youtube.com/watch?v=AAAAAAAAAAA,https://img.youtube.com/vi/AAAAAAAAAAA/maxresdefault.jpg,ClickedVideoListButton,PlayListButton-ZZ-VideoListButton-03,Section-D1a5-VideoList-ZZ,03. ??????,ZZ.03.,ZZ.03.,ZZ.03.,ZZ.03.,ZZ.03.,ZZ.03.,ZZ.03.,ZZ.03.,ZZ.03.,ZZ.03.
Section-D1a5-VideoList-ZZ,PlayListButton-ZZ-VideoListButton-04,04. ??????,https://www.youtube.com/watch?v=AAAAAAAAAAA,https://img.youtube.com/vi/AAAAAAAAAAA/maxresdefault.jpg,ClickedVideoListButton,PlayListButton-ZZ-VideoListButton-04,Section-D1a5-VideoList-ZZ,04. ??????,ZZ.04.,ZZ.04.,ZZ.04.,ZZ.04.,ZZ.04.,ZZ.04.,ZZ.04.,ZZ.04.,ZZ.04.,ZZ.04.
Section-D1a5-VideoList-ZZ,PlayListButton-ZZ-VideoListButton-05,05. ??????,https://www.youtube.com/watch?v=AAAAAAAAAAA,https://img.youtube.com/vi/AAAAAAAAAAA/maxresdefault.jpg,ClickedVideoListButton,PlayListButton-ZZ-VideoListButton-05,Section-D1a5-VideoList-ZZ,05. ??????,ZZ.05.,ZZ.05.,ZZ.05.,ZZ.05.,ZZ.05.,ZZ.05.,ZZ.05.,ZZ.05.,ZZ.05.,ZZ.05.
Section-D1a5-VideoList-ZZ,PlayListButton-ZZ-VideoListButton-06,06. ??????,https://www.youtube.com/watch?v=AAAAAAAAAAA,https://img.youtube.com/vi/AAAAAAAAAAA/maxresdefault.jpg,ClickedVideoListButton,PlayListButton-ZZ-VideoListButton-06,Section-D1a5-VideoList-ZZ,06. ??????,ZZ.06.,ZZ.06.,ZZ.06.,ZZ.06.,ZZ.06.,ZZ.06.,ZZ.06.,ZZ.06.,ZZ.06.,ZZ.06.
Section-D1a5-VideoList-ZZ,PlayListButton-ZZ-VideoListButton-07,07. ??????,https://www.youtube.com/watch?v=AAAAAAAAAAA,https://img.youtube.com/vi/AAAAAAAAAAA/maxresdefault.jpg,ClickedVideoListButton,PlayListButton-ZZ-VideoListButton-07,Section-D1a5-VideoList-ZZ,07. ??????,ZZ.07.,ZZ.07.,ZZ.07.,ZZ.07.,ZZ.07.,ZZ.07.,ZZ.07.,ZZ.07.,ZZ.07.,ZZ.07.
Section-D1a5-VideoList-ZZ,PlayListButton-ZZ-VideoListButton-08,08. ??????,https://www.youtube.com/watch?v=AAAAAAAAAAA,https://img.youtube.com/vi/AAAAAAAAAAA/maxresdefault.jpg,ClickedVideoListButton,PlayListButton-ZZ-VideoListButton-08,Section-D1a5-VideoList-ZZ,08. ??????,ZZ.08.,ZZ.08.,ZZ.08.,ZZ.08.,ZZ.08.,ZZ.08.,ZZ.08.,ZZ.08.,ZZ.08.,ZZ.08.
Section-D1a5-VideoList-ZZ,PlayListButton-ZZ-VideoListButton-09,09. ??????,https://www.youtube.com/watch?v=AAAAAAAAAAA,https://img.youtube.com/vi/AAAAAAAAAAA/maxresdefault.jpg,ClickedVideoListButton,PlayListButton-ZZ-VideoListButton-09,Section-D1a5-VideoList-ZZ,09. ??????,ZZ.09.,ZZ.09.,ZZ.09.,ZZ.09.,ZZ.09.,ZZ.09.,ZZ.09.,ZZ.09.,ZZ.09.,ZZ.09.
Section-D1a5-VideoList-ZZ,PlayListButton-ZZ-VideoListButton-10,10. ??????,https://www.youtube.com/watch?v=AAAAAAAAAAA,https://img.youtube.com/vi/AAAAAAAAAAA/maxresdefault.jpg,ClickedVideoListButton,PlayListButton-ZZ-VideoListButton-10,Section-D1a5-VideoList-ZZ,10. ??????,ZZ.10.,ZZ.10.,ZZ.10.,ZZ.10.,ZZ.10.,ZZ.10.,ZZ.10.,ZZ.10.,ZZ.10.,ZZ.10.
Section-D1a5-VideoList-ZZ,PlayListButton-ZZ-VideoListButton-11,11. ??????,https://www.youtube.com/watch?v=AAAAAAAAAAA,https://img.youtube.com/vi/AAAAAAAAAAA/maxresdefault.jpg,ClickedVideoListButton,PlayListButton-ZZ-VideoListButton-11,Section-D1a5-VideoList-ZZ,11. ??????,ZZ.11.,ZZ.11.,ZZ.11.,ZZ.11.,ZZ.11.,ZZ.11.,ZZ.11.,ZZ.11.,ZZ.11.,ZZ.11.
Section-D1a5-VideoList-ZZ,PlayListButton-ZZ-VideoListButton-12,12. ??????,https://www.youtube.com/watch?v=AAAAAAAAAAA,https://img.youtube.com/vi/AAAAAAAAAAA/maxresdefault.jpg,ClickedVideoListButton,PlayListButton-ZZ-VideoListButton-12,Section-D1a5-VideoList-ZZ,12. ??????,ZZ.12.,ZZ.12.,ZZ.12.,ZZ.12.,ZZ.12.,ZZ.12.,ZZ.12.,ZZ.12.,ZZ.12.,ZZ.12.
Section-D1a5-VideoList-ZZ,PlayListButton-ZZ-VideoListButton-13,13. ??????,https://www.youtube.com/watch?v=AAAAAAAAAAA,https://img.youtube.com/vi/AAAAAAAAAAA/maxresdefault.jpg,ClickedVideoListButton,PlayListButton-ZZ-VideoListButton-13,Section-D1a5-VideoList-ZZ,13. ??????,ZZ.13.,ZZ.13.,ZZ.13.,ZZ.13.,ZZ.13.,ZZ.13.,ZZ.13.,ZZ.13.,ZZ.13.,ZZ.13.
Section-D1a5-VideoList-ZZ,PlayListButton-ZZ-VideoListButton-14,14. ??????,https://www.youtube.com/watch?v=AAAAAAAAAAA,https://img.youtube.com/vi/AAAAAAAAAAA/maxresdefault.jpg,ClickedVideoListButton,PlayListButton-ZZ-VideoListButton-14,Section-D1a5-VideoList-ZZ,14. ??????,ZZ.14.,ZZ.14.,ZZ.14.,ZZ.14.,ZZ.14.,ZZ.14.,ZZ.14.,ZZ.14.,ZZ.14.,ZZ.14.
Section-D1a5-VideoList-ZZ,PlayListButton-ZZ-VideoListButton-15,15. ??????,https://www.youtube.com/watch?v=AAAAAAAAAAA,https://img.youtube.com/vi/AAAAAAAAAAA/maxresdefault.jpg,ClickedVideoListButton,PlayListButton-ZZ-VideoListButton-15,Section-D1a5-VideoList-ZZ,15. ??????,ZZ.15.,ZZ.15.,ZZ.15.,ZZ.15.,ZZ.15.,ZZ.15.,ZZ.15.,ZZ.15.,ZZ.15.,ZZ.15.
Section-D1a5-VideoList-ZZ,PlayListButton-ZZ-VideoListButton-16,16. ??????,https://www.youtube.com/watch?v=AAAAAAAAAAA,https://img.youtube.com/vi/AAAAAAAAAAA/maxresdefault.jpg,ClickedVideoListButton,PlayListButton-ZZ-VideoListButton-16,Section-D1a5-VideoList-ZZ,16. ??????,ZZ.16.,ZZ.16.,ZZ.16.,ZZ.16.,ZZ.16.,ZZ.16.,ZZ.16.,ZZ.16.,ZZ.16.,ZZ.16.
Section-D1a5-VideoList-ZZ,PlayListButton-ZZ-VideoListButton-17,17. ??????,https://www.youtube.com/watch?v=AAAAAAAAAAA,https://img.youtube.com/vi/AAAAAAAAAAA/maxresdefault.jpg,ClickedVideoListButton,PlayListButton-ZZ-VideoListButton-17,Section-D1a5-VideoList-ZZ,17. ??????,ZZ.17.,ZZ.17.,ZZ.17.,ZZ.17.,ZZ.17.,ZZ.17.,ZZ.17.,ZZ.17.,ZZ.17.,ZZ.17.
Section-D1a5-VideoList-ZZ,PlayListButton-ZZ-VideoListButton-18,18. ??????,https://www.youtube.com/watch?v=AAAAAAAAAAA,https://img.youtube.com/vi/AAAAAAAAAAA/maxresdefault.jpg,ClickedVideoListButton,PlayListButton-ZZ-VideoListButton-18,Section-D1a5-VideoList-ZZ,18. ??????,ZZ.18.,ZZ.18.,ZZ.18.,ZZ.18.,ZZ.18.,ZZ.18.,ZZ.18.,ZZ.18.,ZZ.18.,ZZ.18.
Section-D1a5-VideoList-ZZ,PlayListButton-ZZ-VideoListButton-19,19. ??????,https://www.youtube.com/watch?v=AAAAAAAAAAA,https://img.youtube.com/vi/AAAAAAAAAAA/maxresdefault.jpg,ClickedVideoListButton,PlayListButton-ZZ-VideoListButton-19,Section-D1a5-VideoList-ZZ,19. ??????,ZZ.19.,ZZ.19.,ZZ.19.,ZZ.19.,ZZ.19.,ZZ.19.,ZZ.19.,ZZ.19.,ZZ.19.,ZZ.19.
Section-D1a5-VideoList-ZZ,PlayListButton-ZZ-VideoListButton-20,20. ??????,https://www.youtube.com/watch?v=AAAAAAAAAAA,https://img.youtube.com/vi/AAAAAAAAAAA/maxresdefault.jpg,ClickedVideoListButton,PlayListButton-ZZ-VideoListButton-20,Section-D1a5-VideoList-ZZ,20. ??????,ZZ.20.,ZZ.20.,ZZ.20.,ZZ.20.,ZZ.20.,ZZ.20.,ZZ.20.,ZZ.20.,ZZ.20.,ZZ.20.